type,slide_id,candidate_id,component_id,review_category,difficulty_type,source_path,dest_path,notes
hard_negative,normal_001,,1,fibrosis_stroma_benign,hard_negative,E:\camelyon16_project\data\review\iter4_fp_components\normal_001\component_01\normal_001_c01_p01_prob1.000_x41984_y108288.png,E:\camelyon16_project\data\patches_iter5\train\normal\iter5_hn_normal_001_c01_normal_001_c01_p01_prob1.000_x41984_y108288.png,
hard_negative,normal_001,,1,fibrosis_stroma_benign,hard_negative,E:\camelyon16_project\data\review\iter4_fp_components\normal_001\component_01\normal_001_c01_p02_prob1.000_x41984_y108416.png,E:\camelyon16_project\data\patches_iter5\train\normal\iter5_hn_normal_001_c01_normal_001_c01_p02_prob1.000_x41984_y108416.png,
hard_negative,normal_001,,1,fibrosis_stroma_benign,hard_negative,E:\camelyon16_project\data\review\iter4_fp_components\normal_001\component_01\normal_001_c01_p03_prob1.000_x42624_y108288.png,E:\camelyon16_project\data\patches_iter5\train\normal\iter5_hn_normal_001_c01_normal_001_c01_p03_prob1.000_x42624_y108288.png,
hard_negative,normal_001,,1,fibrosis_stroma_benign,hard_negative,E:\camelyon16_project\data\review\iter4_fp_components\normal_001\component_01\normal_001_c01_p04_prob1.000_x42112_y108416.png,E:\camelyon16_project\data\patches_iter5\train\normal\iter5_hn_normal_001_c01_normal_001_c01_p04_prob1.000_x42112_y108416.png,
hard_negative,normal_001,,1,fibrosis_stroma_benign,hard_negative,E:\camelyon16_project\data\review\iter4_fp_components\normal_001\component_01\normal_001_c01_p05_prob1.000_x42880_y108544.png,E:\camelyon16_project\data\patches_iter5\train\normal\iter5_hn_normal_001_c01_normal_001_c01_p05_prob1.000_x42880_y108544.png,
hard_negative,normal_001,,1,fibrosis_stroma_benign,hard_negative,E:\camelyon16_project\data\review\iter4_fp_components\normal_001\component_01\normal_001_c01_p06_prob1.000_x41856_y108160.png,E:\camelyon16_project\data\patches_iter5\train\normal\iter5_hn_normal_001_c01_normal_001_c01_p06_prob1.000_x41856_y108160.png,
hard_negative,normal_001,,1,fibrosis_stroma_benign,hard_negative,E:\camelyon16_project\data\review\iter4_fp_components\normal_001\component_01\normal_001_c01_p07_prob1.000_x41984_y108672.png,E:\camelyon16_project\data\patches_iter5\train\normal\iter5_hn_normal_001_c01_normal_001_c01_p07_prob1.000_x41984_y108672.png,
hard_negative,normal_001,,1,fibrosis_stroma_benign,hard_negative,E:\camelyon16_project\data\review\iter4_fp_components\normal_001\component_01\normal_001_c01_p08_prob0.999_x41856_y108416.png,E:\camelyon16_project\data\patches_iter5\train\normal\iter5_hn_normal_001_c01_normal_001_c01_p08_prob0.999_x41856_y108416.png,
hard_negative,normal_001,,1,fibrosis_stroma_benign,hard_negative,E:\camelyon16_project\data\review\iter4_fp_components\normal_001\component_01\normal_001_c01_p09_prob0.999_x42112_y108672.png,E:\camelyon16_project\data\patches_iter5\train\normal\iter5_hn_normal_001_c01_normal_001_c01_p09_prob0.999_x42112_y108672.png,
hard_negative,normal_001,,1,fibrosis_stroma_benign,hard_negative,E:\camelyon16_project\data\review\iter4_fp_components\normal_001\component_01\normal_001_c01_p10_prob0.999_x41856_y108544.png,E:\camelyon16_project\data\patches_iter5\train\normal\iter5_hn_normal_001_c01_normal_001_c01_p10_prob0.999_x41856_y108544.png,
hard_negative,normal_001,,1,fibrosis_stroma_benign,hard_negative,E:\camelyon16_project\data\review\iter4_fp_components\normal_001\component_01\normal_001_c01_p11_prob0.999_x42624_y108160.png,E:\camelyon16_project\data\patches_iter5\train\normal\iter5_hn_normal_001_c01_normal_001_c01_p11_prob0.999_x42624_y108160.png,
hard_negative,normal_001,,1,fibrosis_stroma_benign,hard_negative,E:\camelyon16_project\data\review\iter4_fp_components\normal_001\component_01\normal_001_c01_p12_prob0.999_x41984_y108160.png,E:\camelyon16_project\data\patches_iter5\train\normal\iter5_hn_normal_001_c01_normal_001_c01_p12_prob0.999_x41984_y108160.png,
hard_negative,normal_001,,1,fibrosis_stroma_benign,hard_negative,E:\camelyon16_project\data\review\iter4_fp_components\normal_001\component_01\normal_001_c01_p13_prob0.999_x41728_y108160.png,E:\camelyon16_project\data\patches_iter5\train\normal\iter5_hn_normal_001_c01_normal_001_c01_p13_prob0.999_x41728_y108160.png,
hard_negative,normal_001,,1,fibrosis_stroma_benign,hard_negative,E:\camelyon16_project\data\review\iter4_fp_components\normal_001\component_01\normal_001_c01_p14_prob0.998_x41984_y108544.png,E:\camelyon16_project\data\patches_iter5\train\normal\iter5_hn_normal_001_c01_normal_001_c01_p14_prob0.998_x41984_y108544.png,
hard_negative,normal_001,,1,fibrosis_stroma_benign,hard_negative,E:\camelyon16_project\data\review\iter4_fp_components\normal_001\component_01\normal_001_c01_p15_prob0.998_x42752_y108288.png,E:\camelyon16_project\data\patches_iter5\train\normal\iter5_hn_normal_001_c01_normal_001_c01_p15_prob0.998_x42752_y108288.png,
hard_negative,normal_001,,1,fibrosis_stroma_benign,hard_negative,E:\camelyon16_project\data\review\iter4_fp_components\normal_001\component_01\normal_001_c01_p16_prob0.998_x43392_y108416.png,E:\camelyon16_project\data\patches_iter5\train\normal\iter5_hn_normal_001_c01_normal_001_c01_p16_prob0.998_x43392_y108416.png,
hard_negative,normal_002,,1,fibrosis_stroma_benign,hard_negative,E:\camelyon16_project\data\review\iter4_fp_components\normal_002\component_01\normal_002_c01_p01_prob1.000_x23808_y121472.png,E:\camelyon16_project\data\patches_iter5\train\normal\iter5_hn_normal_002_c01_normal_002_c01_p01_prob1.000_x23808_y121472.png,
hard_negative,normal_002,,1,fibrosis_stroma_benign,hard_negative,E:\camelyon16_project\data\review\iter4_fp_components\normal_002\component_01\normal_002_c01_p02_prob1.000_x23552_y121600.png,E:\camelyon16_project\data\patches_iter5\train\normal\iter5_hn_normal_002_c01_normal_002_c01_p02_prob1.000_x23552_y121600.png,
hard_negative,normal_002,,1,fibrosis_stroma_benign,hard_negative,E:\camelyon16_project\data\review\iter4_fp_components\normal_002\component_01\normal_002_c01_p03_prob1.000_x23808_y120960.png,E:\camelyon16_project\data\patches_iter5\train\normal\iter5_hn_normal_002_c01_normal_002_c01_p03_prob1.000_x23808_y120960.png,
hard_negative,normal_002,,1,fibrosis_stroma_benign,hard_negative,E:\camelyon16_project\data\review\iter4_fp_components\normal_002\component_01\normal_002_c01_p04_prob1.000_x23936_y120960.png,E:\camelyon16_project\data\patches_iter5\train\normal\iter5_hn_normal_002_c01_normal_002_c01_p04_prob1.000_x23936_y120960.png,
hard_negative,normal_002,,1,fibrosis_stroma_benign,hard_negative,E:\camelyon16_project\data\review\iter4_fp_components\normal_002\component_01\normal_002_c01_p05_prob1.000_x23936_y121088.png,E:\camelyon16_project\data\patches_iter5\train\normal\iter5_hn_normal_002_c01_normal_002_c01_p05_prob1.000_x23936_y121088.png,
hard_negative,normal_002,,1,fibrosis_stroma_benign,hard_negative,E:\camelyon16_project\data\review\iter4_fp_components\normal_002\component_01\normal_002_c01_p06_prob0.999_x23424_y121472.png,E:\camelyon16_project\data\patches_iter5\train\normal\iter5_hn_normal_002_c01_normal_002_c01_p06_prob0.999_x23424_y121472.png,
hard_negative,normal_002,,1,fibrosis_stroma_benign,hard_negative,E:\camelyon16_project\data\review\iter4_fp_components\normal_002\component_01\normal_002_c01_p07_prob0.999_x23680_y121472.png,E:\camelyon16_project\data\patches_iter5\train\normal\iter5_hn_normal_002_c01_normal_002_c01_p07_prob0.999_x23680_y121472.png,
hard_negative,normal_002,,1,fibrosis_stroma_benign,hard_negative,E:\camelyon16_project\data\review\iter4_fp_components\normal_002\component_01\normal_002_c01_p08_prob0.999_x24064_y122112.png,E:\camelyon16_project\data\patches_iter5\train\normal\iter5_hn_normal_002_c01_normal_002_c01_p08_prob0.999_x24064_y122112.png,
hard_negative,normal_002,,1,fibrosis_stroma_benign,hard_negative,E:\camelyon16_project\data\review\iter4_fp_components\normal_002\component_01\normal_002_c01_p09_prob0.999_x23808_y121600.png,E:\camelyon16_project\data\patches_iter5\train\normal\iter5_hn_normal_002_c01_normal_002_c01_p09_prob0.999_x23808_y121600.png,
hard_negative,normal_002,,1,fibrosis_stroma_benign,hard_negative,E:\camelyon16_project\data\review\iter4_fp_components\normal_002\component_01\normal_002_c01_p10_prob0.999_x23808_y121088.png,E:\camelyon16_project\data\patches_iter5\train\normal\iter5_hn_normal_002_c01_normal_002_c01_p10_prob0.999_x23808_y121088.png,
hard_negative,normal_002,,1,fibrosis_stroma_benign,hard_negative,E:\camelyon16_project\data\review\iter4_fp_components\normal_002\component_01\normal_002_c01_p11_prob0.999_x23936_y122112.png,E:\camelyon16_project\data\patches_iter5\train\normal\iter5_hn_normal_002_c01_normal_002_c01_p11_prob0.999_x23936_y122112.png,
hard_negative,normal_002,,1,fibrosis_stroma_benign,hard_negative,E:\camelyon16_project\data\review\iter4_fp_components\normal_002\component_01\normal_002_c01_p12_prob0.997_x23424_y121600.png,E:\camelyon16_project\data\patches_iter5\train\normal\iter5_hn_normal_002_c01_normal_002_c01_p12_prob0.997_x23424_y121600.png,
hard_negative,normal_002,,1,fibrosis_stroma_benign,hard_negative,E:\camelyon16_project\data\review\iter4_fp_components\normal_002\component_01\normal_002_c01_p13_prob0.997_x23808_y121344.png,E:\camelyon16_project\data\patches_iter5\train\normal\iter5_hn_normal_002_c01_normal_002_c01_p13_prob0.997_x23808_y121344.png,
hard_negative,normal_002,,1,fibrosis_stroma_benign,hard_negative,E:\camelyon16_project\data\review\iter4_fp_components\normal_002\component_01\normal_002_c01_p14_prob0.997_x24064_y121984.png,E:\camelyon16_project\data\patches_iter5\train\normal\iter5_hn_normal_002_c01_normal_002_c01_p14_prob0.997_x24064_y121984.png,
hard_negative,normal_002,,1,fibrosis_stroma_benign,hard_negative,E:\camelyon16_project\data\review\iter4_fp_components\normal_002\component_01\normal_002_c01_p15_prob0.996_x23296_y121600.png,E:\camelyon16_project\data\patches_iter5\train\normal\iter5_hn_normal_002_c01_normal_002_c01_p15_prob0.996_x23296_y121600.png,
hard_negative,normal_002,,1,fibrosis_stroma_benign,hard_negative,E:\camelyon16_project\data\review\iter4_fp_components\normal_002\component_01\normal_002_c01_p16_prob0.996_x23936_y120704.png,E:\camelyon16_project\data\patches_iter5\train\normal\iter5_hn_normal_002_c01_normal_002_c01_p16_prob0.996_x23936_y120704.png,
hard_negative,normal_002,,2,fibrosis_stroma_benign,hard_negative,E:\camelyon16_project\data\review\iter4_fp_components\normal_002\component_02\normal_002_c02_p01_prob1.000_x62336_y118272.png,E:\camelyon16_project\data\patches_iter5\train\normal\iter5_hn_normal_002_c02_normal_002_c02_p01_prob1.000_x62336_y118272.png,
hard_negative,normal_002,,2,fibrosis_stroma_benign,hard_negative,E:\camelyon16_project\data\review\iter4_fp_components\normal_002\component_02\normal_002_c02_p02_prob1.000_x61568_y118528.png,E:\camelyon16_project\data\patches_iter5\train\normal\iter5_hn_normal_002_c02_normal_002_c02_p02_prob1.000_x61568_y118528.png,
hard_negative,normal_002,,2,fibrosis_stroma_benign,hard_negative,E:\camelyon16_project\data\review\iter4_fp_components\normal_002\component_02\normal_002_c02_p03_prob0.999_x62336_y118784.png,E:\camelyon16_project\data\patches_iter5\train\normal\iter5_hn_normal_002_c02_normal_002_c02_p03_prob0.999_x62336_y118784.png,
hard_negative,normal_002,,2,fibrosis_stroma_benign,hard_negative,E:\camelyon16_project\data\review\iter4_fp_components\normal_002\component_02\normal_002_c02_p04_prob0.999_x62336_y118528.png,E:\camelyon16_project\data\patches_iter5\train\normal\iter5_hn_normal_002_c02_normal_002_c02_p04_prob0.999_x62336_y118528.png,
hard_negative,normal_002,,2,fibrosis_stroma_benign,hard_negative,E:\camelyon16_project\data\review\iter4_fp_components\normal_002\component_02\normal_002_c02_p05_prob0.997_x62464_y118784.png,E:\camelyon16_project\data\patches_iter5\train\normal\iter5_hn_normal_002_c02_normal_002_c02_p05_prob0.997_x62464_y118784.png,
hard_negative,normal_002,,2,fibrosis_stroma_benign,hard_negative,E:\camelyon16_project\data\review\iter4_fp_components\normal_002\component_02\normal_002_c02_p06_prob0.997_x61696_y118272.png,E:\camelyon16_project\data\patches_iter5\train\normal\iter5_hn_normal_002_c02_normal_002_c02_p06_prob0.997_x61696_y118272.png,
hard_negative,normal_002,,2,fibrosis_stroma_benign,hard_negative,E:\camelyon16_project\data\review\iter4_fp_components\normal_002\component_02\normal_002_c02_p07_prob0.996_x62592_y118528.png,E:\camelyon16_project\data\patches_iter5\train\normal\iter5_hn_normal_002_c02_normal_002_c02_p07_prob0.996_x62592_y118528.png,
hard_negative,normal_002,,2,fibrosis_stroma_benign,hard_negative,E:\camelyon16_project\data\review\iter4_fp_components\normal_002\component_02\normal_002_c02_p08_prob0.996_x62208_y118400.png,E:\camelyon16_project\data\patches_iter5\train\normal\iter5_hn_normal_002_c02_normal_002_c02_p08_prob0.996_x62208_y118400.png,
hard_negative,normal_002,,2,fibrosis_stroma_benign,hard_negative,E:\camelyon16_project\data\review\iter4_fp_components\normal_002\component_02\normal_002_c02_p09_prob0.995_x61568_y118272.png,E:\camelyon16_project\data\patches_iter5\train\normal\iter5_hn_normal_002_c02_normal_002_c02_p09_prob0.995_x61568_y118272.png,
hard_negative,normal_002,,2,fibrosis_stroma_benign,hard_negative,E:\camelyon16_project\data\review\iter4_fp_components\normal_002\component_02\normal_002_c02_p10_prob0.995_x62592_y118400.png,E:\camelyon16_project\data\patches_iter5\train\normal\iter5_hn_normal_002_c02_normal_002_c02_p10_prob0.995_x62592_y118400.png,
hard_negative,normal_002,,2,fibrosis_stroma_benign,hard_negative,E:\camelyon16_project\data\review\iter4_fp_components\normal_002\component_02\normal_002_c02_p11_prob0.995_x62464_y118528.png,E:\camelyon16_project\data\patches_iter5\train\normal\iter5_hn_normal_002_c02_normal_002_c02_p11_prob0.995_x62464_y118528.png,
hard_negative,normal_002,,2,fibrosis_stroma_benign,hard_negative,E:\camelyon16_project\data\review\iter4_fp_components\normal_002\component_02\normal_002_c02_p12_prob0.994_x62336_y118656.png,E:\camelyon16_project\data\patches_iter5\train\normal\iter5_hn_normal_002_c02_normal_002_c02_p12_prob0.994_x62336_y118656.png,
hard_negative,normal_002,,2,fibrosis_stroma_benign,hard_negative,E:\camelyon16_project\data\review\iter4_fp_components\normal_002\component_02\normal_002_c02_p13_prob0.994_x62208_y118656.png,E:\camelyon16_project\data\patches_iter5\train\normal\iter5_hn_normal_002_c02_normal_002_c02_p13_prob0.994_x62208_y118656.png,
hard_negative,normal_002,,2,fibrosis_stroma_benign,hard_negative,E:\camelyon16_project\data\review\iter4_fp_components\normal_002\component_02\normal_002_c02_p14_prob0.993_x62720_y118144.png,E:\camelyon16_project\data\patches_iter5\train\normal\iter5_hn_normal_002_c02_normal_002_c02_p14_prob0.993_x62720_y118144.png,
hard_negative,normal_002,,2,fibrosis_stroma_benign,hard_negative,E:\camelyon16_project\data\review\iter4_fp_components\normal_002\component_02\normal_002_c02_p15_prob0.991_x62464_y118656.png,E:\camelyon16_project\data\patches_iter5\train\normal\iter5_hn_normal_002_c02_normal_002_c02_p15_prob0.991_x62464_y118656.png,
hard_negative,normal_002,,2,fibrosis_stroma_benign,hard_negative,E:\camelyon16_project\data\review\iter4_fp_components\normal_002\component_02\normal_002_c02_p16_prob0.987_x61952_y118656.png,E:\camelyon16_project\data\patches_iter5\train\normal\iter5_hn_normal_002_c02_normal_002_c02_p16_prob0.987_x61952_y118656.png,
hard_negative,normal_003,,1,fibrosis_stroma_benign,hard_negative,E:\camelyon16_project\data\review\iter4_fp_components\normal_003\component_01\normal_003_c01_p01_prob1.000_x52992_y104448.png,E:\camelyon16_project\data\patches_iter5\train\normal\iter5_hn_normal_003_c01_normal_003_c01_p01_prob1.000_x52992_y104448.png,
hard_negative,normal_003,,1,fibrosis_stroma_benign,hard_negative,E:\camelyon16_project\data\review\iter4_fp_components\normal_003\component_01\normal_003_c01_p02_prob1.000_x53120_y104576.png,E:\camelyon16_project\data\patches_iter5\train\normal\iter5_hn_normal_003_c01_normal_003_c01_p02_prob1.000_x53120_y104576.png,
hard_negative,normal_003,,1,fibrosis_stroma_benign,hard_negative,E:\camelyon16_project\data\review\iter4_fp_components\normal_003\component_01\normal_003_c01_p03_prob1.000_x52864_y104832.png,E:\camelyon16_project\data\patches_iter5\train\normal\iter5_hn_normal_003_c01_normal_003_c01_p03_prob1.000_x52864_y104832.png,
hard_negative,normal_003,,1,fibrosis_stroma_benign,hard_negative,E:\camelyon16_project\data\review\iter4_fp_components\normal_003\component_01\normal_003_c01_p04_prob1.000_x52992_y104576.png,E:\camelyon16_project\data\patches_iter5\train\normal\iter5_hn_normal_003_c01_normal_003_c01_p04_prob1.000_x52992_y104576.png,
hard_negative,normal_003,,1,fibrosis_stroma_benign,hard_negative,E:\camelyon16_project\data\review\iter4_fp_components\normal_003\component_01\normal_003_c01_p05_prob1.000_x52864_y104704.png,E:\camelyon16_project\data\patches_iter5\train\normal\iter5_hn_normal_003_c01_normal_003_c01_p05_prob1.000_x52864_y104704.png,
hard_negative,normal_003,,1,fibrosis_stroma_benign,hard_negative,E:\camelyon16_project\data\review\iter4_fp_components\normal_003\component_01\normal_003_c01_p06_prob1.000_x53888_y107008.png,E:\camelyon16_project\data\patches_iter5\train\normal\iter5_hn_normal_003_c01_normal_003_c01_p06_prob1.000_x53888_y107008.png,
hard_negative,normal_003,,1,fibrosis_stroma_benign,hard_negative,E:\camelyon16_project\data\review\iter4_fp_components\normal_003\component_01\normal_003_c01_p07_prob0.999_x53248_y105344.png,E:\camelyon16_project\data\patches_iter5\train\normal\iter5_hn_normal_003_c01_normal_003_c01_p07_prob0.999_x53248_y105344.png,
hard_negative,normal_003,,1,fibrosis_stroma_benign,hard_negative,E:\camelyon16_project\data\review\iter4_fp_components\normal_003\component_01\normal_003_c01_p08_prob0.999_x53120_y105344.png,E:\camelyon16_project\data\patches_iter5\train\normal\iter5_hn_normal_003_c01_normal_003_c01_p08_prob0.999_x53120_y105344.png,
hard_negative,normal_003,,1,fibrosis_stroma_benign,hard_negative,E:\camelyon16_project\data\review\iter4_fp_components\normal_003\component_01\normal_003_c01_p09_prob0.999_x53504_y106752.png,E:\camelyon16_project\data\patches_iter5\train\normal\iter5_hn_normal_003_c01_normal_003_c01_p09_prob0.999_x53504_y106752.png,
hard_negative,normal_003,,1,fibrosis_stroma_benign,hard_negative,E:\camelyon16_project\data\review\iter4_fp_components\normal_003\component_01\normal_003_c01_p10_prob0.999_x53504_y104576.png,E:\camelyon16_project\data\patches_iter5\train\normal\iter5_hn_normal_003_c01_normal_003_c01_p10_prob0.999_x53504_y104576.png,
hard_negative,normal_003,,1,fibrosis_stroma_benign,hard_negative,E:\camelyon16_project\data\review\iter4_fp_components\normal_003\component_01\normal_003_c01_p11_prob0.999_x52480_y104448.png,E:\camelyon16_project\data\patches_iter5\train\normal\iter5_hn_normal_003_c01_normal_003_c01_p11_prob0.999_x52480_y104448.png,
hard_negative,normal_003,,1,fibrosis_stroma_benign,hard_negative,E:\camelyon16_project\data\review\iter4_fp_components\normal_003\component_01\normal_003_c01_p12_prob0.999_x53632_y106880.png,E:\camelyon16_project\data\patches_iter5\train\normal\iter5_hn_normal_003_c01_normal_003_c01_p12_prob0.999_x53632_y106880.png,
hard_negative,normal_003,,1,fibrosis_stroma_benign,hard_negative,E:\camelyon16_project\data\review\iter4_fp_components\normal_003\component_01\normal_003_c01_p13_prob0.999_x53632_y104576.png,E:\camelyon16_project\data\patches_iter5\train\normal\iter5_hn_normal_003_c01_normal_003_c01_p13_prob0.999_x53632_y104576.png,
hard_negative,normal_003,,1,fibrosis_stroma_benign,hard_negative,E:\camelyon16_project\data\review\iter4_fp_components\normal_003\component_01\normal_003_c01_p14_prob0.999_x52736_y104704.png,E:\camelyon16_project\data\patches_iter5\train\normal\iter5_hn_normal_003_c01_normal_003_c01_p14_prob0.999_x52736_y104704.png,
hard_negative,normal_003,,1,fibrosis_stroma_benign,hard_negative,E:\camelyon16_project\data\review\iter4_fp_components\normal_003\component_01\normal_003_c01_p15_prob0.999_x53120_y105472.png,E:\camelyon16_project\data\patches_iter5\train\normal\iter5_hn_normal_003_c01_normal_003_c01_p15_prob0.999_x53120_y105472.png,
hard_negative,normal_003,,1,fibrosis_stroma_benign,hard_negative,E:\camelyon16_project\data\review\iter4_fp_components\normal_003\component_01\normal_003_c01_p16_prob0.999_x52864_y105088.png,E:\camelyon16_project\data\patches_iter5\train\normal\iter5_hn_normal_003_c01_normal_003_c01_p16_prob0.999_x52864_y105088.png,
hard_negative,normal_003,,2,fibrosis_stroma_benign,hard_negative,E:\camelyon16_project\data\review\iter4_fp_components\normal_003\component_02\normal_003_c02_p01_prob1.000_x29568_y61184.png,E:\camelyon16_project\data\patches_iter5\train\normal\iter5_hn_normal_003_c02_normal_003_c02_p01_prob1.000_x29568_y61184.png,
hard_negative,normal_003,,2,fibrosis_stroma_benign,hard_negative,E:\camelyon16_project\data\review\iter4_fp_components\normal_003\component_02\normal_003_c02_p02_prob1.000_x28544_y61824.png,E:\camelyon16_project\data\patches_iter5\train\normal\iter5_hn_normal_003_c02_normal_003_c02_p02_prob1.000_x28544_y61824.png,
hard_negative,normal_003,,2,fibrosis_stroma_benign,hard_negative,E:\camelyon16_project\data\review\iter4_fp_components\normal_003\component_02\normal_003_c02_p03_prob0.999_x28672_y61952.png,E:\camelyon16_project\data\patches_iter5\train\normal\iter5_hn_normal_003_c02_normal_003_c02_p03_prob0.999_x28672_y61952.png,
hard_negative,normal_003,,2,fibrosis_stroma_benign,hard_negative,E:\camelyon16_project\data\review\iter4_fp_components\normal_003\component_02\normal_003_c02_p04_prob0.999_x29696_y61184.png,E:\camelyon16_project\data\patches_iter5\train\normal\iter5_hn_normal_003_c02_normal_003_c02_p04_prob0.999_x29696_y61184.png,
hard_negative,normal_003,,2,fibrosis_stroma_benign,hard_negative,E:\camelyon16_project\data\review\iter4_fp_components\normal_003\component_02\normal_003_c02_p05_prob0.998_x29312_y61440.png,E:\camelyon16_project\data\patches_iter5\train\normal\iter5_hn_normal_003_c02_normal_003_c02_p05_prob0.998_x29312_y61440.png,
hard_negative,normal_003,,2,fibrosis_stroma_benign,hard_negative,E:\camelyon16_project\data\review\iter4_fp_components\normal_003\component_02\normal_003_c02_p06_prob0.998_x28288_y62208.png,E:\camelyon16_project\data\patches_iter5\train\normal\iter5_hn_normal_003_c02_normal_003_c02_p06_prob0.998_x28288_y62208.png,
hard_negative,normal_003,,2,fibrosis_stroma_benign,hard_negative,E:\camelyon16_project\data\review\iter4_fp_components\normal_003\component_02\normal_003_c02_p07_prob0.997_x28672_y61824.png,E:\camelyon16_project\data\patches_iter5\train\normal\iter5_hn_normal_003_c02_normal_003_c02_p07_prob0.997_x28672_y61824.png,
hard_negative,normal_003,,2,fibrosis_stroma_benign,hard_negative,E:\camelyon16_project\data\review\iter4_fp_components\normal_003\component_02\normal_003_c02_p08_prob0.996_x29568_y61312.png,E:\camelyon16_project\data\patches_iter5\train\normal\iter5_hn_normal_003_c02_normal_003_c02_p08_prob0.996_x29568_y61312.png,
hard_negative,normal_003,,2,fibrosis_stroma_benign,hard_negative,E:\camelyon16_project\data\review\iter4_fp_components\normal_003\component_02\normal_003_c02_p09_prob0.993_x29184_y61440.png,E:\camelyon16_project\data\patches_iter5\train\normal\iter5_hn_normal_003_c02_normal_003_c02_p09_prob0.993_x29184_y61440.png,
hard_negative,normal_003,,2,fibrosis_stroma_benign,hard_negative,E:\camelyon16_project\data\review\iter4_fp_components\normal_003\component_02\normal_003_c02_p10_prob0.986_x28544_y61952.png,E:\camelyon16_project\data\patches_iter5\train\normal\iter5_hn_normal_003_c02_normal_003_c02_p10_prob0.986_x28544_y61952.png,
hard_negative,normal_003,,2,fibrosis_stroma_benign,hard_negative,E:\camelyon16_project\data\review\iter4_fp_components\normal_003\component_02\normal_003_c02_p11_prob0.986_x29440_y61312.png,E:\camelyon16_project\data\patches_iter5\train\normal\iter5_hn_normal_003_c02_normal_003_c02_p11_prob0.986_x29440_y61312.png,
hard_negative,normal_003,,2,fibrosis_stroma_benign,hard_negative,E:\camelyon16_project\data\review\iter4_fp_components\normal_003\component_02\normal_003_c02_p12_prob0.985_x31104_y60928.png,E:\camelyon16_project\data\patches_iter5\train\normal\iter5_hn_normal_003_c02_normal_003_c02_p12_prob0.985_x31104_y60928.png,
hard_negative,normal_003,,2,fibrosis_stroma_benign,hard_negative,E:\camelyon16_project\data\review\iter4_fp_components\normal_003\component_02\normal_003_c02_p13_prob0.982_x31104_y61056.png,E:\camelyon16_project\data\patches_iter5\train\normal\iter5_hn_normal_003_c02_normal_003_c02_p13_prob0.982_x31104_y61056.png,
hard_negative,normal_003,,2,fibrosis_stroma_benign,hard_negative,E:\camelyon16_project\data\review\iter4_fp_components\normal_003\component_02\normal_003_c02_p14_prob0.982_x28416_y61952.png,E:\camelyon16_project\data\patches_iter5\train\normal\iter5_hn_normal_003_c02_normal_003_c02_p14_prob0.982_x28416_y61952.png,
hard_negative,normal_003,,2,fibrosis_stroma_benign,hard_negative,E:\camelyon16_project\data\review\iter4_fp_components\normal_003\component_02\normal_003_c02_p15_prob0.976_x29696_y61312.png,E:\camelyon16_project\data\patches_iter5\train\normal\iter5_hn_normal_003_c02_normal_003_c02_p15_prob0.976_x29696_y61312.png,
hard_negative,normal_003,,2,fibrosis_stroma_benign,hard_negative,E:\camelyon16_project\data\review\iter4_fp_components\normal_003\component_02\normal_003_c02_p16_prob0.975_x28672_y62080.png,E:\camelyon16_project\data\patches_iter5\train\normal\iter5_hn_normal_003_c02_normal_003_c02_p16_prob0.975_x28672_y62080.png,
hard_negative,normal_003,,3,vessel_lumen,hard_negative,E:\camelyon16_project\data\review\iter4_fp_components\normal_003\component_03\normal_003_c03_p01_prob1.000_x55168_y109312.png,E:\camelyon16_project\data\patches_iter5\train\normal\iter5_hn_normal_003_c03_normal_003_c03_p01_prob1.000_x55168_y109312.png,
hard_negative,normal_003,,3,vessel_lumen,hard_negative,E:\camelyon16_project\data\review\iter4_fp_components\normal_003\component_03\normal_003_c03_p02_prob1.000_x55040_y109312.png,E:\camelyon16_project\data\patches_iter5\train\normal\iter5_hn_normal_003_c03_normal_003_c03_p02_prob1.000_x55040_y109312.png,
hard_negative,normal_003,,3,vessel_lumen,hard_negative,E:\camelyon16_project\data\review\iter4_fp_components\normal_003\component_03\normal_003_c03_p03_prob0.999_x56064_y109440.png,E:\camelyon16_project\data\patches_iter5\train\normal\iter5_hn_normal_003_c03_normal_003_c03_p03_prob0.999_x56064_y109440.png,
hard_negative,normal_003,,3,vessel_lumen,hard_negative,E:\camelyon16_project\data\review\iter4_fp_components\normal_003\component_03\normal_003_c03_p04_prob0.999_x55168_y109184.png,E:\camelyon16_project\data\patches_iter5\train\normal\iter5_hn_normal_003_c03_normal_003_c03_p04_prob0.999_x55168_y109184.png,
hard_negative,normal_003,,3,vessel_lumen,hard_negative,E:\camelyon16_project\data\review\iter4_fp_components\normal_003\component_03\normal_003_c03_p05_prob0.999_x55936_y109440.png,E:\camelyon16_project\data\patches_iter5\train\normal\iter5_hn_normal_003_c03_normal_003_c03_p05_prob0.999_x55936_y109440.png,
hard_negative,normal_003,,3,vessel_lumen,hard_negative,E:\camelyon16_project\data\review\iter4_fp_components\normal_003\component_03\normal_003_c03_p06_prob0.994_x56448_y109440.png,E:\camelyon16_project\data\patches_iter5\train\normal\iter5_hn_normal_003_c03_normal_003_c03_p06_prob0.994_x56448_y109440.png,
hard_negative,normal_003,,3,vessel_lumen,hard_negative,E:\camelyon16_project\data\review\iter4_fp_components\normal_003\component_03\normal_003_c03_p07_prob0.994_x55680_y109184.png,E:\camelyon16_project\data\patches_iter5\train\normal\iter5_hn_normal_003_c03_normal_003_c03_p07_prob0.994_x55680_y109184.png,
hard_negative,normal_003,,3,vessel_lumen,hard_negative,E:\camelyon16_project\data\review\iter4_fp_components\normal_003\component_03\normal_003_c03_p08_prob0.993_x56320_y109312.png,E:\camelyon16_project\data\patches_iter5\train\normal\iter5_hn_normal_003_c03_normal_003_c03_p08_prob0.993_x56320_y109312.png,
hard_negative,normal_003,,3,vessel_lumen,hard_negative,E:\camelyon16_project\data\review\iter4_fp_components\normal_003\component_03\normal_003_c03_p09_prob0.992_x55040_y109184.png,E:\camelyon16_project\data\patches_iter5\train\normal\iter5_hn_normal_003_c03_normal_003_c03_p09_prob0.992_x55040_y109184.png,
hard_negative,normal_003,,3,vessel_lumen,hard_negative,E:\camelyon16_project\data\review\iter4_fp_components\normal_003\component_03\normal_003_c03_p10_prob0.991_x55936_y109568.png,E:\camelyon16_project\data\patches_iter5\train\normal\iter5_hn_normal_003_c03_normal_003_c03_p10_prob0.991_x55936_y109568.png,
hard_negative,normal_003,,3,vessel_lumen,hard_negative,E:\camelyon16_project\data\review\iter4_fp_components\normal_003\component_03\normal_003_c03_p11_prob0.990_x56064_y109056.png,E:\camelyon16_project\data\patches_iter5\train\normal\iter5_hn_normal_003_c03_normal_003_c03_p11_prob0.990_x56064_y109056.png,
hard_negative,normal_003,,3,vessel_lumen,hard_negative,E:\camelyon16_project\data\review\iter4_fp_components\normal_003\component_03\normal_003_c03_p12_prob0.990_x56064_y109568.png,E:\camelyon16_project\data\patches_iter5\train\normal\iter5_hn_normal_003_c03_normal_003_c03_p12_prob0.990_x56064_y109568.png,
hard_negative,normal_003,,3,vessel_lumen,hard_negative,E:\camelyon16_project\data\review\iter4_fp_components\normal_003\component_03\normal_003_c03_p13_prob0.988_x54784_y109696.png,E:\camelyon16_project\data\patches_iter5\train\normal\iter5_hn_normal_003_c03_normal_003_c03_p13_prob0.988_x54784_y109696.png,
hard_negative,normal_003,,3,vessel_lumen,hard_negative,E:\camelyon16_project\data\review\iter4_fp_components\normal_003\component_03\normal_003_c03_p14_prob0.984_x55552_y109440.png,E:\camelyon16_project\data\patches_iter5\train\normal\iter5_hn_normal_003_c03_normal_003_c03_p14_prob0.984_x55552_y109440.png,
hard_negative,normal_003,,3,vessel_lumen,hard_negative,E:\camelyon16_project\data\review\iter4_fp_components\normal_003\component_03\normal_003_c03_p15_prob0.982_x54912_y108928.png,E:\camelyon16_project\data\patches_iter5\train\normal\iter5_hn_normal_003_c03_normal_003_c03_p15_prob0.982_x54912_y108928.png,
hard_negative,normal_003,,3,vessel_lumen,hard_negative,E:\camelyon16_project\data\review\iter4_fp_components\normal_003\component_03\normal_003_c03_p16_prob0.981_x55296_y108672.png,E:\camelyon16_project\data\patches_iter5\train\normal\iter5_hn_normal_003_c03_normal_003_c03_p16_prob0.981_x55296_y108672.png,
hard_negative,normal_003,,4,outside_node_adipose,hard_negative,E:\camelyon16_project\data\review\iter4_fp_components\normal_003\component_04\normal_003_c04_p01_prob0.995_x61696_y107520.png,E:\camelyon16_project\data\patches_iter5\train\normal\iter5_hn_normal_003_c04_normal_003_c04_p01_prob0.995_x61696_y107520.png,
hard_negative,normal_003,,4,outside_node_adipose,hard_negative,E:\camelyon16_project\data\review\iter4_fp_components\normal_003\component_04\normal_003_c04_p02_prob0.994_x60800_y107136.png,E:\camelyon16_project\data\patches_iter5\train\normal\iter5_hn_normal_003_c04_normal_003_c04_p02_prob0.994_x60800_y107136.png,
hard_negative,normal_003,,4,outside_node_adipose,hard_negative,E:\camelyon16_project\data\review\iter4_fp_components\normal_003\component_04\normal_003_c04_p03_prob0.993_x61952_y107648.png,E:\camelyon16_project\data\patches_iter5\train\normal\iter5_hn_normal_003_c04_normal_003_c04_p03_prob0.993_x61952_y107648.png,
hard_negative,normal_003,,4,outside_node_adipose,hard_negative,E:\camelyon16_project\data\review\iter4_fp_components\normal_003\component_04\normal_003_c04_p04_prob0.992_x62208_y107136.png,E:\camelyon16_project\data\patches_iter5\train\normal\iter5_hn_normal_003_c04_normal_003_c04_p04_prob0.992_x62208_y107136.png,
hard_negative,normal_003,,4,outside_node_adipose,hard_negative,E:\camelyon16_project\data\review\iter4_fp_components\normal_003\component_04\normal_003_c04_p05_prob0.990_x62464_y107136.png,E:\camelyon16_project\data\patches_iter5\train\normal\iter5_hn_normal_003_c04_normal_003_c04_p05_prob0.990_x62464_y107136.png,
hard_negative,normal_003,,4,outside_node_adipose,hard_negative,E:\camelyon16_project\data\review\iter4_fp_components\normal_003\component_04\normal_003_c04_p06_prob0.988_x60544_y107264.png,E:\camelyon16_project\data\patches_iter5\train\normal\iter5_hn_normal_003_c04_normal_003_c04_p06_prob0.988_x60544_y107264.png,
hard_negative,normal_003,,4,outside_node_adipose,hard_negative,E:\camelyon16_project\data\review\iter4_fp_components\normal_003\component_04\normal_003_c04_p07_prob0.985_x61952_y107008.png,E:\camelyon16_project\data\patches_iter5\train\normal\iter5_hn_normal_003_c04_normal_003_c04_p07_prob0.985_x61952_y107008.png,
hard_negative,normal_003,,4,outside_node_adipose,hard_negative,E:\camelyon16_project\data\review\iter4_fp_components\normal_003\component_04\normal_003_c04_p08_prob0.982_x62464_y107392.png,E:\camelyon16_project\data\patches_iter5\train\normal\iter5_hn_normal_003_c04_normal_003_c04_p08_prob0.982_x62464_y107392.png,
hard_negative,normal_003,,4,outside_node_adipose,hard_negative,E:\camelyon16_project\data\review\iter4_fp_components\normal_003\component_04\normal_003_c04_p09_prob0.981_x61696_y107648.png,E:\camelyon16_project\data\patches_iter5\train\normal\iter5_hn_normal_003_c04_normal_003_c04_p09_prob0.981_x61696_y107648.png,
hard_negative,normal_003,,4,outside_node_adipose,hard_negative,E:\camelyon16_project\data\review\iter4_fp_components\normal_003\component_04\normal_003_c04_p10_prob0.977_x62720_y107392.png,E:\camelyon16_project\data\patches_iter5\train\normal\iter5_hn_normal_003_c04_normal_003_c04_p10_prob0.977_x62720_y107392.png,
hard_negative,normal_003,,4,outside_node_adipose,hard_negative,E:\camelyon16_project\data\review\iter4_fp_components\normal_003\component_04\normal_003_c04_p11_prob0.977_x62592_y107392.png,E:\camelyon16_project\data\patches_iter5\train\normal\iter5_hn_normal_003_c04_normal_003_c04_p11_prob0.977_x62592_y107392.png,
hard_negative,normal_003,,4,outside_node_adipose,hard_negative,E:\camelyon16_project\data\review\iter4_fp_components\normal_003\component_04\normal_003_c04_p12_prob0.976_x62592_y107136.png,E:\camelyon16_project\data\patches_iter5\train\normal\iter5_hn_normal_003_c04_normal_003_c04_p12_prob0.976_x62592_y107136.png,
hard_negative,normal_003,,4,outside_node_adipose,hard_negative,E:\camelyon16_project\data\review\iter4_fp_components\normal_003\component_04\normal_003_c04_p13_prob0.976_x61568_y107520.png,E:\camelyon16_project\data\patches_iter5\train\normal\iter5_hn_normal_003_c04_normal_003_c04_p13_prob0.976_x61568_y107520.png,
hard_negative,normal_003,,4,outside_node_adipose,hard_negative,E:\camelyon16_project\data\review\iter4_fp_components\normal_003\component_04\normal_003_c04_p14_prob0.974_x62848_y107392.png,E:\camelyon16_project\data\patches_iter5\train\normal\iter5_hn_normal_003_c04_normal_003_c04_p14_prob0.974_x62848_y107392.png,
hard_negative,normal_003,,4,outside_node_adipose,hard_negative,E:\camelyon16_project\data\review\iter4_fp_components\normal_003\component_04\normal_003_c04_p15_prob0.972_x62976_y107264.png,E:\camelyon16_project\data\patches_iter5\train\normal\iter5_hn_normal_003_c04_normal_003_c04_p15_prob0.972_x62976_y107264.png,
hard_negative,normal_003,,4,outside_node_adipose,hard_negative,E:\camelyon16_project\data\review\iter4_fp_components\normal_003\component_04\normal_003_c04_p16_prob0.971_x62080_y107264.png,E:\camelyon16_project\data\patches_iter5\train\normal\iter5_hn_normal_003_c04_normal_003_c04_p16_prob0.971_x62080_y107264.png,
hard_negative,normal_003,,5,vessel_lumen,hard_negative,E:\camelyon16_project\data\review\iter4_fp_components\normal_003\component_05\normal_003_c05_p01_prob1.000_x49664_y106112.png,E:\camelyon16_project\data\patches_iter5\train\normal\iter5_hn_normal_003_c05_normal_003_c05_p01_prob1.000_x49664_y106112.png,
hard_negative,normal_003,,5,vessel_lumen,hard_negative,E:\camelyon16_project\data\review\iter4_fp_components\normal_003\component_05\normal_003_c05_p02_prob1.000_x49792_y105984.png,E:\camelyon16_project\data\patches_iter5\train\normal\iter5_hn_normal_003_c05_normal_003_c05_p02_prob1.000_x49792_y105984.png,
hard_negative,normal_003,,5,vessel_lumen,hard_negative,E:\camelyon16_project\data\review\iter4_fp_components\normal_003\component_05\normal_003_c05_p03_prob1.000_x49792_y106496.png,E:\camelyon16_project\data\patches_iter5\train\normal\iter5_hn_normal_003_c05_normal_003_c05_p03_prob1.000_x49792_y106496.png,
hard_negative,normal_003,,5,vessel_lumen,hard_negative,E:\camelyon16_project\data\review\iter4_fp_components\normal_003\component_05\normal_003_c05_p04_prob0.999_x49792_y106112.png,E:\camelyon16_project\data\patches_iter5\train\normal\iter5_hn_normal_003_c05_normal_003_c05_p04_prob0.999_x49792_y106112.png,
hard_negative,normal_003,,5,vessel_lumen,hard_negative,E:\camelyon16_project\data\review\iter4_fp_components\normal_003\component_05\normal_003_c05_p05_prob0.999_x49664_y105984.png,E:\camelyon16_project\data\patches_iter5\train\normal\iter5_hn_normal_003_c05_normal_003_c05_p05_prob0.999_x49664_y105984.png,
hard_negative,normal_003,,5,vessel_lumen,hard_negative,E:\camelyon16_project\data\review\iter4_fp_components\normal_003\component_05\normal_003_c05_p06_prob0.999_x49920_y106112.png,E:\camelyon16_project\data\patches_iter5\train\normal\iter5_hn_normal_003_c05_normal_003_c05_p06_prob0.999_x49920_y106112.png,
hard_negative,normal_003,,5,vessel_lumen,hard_negative,E:\camelyon16_project\data\review\iter4_fp_components\normal_003\component_05\normal_003_c05_p07_prob0.999_x50176_y105856.png,E:\camelyon16_project\data\patches_iter5\train\normal\iter5_hn_normal_003_c05_normal_003_c05_p07_prob0.999_x50176_y105856.png,
hard_negative,normal_003,,5,vessel_lumen,hard_negative,E:\camelyon16_project\data\review\iter4_fp_components\normal_003\component_05\normal_003_c05_p08_prob0.999_x49920_y106496.png,E:\camelyon16_project\data\patches_iter5\train\normal\iter5_hn_normal_003_c05_normal_003_c05_p08_prob0.999_x49920_y106496.png,
hard_negative,normal_003,,5,vessel_lumen,hard_negative,E:\camelyon16_project\data\review\iter4_fp_components\normal_003\component_05\normal_003_c05_p09_prob0.998_x49536_y106112.png,E:\camelyon16_project\data\patches_iter5\train\normal\iter5_hn_normal_003_c05_normal_003_c05_p09_prob0.998_x49536_y106112.png,
hard_negative,normal_003,,5,vessel_lumen,hard_negative,E:\camelyon16_project\data\review\iter4_fp_components\normal_003\component_05\normal_003_c05_p10_prob0.998_x50688_y105984.png,E:\camelyon16_project\data\patches_iter5\train\normal\iter5_hn_normal_003_c05_normal_003_c05_p10_prob0.998_x50688_y105984.png,
hard_negative,normal_003,,5,vessel_lumen,hard_negative,E:\camelyon16_project\data\review\iter4_fp_components\normal_003\component_05\normal_003_c05_p11_prob0.997_x50688_y106112.png,E:\camelyon16_project\data\patches_iter5\train\normal\iter5_hn_normal_003_c05_normal_003_c05_p11_prob0.997_x50688_y106112.png,
hard_negative,normal_003,,5,vessel_lumen,hard_negative,E:\camelyon16_project\data\review\iter4_fp_components\normal_003\component_05\normal_003_c05_p12_prob0.997_x51072_y106752.png,E:\camelyon16_project\data\patches_iter5\train\normal\iter5_hn_normal_003_c05_normal_003_c05_p12_prob0.997_x51072_y106752.png,
hard_negative,normal_003,,5,vessel_lumen,hard_negative,E:\camelyon16_project\data\review\iter4_fp_components\normal_003\component_05\normal_003_c05_p13_prob0.997_x50048_y105856.png,E:\camelyon16_project\data\patches_iter5\train\normal\iter5_hn_normal_003_c05_normal_003_c05_p13_prob0.997_x50048_y105856.png,
hard_negative,normal_003,,5,vessel_lumen,hard_negative,E:\camelyon16_project\data\review\iter4_fp_components\normal_003\component_05\normal_003_c05_p14_prob0.997_x49920_y105984.png,E:\camelyon16_project\data\patches_iter5\train\normal\iter5_hn_normal_003_c05_normal_003_c05_p14_prob0.997_x49920_y105984.png,
hard_negative,normal_003,,5,vessel_lumen,hard_negative,E:\camelyon16_project\data\review\iter4_fp_components\normal_003\component_05\normal_003_c05_p15_prob0.995_x50304_y105856.png,E:\camelyon16_project\data\patches_iter5\train\normal\iter5_hn_normal_003_c05_normal_003_c05_p15_prob0.995_x50304_y105856.png,
hard_negative,normal_003,,5,vessel_lumen,hard_negative,E:\camelyon16_project\data\review\iter4_fp_components\normal_003\component_05\normal_003_c05_p16_prob0.994_x49664_y106368.png,E:\camelyon16_project\data\patches_iter5\train\normal\iter5_hn_normal_003_c05_normal_003_c05_p16_prob0.994_x49664_y106368.png,
hard_negative,normal_008,,1,fibrosis_stroma_benign,hard_negative,E:\camelyon16_project\data\review\iter4_fp_components\normal_008\component_01\normal_008_c01_p01_prob1.000_x33664_y129024.png,E:\camelyon16_project\data\patches_iter5\train\normal\iter5_hn_normal_008_c01_normal_008_c01_p01_prob1.000_x33664_y129024.png,
hard_negative,normal_008,,1,fibrosis_stroma_benign,hard_negative,E:\camelyon16_project\data\review\iter4_fp_components\normal_008\component_01\normal_008_c01_p02_prob1.000_x33536_y129024.png,E:\camelyon16_project\data\patches_iter5\train\normal\iter5_hn_normal_008_c01_normal_008_c01_p02_prob1.000_x33536_y129024.png,
hard_negative,normal_008,,1,fibrosis_stroma_benign,hard_negative,E:\camelyon16_project\data\review\iter4_fp_components\normal_008\component_01\normal_008_c01_p03_prob0.999_x33664_y129280.png,E:\camelyon16_project\data\patches_iter5\train\normal\iter5_hn_normal_008_c01_normal_008_c01_p03_prob0.999_x33664_y129280.png,
hard_negative,normal_008,,1,fibrosis_stroma_benign,hard_negative,E:\camelyon16_project\data\review\iter4_fp_components\normal_008\component_01\normal_008_c01_p04_prob0.995_x33792_y129152.png,E:\camelyon16_project\data\patches_iter5\train\normal\iter5_hn_normal_008_c01_normal_008_c01_p04_prob0.995_x33792_y129152.png,
hard_negative,normal_008,,1,fibrosis_stroma_benign,hard_negative,E:\camelyon16_project\data\review\iter4_fp_components\normal_008\component_01\normal_008_c01_p05_prob0.993_x33664_y129152.png,E:\camelyon16_project\data\patches_iter5\train\normal\iter5_hn_normal_008_c01_normal_008_c01_p05_prob0.993_x33664_y129152.png,
hard_negative,normal_008,,1,fibrosis_stroma_benign,hard_negative,E:\camelyon16_project\data\review\iter4_fp_components\normal_008\component_01\normal_008_c01_p06_prob0.991_x33280_y130048.png,E:\camelyon16_project\data\patches_iter5\train\normal\iter5_hn_normal_008_c01_normal_008_c01_p06_prob0.991_x33280_y130048.png,
hard_negative,normal_008,,1,fibrosis_stroma_benign,hard_negative,E:\camelyon16_project\data\review\iter4_fp_components\normal_008\component_01\normal_008_c01_p07_prob0.989_x33024_y129536.png,E:\camelyon16_project\data\patches_iter5\train\normal\iter5_hn_normal_008_c01_normal_008_c01_p07_prob0.989_x33024_y129536.png,
hard_negative,normal_008,,1,fibrosis_stroma_benign,hard_negative,E:\camelyon16_project\data\review\iter4_fp_components\normal_008\component_01\normal_008_c01_p08_prob0.989_x33536_y129152.png,E:\camelyon16_project\data\patches_iter5\train\normal\iter5_hn_normal_008_c01_normal_008_c01_p08_prob0.989_x33536_y129152.png,
hard_negative,normal_008,,1,fibrosis_stroma_benign,hard_negative,E:\camelyon16_project\data\review\iter4_fp_components\normal_008\component_01\normal_008_c01_p09_prob0.982_x33024_y128640.png,E:\camelyon16_project\data\patches_iter5\train\normal\iter5_hn_normal_008_c01_normal_008_c01_p09_prob0.982_x33024_y128640.png,
hard_negative,normal_008,,1,fibrosis_stroma_benign,hard_negative,E:\camelyon16_project\data\review\iter4_fp_components\normal_008\component_01\normal_008_c01_p10_prob0.981_x33024_y128768.png,E:\camelyon16_project\data\patches_iter5\train\normal\iter5_hn_normal_008_c01_normal_008_c01_p10_prob0.981_x33024_y128768.png,
hard_negative,normal_008,,1,fibrosis_stroma_benign,hard_negative,E:\camelyon16_project\data\review\iter4_fp_components\normal_008\component_01\normal_008_c01_p11_prob0.981_x32896_y128768.png,E:\camelyon16_project\data\patches_iter5\train\normal\iter5_hn_normal_008_c01_normal_008_c01_p11_prob0.981_x32896_y128768.png,
hard_negative,normal_008,,1,fibrosis_stroma_benign,hard_negative,E:\camelyon16_project\data\review\iter4_fp_components\normal_008\component_01\normal_008_c01_p12_prob0.980_x33280_y129664.png,E:\camelyon16_project\data\patches_iter5\train\normal\iter5_hn_normal_008_c01_normal_008_c01_p12_prob0.980_x33280_y129664.png,
hard_negative,normal_008,,1,fibrosis_stroma_benign,hard_negative,E:\camelyon16_project\data\review\iter4_fp_components\normal_008\component_01\normal_008_c01_p13_prob0.980_x33408_y129280.png,E:\camelyon16_project\data\patches_iter5\train\normal\iter5_hn_normal_008_c01_normal_008_c01_p13_prob0.980_x33408_y129280.png,
hard_negative,normal_008,,1,fibrosis_stroma_benign,hard_negative,E:\camelyon16_project\data\review\iter4_fp_components\normal_008\component_01\normal_008_c01_p14_prob0.974_x33152_y129664.png,E:\camelyon16_project\data\patches_iter5\train\normal\iter5_hn_normal_008_c01_normal_008_c01_p14_prob0.974_x33152_y129664.png,
hard_negative,normal_008,,1,fibrosis_stroma_benign,hard_negative,E:\camelyon16_project\data\review\iter4_fp_components\normal_008\component_01\normal_008_c01_p15_prob0.973_x33280_y129792.png,E:\camelyon16_project\data\patches_iter5\train\normal\iter5_hn_normal_008_c01_normal_008_c01_p15_prob0.973_x33280_y129792.png,
hard_negative,normal_008,,1,fibrosis_stroma_benign,hard_negative,E:\camelyon16_project\data\review\iter4_fp_components\normal_008\component_01\normal_008_c01_p16_prob0.969_x33280_y129280.png,E:\camelyon16_project\data\patches_iter5\train\normal\iter5_hn_normal_008_c01_normal_008_c01_p16_prob0.969_x33280_y129280.png,
hard_negative,normal_008,,2,fibrosis_stroma_benign,hard_negative,E:\camelyon16_project\data\review\iter4_fp_components\normal_008\component_02\normal_008_c02_p01_prob0.999_x27392_y126848.png,E:\camelyon16_project\data\patches_iter5\train\normal\iter5_hn_normal_008_c02_normal_008_c02_p01_prob0.999_x27392_y126848.png,
hard_negative,normal_008,,2,fibrosis_stroma_benign,hard_negative,E:\camelyon16_project\data\review\iter4_fp_components\normal_008\component_02\normal_008_c02_p02_prob0.995_x27520_y126720.png,E:\camelyon16_project\data\patches_iter5\train\normal\iter5_hn_normal_008_c02_normal_008_c02_p02_prob0.995_x27520_y126720.png,
hard_negative,normal_008,,2,fibrosis_stroma_benign,hard_negative,E:\camelyon16_project\data\review\iter4_fp_components\normal_008\component_02\normal_008_c02_p03_prob0.994_x26880_y126592.png,E:\camelyon16_project\data\patches_iter5\train\normal\iter5_hn_normal_008_c02_normal_008_c02_p03_prob0.994_x26880_y126592.png,
hard_negative,normal_008,,2,fibrosis_stroma_benign,hard_negative,E:\camelyon16_project\data\review\iter4_fp_components\normal_008\component_02\normal_008_c02_p04_prob0.994_x27264_y126720.png,E:\camelyon16_project\data\patches_iter5\train\normal\iter5_hn_normal_008_c02_normal_008_c02_p04_prob0.994_x27264_y126720.png,
hard_negative,normal_008,,2,fibrosis_stroma_benign,hard_negative,E:\camelyon16_project\data\review\iter4_fp_components\normal_008\component_02\normal_008_c02_p05_prob0.992_x27136_y126720.png,E:\camelyon16_project\data\patches_iter5\train\normal\iter5_hn_normal_008_c02_normal_008_c02_p05_prob0.992_x27136_y126720.png,
hard_negative,normal_008,,2,fibrosis_stroma_benign,hard_negative,E:\camelyon16_project\data\review\iter4_fp_components\normal_008\component_02\normal_008_c02_p06_prob0.984_x27520_y126848.png,E:\camelyon16_project\data\patches_iter5\train\normal\iter5_hn_normal_008_c02_normal_008_c02_p06_prob0.984_x27520_y126848.png,
hard_negative,normal_008,,2,fibrosis_stroma_benign,hard_negative,E:\camelyon16_project\data\review\iter4_fp_components\normal_008\component_02\normal_008_c02_p07_prob0.977_x27392_y126720.png,E:\camelyon16_project\data\patches_iter5\train\normal\iter5_hn_normal_008_c02_normal_008_c02_p07_prob0.977_x27392_y126720.png,
hard_negative,normal_008,,2,fibrosis_stroma_benign,hard_negative,E:\camelyon16_project\data\review\iter4_fp_components\normal_008\component_02\normal_008_c02_p08_prob0.962_x27136_y126592.png,E:\camelyon16_project\data\patches_iter5\train\normal\iter5_hn_normal_008_c02_normal_008_c02_p08_prob0.962_x27136_y126592.png,
hard_negative,normal_008,,2,fibrosis_stroma_benign,hard_negative,E:\camelyon16_project\data\review\iter4_fp_components\normal_008\component_02\normal_008_c02_p09_prob0.958_x26880_y126720.png,E:\camelyon16_project\data\patches_iter5\train\normal\iter5_hn_normal_008_c02_normal_008_c02_p09_prob0.958_x26880_y126720.png,
hard_negative,normal_008,,2,fibrosis_stroma_benign,hard_negative,E:\camelyon16_project\data\review\iter4_fp_components\normal_008\component_02\normal_008_c02_p10_prob0.946_x28160_y126976.png,E:\camelyon16_project\data\patches_iter5\train\normal\iter5_hn_normal_008_c02_normal_008_c02_p10_prob0.946_x28160_y126976.png,
hard_negative,normal_008,,2,fibrosis_stroma_benign,hard_negative,E:\camelyon16_project\data\review\iter4_fp_components\normal_008\component_02\normal_008_c02_p11_prob0.942_x26880_y126848.png,E:\camelyon16_project\data\patches_iter5\train\normal\iter5_hn_normal_008_c02_normal_008_c02_p11_prob0.942_x26880_y126848.png,
hard_negative,normal_008,,2,fibrosis_stroma_benign,hard_negative,E:\camelyon16_project\data\review\iter4_fp_components\normal_008\component_02\normal_008_c02_p12_prob0.933_x27008_y126592.png,E:\camelyon16_project\data\patches_iter5\train\normal\iter5_hn_normal_008_c02_normal_008_c02_p12_prob0.933_x27008_y126592.png,
hard_negative,normal_008,,2,fibrosis_stroma_benign,hard_negative,E:\camelyon16_project\data\review\iter4_fp_components\normal_008\component_02\normal_008_c02_p13_prob0.928_x27648_y127104.png,E:\camelyon16_project\data\patches_iter5\train\normal\iter5_hn_normal_008_c02_normal_008_c02_p13_prob0.928_x27648_y127104.png,
hard_negative,normal_008,,2,fibrosis_stroma_benign,hard_negative,E:\camelyon16_project\data\review\iter4_fp_components\normal_008\component_02\normal_008_c02_p14_prob0.928_x27264_y126848.png,E:\camelyon16_project\data\patches_iter5\train\normal\iter5_hn_normal_008_c02_normal_008_c02_p14_prob0.928_x27264_y126848.png,
hard_negative,normal_008,,2,fibrosis_stroma_benign,hard_negative,E:\camelyon16_project\data\review\iter4_fp_components\normal_008\component_02\normal_008_c02_p15_prob0.915_x27648_y126976.png,E:\camelyon16_project\data\patches_iter5\train\normal\iter5_hn_normal_008_c02_normal_008_c02_p15_prob0.915_x27648_y126976.png,
hard_negative,normal_008,,2,fibrosis_stroma_benign,hard_negative,E:\camelyon16_project\data\review\iter4_fp_components\normal_008\component_02\normal_008_c02_p16_prob0.869_x27648_y126848.png,E:\camelyon16_project\data\patches_iter5\train\normal\iter5_hn_normal_008_c02_normal_008_c02_p16_prob0.869_x27648_y126848.png,
hard_negative,normal_009,,1,necrosis_coagulation_benign,hard_negative,E:\camelyon16_project\data\review\iter4_fp_components\normal_009\component_01\normal_009_c01_p01_prob0.998_x82560_y131840.png,E:\camelyon16_project\data\patches_iter5\train\normal\iter5_hn_normal_009_c01_normal_009_c01_p01_prob0.998_x82560_y131840.png,
hard_negative,normal_009,,1,necrosis_coagulation_benign,hard_negative,E:\camelyon16_project\data\review\iter4_fp_components\normal_009\component_01\normal_009_c01_p02_prob0.997_x82432_y131712.png,E:\camelyon16_project\data\patches_iter5\train\normal\iter5_hn_normal_009_c01_normal_009_c01_p02_prob0.997_x82432_y131712.png,
hard_negative,normal_009,,1,necrosis_coagulation_benign,hard_negative,E:\camelyon16_project\data\review\iter4_fp_components\normal_009\component_01\normal_009_c01_p03_prob0.995_x82176_y131968.png,E:\camelyon16_project\data\patches_iter5\train\normal\iter5_hn_normal_009_c01_normal_009_c01_p03_prob0.995_x82176_y131968.png,
hard_negative,normal_009,,1,necrosis_coagulation_benign,hard_negative,E:\camelyon16_project\data\review\iter4_fp_components\normal_009\component_01\normal_009_c01_p04_prob0.995_x82432_y131840.png,E:\camelyon16_project\data\patches_iter5\train\normal\iter5_hn_normal_009_c01_normal_009_c01_p04_prob0.995_x82432_y131840.png,
hard_negative,normal_009,,1,necrosis_coagulation_benign,hard_negative,E:\camelyon16_project\data\review\iter4_fp_components\normal_009\component_01\normal_009_c01_p05_prob0.995_x82304_y131840.png,E:\camelyon16_project\data\patches_iter5\train\normal\iter5_hn_normal_009_c01_normal_009_c01_p05_prob0.995_x82304_y131840.png,
hard_negative,normal_009,,1,necrosis_coagulation_benign,hard_negative,E:\camelyon16_project\data\review\iter4_fp_components\normal_009\component_01\normal_009_c01_p06_prob0.994_x82560_y131712.png,E:\camelyon16_project\data\patches_iter5\train\normal\iter5_hn_normal_009_c01_normal_009_c01_p06_prob0.994_x82560_y131712.png,
hard_negative,normal_009,,1,necrosis_coagulation_benign,hard_negative,E:\camelyon16_project\data\review\iter4_fp_components\normal_009\component_01\normal_009_c01_p07_prob0.989_x82304_y131712.png,E:\camelyon16_project\data\patches_iter5\train\normal\iter5_hn_normal_009_c01_normal_009_c01_p07_prob0.989_x82304_y131712.png,
hard_negative,normal_009,,1,necrosis_coagulation_benign,hard_negative,E:\camelyon16_project\data\review\iter4_fp_components\normal_009\component_01\normal_009_c01_p08_prob0.988_x82176_y131840.png,E:\camelyon16_project\data\patches_iter5\train\normal\iter5_hn_normal_009_c01_normal_009_c01_p08_prob0.988_x82176_y131840.png,
hard_negative,normal_009,,1,necrosis_coagulation_benign,hard_negative,E:\camelyon16_project\data\review\iter4_fp_components\normal_009\component_01\normal_009_c01_p09_prob0.982_x82048_y131840.png,E:\camelyon16_project\data\patches_iter5\train\normal\iter5_hn_normal_009_c01_normal_009_c01_p09_prob0.982_x82048_y131840.png,
hard_negative,normal_009,,1,necrosis_coagulation_benign,hard_negative,E:\camelyon16_project\data\review\iter4_fp_components\normal_009\component_01\normal_009_c01_p10_prob0.980_x82688_y132096.png,E:\camelyon16_project\data\patches_iter5\train\normal\iter5_hn_normal_009_c01_normal_009_c01_p10_prob0.980_x82688_y132096.png,
hard_negative,normal_009,,1,necrosis_coagulation_benign,hard_negative,E:\camelyon16_project\data\review\iter4_fp_components\normal_009\component_01\normal_009_c01_p11_prob0.975_x82176_y132096.png,E:\camelyon16_project\data\patches_iter5\train\normal\iter5_hn_normal_009_c01_normal_009_c01_p11_prob0.975_x82176_y132096.png,
hard_negative,normal_009,,1,necrosis_coagulation_benign,hard_negative,E:\camelyon16_project\data\review\iter4_fp_components\normal_009\component_01\normal_009_c01_p12_prob0.965_x82304_y131968.png,E:\camelyon16_project\data\patches_iter5\train\normal\iter5_hn_normal_009_c01_normal_009_c01_p12_prob0.965_x82304_y131968.png,
hard_negative,normal_009,,1,necrosis_coagulation_benign,hard_negative,E:\camelyon16_project\data\review\iter4_fp_components\normal_009\component_01\normal_009_c01_p13_prob0.963_x82688_y131584.png,E:\camelyon16_project\data\patches_iter5\train\normal\iter5_hn_normal_009_c01_normal_009_c01_p13_prob0.963_x82688_y131584.png,
hard_negative,normal_009,,1,necrosis_coagulation_benign,hard_negative,E:\camelyon16_project\data\review\iter4_fp_components\normal_009\component_01\normal_009_c01_p14_prob0.953_x82432_y132224.png,E:\camelyon16_project\data\patches_iter5\train\normal\iter5_hn_normal_009_c01_normal_009_c01_p14_prob0.953_x82432_y132224.png,
hard_negative,normal_009,,1,necrosis_coagulation_benign,hard_negative,E:\camelyon16_project\data\review\iter4_fp_components\normal_009\component_01\normal_009_c01_p15_prob0.950_x82688_y131840.png,E:\camelyon16_project\data\patches_iter5\train\normal\iter5_hn_normal_009_c01_normal_009_c01_p15_prob0.950_x82688_y131840.png,
hard_negative,normal_009,,1,necrosis_coagulation_benign,hard_negative,E:\camelyon16_project\data\review\iter4_fp_components\normal_009\component_01\normal_009_c01_p16_prob0.947_x82944_y131456.png,E:\camelyon16_project\data\patches_iter5\train\normal\iter5_hn_normal_009_c01_normal_009_c01_p16_prob0.947_x82944_y131456.png,
hard_negative,normal_010,,1,generic_artifact,hard_negative,E:\camelyon16_project\data\review\iter4_fp_components\normal_010\component_01\normal_010_c01_p01_prob0.999_x88320_y206208.png,E:\camelyon16_project\data\patches_iter5\train\normal\iter5_hn_normal_010_c01_normal_010_c01_p01_prob0.999_x88320_y206208.png,
hard_negative,normal_010,,1,generic_artifact,hard_negative,E:\camelyon16_project\data\review\iter4_fp_components\normal_010\component_01\normal_010_c01_p02_prob0.998_x89344_y206592.png,E:\camelyon16_project\data\patches_iter5\train\normal\iter5_hn_normal_010_c01_normal_010_c01_p02_prob0.998_x89344_y206592.png,
hard_negative,normal_010,,1,generic_artifact,hard_negative,E:\camelyon16_project\data\review\iter4_fp_components\normal_010\component_01\normal_010_c01_p03_prob0.992_x88448_y206208.png,E:\camelyon16_project\data\patches_iter5\train\normal\iter5_hn_normal_010_c01_normal_010_c01_p03_prob0.992_x88448_y206208.png,
hard_negative,normal_010,,1,generic_artifact,hard_negative,E:\camelyon16_project\data\review\iter4_fp_components\normal_010\component_01\normal_010_c01_p04_prob0.982_x89088_y206464.png,E:\camelyon16_project\data\patches_iter5\train\normal\iter5_hn_normal_010_c01_normal_010_c01_p04_prob0.982_x89088_y206464.png,
hard_negative,normal_010,,1,generic_artifact,hard_negative,E:\camelyon16_project\data\review\iter4_fp_components\normal_010\component_01\normal_010_c01_p05_prob0.981_x88448_y206336.png,E:\camelyon16_project\data\patches_iter5\train\normal\iter5_hn_normal_010_c01_normal_010_c01_p05_prob0.981_x88448_y206336.png,
hard_negative,normal_010,,1,generic_artifact,hard_negative,E:\camelyon16_project\data\review\iter4_fp_components\normal_010\component_01\normal_010_c01_p06_prob0.978_x88320_y206336.png,E:\camelyon16_project\data\patches_iter5\train\normal\iter5_hn_normal_010_c01_normal_010_c01_p06_prob0.978_x88320_y206336.png,
hard_negative,normal_010,,1,generic_artifact,hard_negative,E:\camelyon16_project\data\review\iter4_fp_components\normal_010\component_01\normal_010_c01_p07_prob0.975_x88704_y206336.png,E:\camelyon16_project\data\patches_iter5\train\normal\iter5_hn_normal_010_c01_normal_010_c01_p07_prob0.975_x88704_y206336.png,
hard_negative,normal_010,,1,generic_artifact,hard_negative,E:\camelyon16_project\data\review\iter4_fp_components\normal_010\component_01\normal_010_c01_p08_prob0.974_x88192_y206208.png,E:\camelyon16_project\data\patches_iter5\train\normal\iter5_hn_normal_010_c01_normal_010_c01_p08_prob0.974_x88192_y206208.png,
hard_negative,normal_010,,1,generic_artifact,hard_negative,E:\camelyon16_project\data\review\iter4_fp_components\normal_010\component_01\normal_010_c01_p09_prob0.974_x88576_y206336.png,E:\camelyon16_project\data\patches_iter5\train\normal\iter5_hn_normal_010_c01_normal_010_c01_p09_prob0.974_x88576_y206336.png,
hard_negative,normal_010,,1,generic_artifact,hard_negative,E:\camelyon16_project\data\review\iter4_fp_components\normal_010\component_01\normal_010_c01_p10_prob0.972_x88960_y206464.png,E:\camelyon16_project\data\patches_iter5\train\normal\iter5_hn_normal_010_c01_normal_010_c01_p10_prob0.972_x88960_y206464.png,
hard_negative,normal_010,,1,generic_artifact,hard_negative,E:\camelyon16_project\data\review\iter4_fp_components\normal_010\component_01\normal_010_c01_p11_prob0.960_x90112_y206080.png,E:\camelyon16_project\data\patches_iter5\train\normal\iter5_hn_normal_010_c01_normal_010_c01_p11_prob0.960_x90112_y206080.png,
hard_negative,normal_010,,1,generic_artifact,hard_negative,E:\camelyon16_project\data\review\iter4_fp_components\normal_010\component_01\normal_010_c01_p12_prob0.958_x89600_y205952.png,E:\camelyon16_project\data\patches_iter5\train\normal\iter5_hn_normal_010_c01_normal_010_c01_p12_prob0.958_x89600_y205952.png,
hard_negative,normal_010,,1,generic_artifact,hard_negative,E:\camelyon16_project\data\review\iter4_fp_components\normal_010\component_01\normal_010_c01_p13_prob0.957_x88320_y206080.png,E:\camelyon16_project\data\patches_iter5\train\normal\iter5_hn_normal_010_c01_normal_010_c01_p13_prob0.957_x88320_y206080.png,
hard_negative,normal_010,,1,generic_artifact,hard_negative,E:\camelyon16_project\data\review\iter4_fp_components\normal_010\component_01\normal_010_c01_p14_prob0.951_x88576_y205952.png,E:\camelyon16_project\data\patches_iter5\train\normal\iter5_hn_normal_010_c01_normal_010_c01_p14_prob0.951_x88576_y205952.png,
hard_negative,normal_010,,1,generic_artifact,hard_negative,E:\camelyon16_project\data\review\iter4_fp_components\normal_010\component_01\normal_010_c01_p15_prob0.947_x89344_y206464.png,E:\camelyon16_project\data\patches_iter5\train\normal\iter5_hn_normal_010_c01_normal_010_c01_p15_prob0.947_x89344_y206464.png,
hard_negative,normal_010,,1,generic_artifact,hard_negative,E:\camelyon16_project\data\review\iter4_fp_components\normal_010\component_01\normal_010_c01_p16_prob0.941_x89216_y206464.png,E:\camelyon16_project\data\patches_iter5\train\normal\iter5_hn_normal_010_c01_normal_010_c01_p16_prob0.941_x89216_y206464.png,
hard_positive,tumor_001,1,,metastasis_border_transition,border_transition,E:\camelyon16_project\data\review\hard_positive_iter2\tumor_001\tumor_001_hp01_low_prob_edge_prob0.042_x72064_y132864.png,E:\camelyon16_project\data\patches_iter5\train\tumor\iter5_hp_tumor_001_cand001_tumor_001_hp01_low_prob_edge_prob0.042_x72064_y132864.png,
hard_positive,tumor_001,2,,tumor_in_fibrosis_stroma,hard_positive,E:\camelyon16_project\data\review\hard_positive_iter2\tumor_001\tumor_001_hp02_low_prob_edge_prob0.077_x70784_y134400.png,E:\camelyon16_project\data\patches_iter5\train\tumor\iter5_hp_tumor_001_cand002_tumor_001_hp02_low_prob_edge_prob0.077_x70784_y134400.png,
hard_positive,tumor_001,3,,tumor_in_fibrosis_stroma,hard_positive,E:\camelyon16_project\data\review\hard_positive_iter2\tumor_001\tumor_001_hp03_low_prob_edge_prob0.199_x71680_y133376.png,E:\camelyon16_project\data\patches_iter5\train\tumor\iter5_hp_tumor_001_cand003_tumor_001_hp03_low_prob_edge_prob0.199_x71680_y133376.png,
hard_positive,tumor_001,4,,tumor_in_fibrosis_stroma,hard_positive,E:\camelyon16_project\data\review\hard_positive_iter2\tumor_001\tumor_001_hp04_low_prob_edge_prob0.203_x73088_y124416.png,E:\camelyon16_project\data\patches_iter5\train\tumor\iter5_hp_tumor_001_cand004_tumor_001_hp04_low_prob_edge_prob0.203_x73088_y124416.png,
hard_positive,tumor_001,6,,tumor_in_fibrosis_stroma,hard_positive,E:\camelyon16_project\data\review\hard_positive_iter2\tumor_001\tumor_001_hp06_low_prob_edge_prob0.433_x73088_y123392.png,E:\camelyon16_project\data\patches_iter5\train\tumor\iter5_hp_tumor_001_cand006_tumor_001_hp06_low_prob_edge_prob0.433_x73088_y123392.png,
hard_positive,tumor_001,8,,tumor_in_fibrosis_stroma,hard_positive,E:\camelyon16_project\data\review\hard_positive_iter2\tumor_001\tumor_001_hp08_mid_prob_edge_prob0.625_x72192_y131840.png,E:\camelyon16_project\data\patches_iter5\train\tumor\iter5_hp_tumor_001_cand008_tumor_001_hp08_mid_prob_edge_prob0.625_x72192_y131840.png,
hard_positive,tumor_001,9,,tumor_in_fibrosis_stroma,hard_positive,E:\camelyon16_project\data\review\hard_positive_iter2\tumor_001\tumor_001_hp09_mid_prob_edge_prob0.717_x73088_y123776.png,E:\camelyon16_project\data\patches_iter5\train\tumor\iter5_hp_tumor_001_cand009_tumor_001_hp09_mid_prob_edge_prob0.717_x73088_y123776.png,
hard_positive,tumor_001,10,,tumor_in_fibrosis_stroma,hard_positive,E:\camelyon16_project\data\review\hard_positive_iter2\tumor_001\tumor_001_hp10_mid_prob_edge_prob0.725_x73216_y123520.png,E:\camelyon16_project\data\patches_iter5\train\tumor\iter5_hp_tumor_001_cand010_tumor_001_hp10_mid_prob_edge_prob0.725_x73216_y123520.png,
hard_positive,tumor_001,11,,isolated_tumor_cells,hard_positive,E:\camelyon16_project\data\review\hard_positive_iter2\tumor_001\tumor_001_hp11_mid_prob_edge_prob0.751_x70912_y126976.png,E:\camelyon16_project\data\patches_iter5\train\tumor\iter5_hp_tumor_001_cand011_tumor_001_hp11_mid_prob_edge_prob0.751_x70912_y126976.png,
hard_positive,tumor_001,12,,metastasis_border_transition,border_transition,E:\camelyon16_project\data\review\hard_positive_iter2\tumor_001\tumor_001_hp12_edge_high_prob_prob0.809_x72192_y132608.png,E:\camelyon16_project\data\patches_iter5\train\tumor\iter5_hp_tumor_001_cand012_tumor_001_hp12_edge_high_prob_prob0.809_x72192_y132608.png,
hard_positive,tumor_001,13,,isolated_tumor_cells,hard_positive,E:\camelyon16_project\data\review\hard_positive_iter2\tumor_001\tumor_001_hp13_edge_high_prob_prob0.811_x70784_y127488.png,E:\camelyon16_project\data\patches_iter5\train\tumor\iter5_hp_tumor_001_cand013_tumor_001_hp13_edge_high_prob_prob0.811_x70784_y127488.png,
hard_positive,tumor_001,14,,tumor_in_fibrosis_stroma,hard_positive,E:\camelyon16_project\data\review\hard_positive_iter2\tumor_001\tumor_001_hp14_edge_high_prob_prob0.816_x71040_y126976.png,E:\camelyon16_project\data\patches_iter5\train\tumor\iter5_hp_tumor_001_cand014_tumor_001_hp14_edge_high_prob_prob0.816_x71040_y126976.png,
hard_positive,tumor_001,15,,tumor_in_fibrosis_stroma,hard_positive,E:\camelyon16_project\data\review\hard_positive_iter2\tumor_001\tumor_001_hp15_edge_high_prob_prob0.816_x73088_y124672.png,E:\camelyon16_project\data\patches_iter5\train\tumor\iter5_hp_tumor_001_cand015_tumor_001_hp15_edge_high_prob_prob0.816_x73088_y124672.png,
hard_positive,tumor_001,16,,isolated_tumor_cells,hard_positive,E:\camelyon16_project\data\review\hard_positive_iter2\tumor_001\tumor_001_hp16_edge_high_prob_prob0.822_x70912_y124672.png,E:\camelyon16_project\data\patches_iter5\train\tumor\iter5_hp_tumor_001_cand016_tumor_001_hp16_edge_high_prob_prob0.822_x70912_y124672.png,
hard_positive,tumor_001,17,,metastasis_border_transition,border_transition,E:\camelyon16_project\data\review\hard_positive_iter2\tumor_001\tumor_001_hp17_edge_high_prob_prob0.826_x71040_y124672.png,E:\camelyon16_project\data\patches_iter5\train\tumor\iter5_hp_tumor_001_cand017_tumor_001_hp17_edge_high_prob_prob0.826_x71040_y124672.png,
hard_positive,tumor_001,18,,tumor_in_fibrosis_stroma,hard_positive,E:\camelyon16_project\data\review\hard_positive_iter2\tumor_001\tumor_001_hp18_edge_high_prob_prob0.836_x73216_y123648.png,E:\camelyon16_project\data\patches_iter5\train\tumor\iter5_hp_tumor_001_cand018_tumor_001_hp18_edge_high_prob_prob0.836_x73216_y123648.png,
hard_positive,tumor_001,19,,tumor_in_fibrosis_stroma,hard_positive,E:\camelyon16_project\data\review\hard_positive_iter2\tumor_001\tumor_001_hp19_edge_high_prob_prob0.846_x71680_y133248.png,E:\camelyon16_project\data\patches_iter5\train\tumor\iter5_hp_tumor_001_cand019_tumor_001_hp19_edge_high_prob_prob0.846_x71680_y133248.png,
hard_positive,tumor_001,20,,isolated_tumor_cells,hard_positive,E:\camelyon16_project\data\review\hard_positive_iter2\tumor_001\tumor_001_hp20_edge_high_prob_prob0.862_x70656_y124416.png,E:\camelyon16_project\data\patches_iter5\train\tumor\iter5_hp_tumor_001_cand020_tumor_001_hp20_edge_high_prob_prob0.862_x70656_y124416.png,
hard_positive,tumor_001,22,,tumor_in_fibrosis_stroma,hard_positive,E:\camelyon16_project\data\review\hard_positive_iter2\tumor_001\tumor_001_hp22_edge_high_prob_prob0.877_x73088_y124288.png,E:\camelyon16_project\data\patches_iter5\train\tumor\iter5_hp_tumor_001_cand022_tumor_001_hp22_edge_high_prob_prob0.877_x73088_y124288.png,
hard_positive,tumor_001,23,,metastasis_border_transition,border_transition,E:\camelyon16_project\data\review\hard_positive_iter2\tumor_001\tumor_001_hp23_edge_high_prob_prob0.888_x70016_y134400.png,E:\camelyon16_project\data\patches_iter5\train\tumor\iter5_hp_tumor_001_cand023_tumor_001_hp23_edge_high_prob_prob0.888_x70016_y134400.png,
hard_positive,tumor_001,24,,small_tumor_cluster,hard_positive,E:\camelyon16_project\data\review\hard_positive_iter2\tumor_001\tumor_001_hp24_edge_high_prob_prob0.921_x72192_y124288.png,E:\camelyon16_project\data\patches_iter5\train\tumor\iter5_hp_tumor_001_cand024_tumor_001_hp24_edge_high_prob_prob0.921_x72192_y124288.png,
hard_positive,tumor_002,1,,tumor_in_fibrosis_stroma,hard_positive,E:\camelyon16_project\data\review\hard_positive_iter2\tumor_002\tumor_002_hp01_low_prob_edge_prob0.026_x47232_y104448.png,E:\camelyon16_project\data\patches_iter5\train\tumor\iter5_hp_tumor_002_cand001_tumor_002_hp01_low_prob_edge_prob0.026_x47232_y104448.png,
hard_positive,tumor_002,2,,tumor_in_fibrosis_stroma,hard_positive,E:\camelyon16_project\data\review\hard_positive_iter2\tumor_002\tumor_002_hp02_low_prob_edge_prob0.074_x46976_y102784.png,E:\camelyon16_project\data\patches_iter5\train\tumor\iter5_hp_tumor_002_cand002_tumor_002_hp02_low_prob_edge_prob0.074_x46976_y102784.png,
hard_positive,tumor_002,3,,tumor_in_fibrosis_stroma,hard_positive,E:\camelyon16_project\data\review\hard_positive_iter2\tumor_002\tumor_002_hp03_low_prob_edge_prob0.074_x47104_y102784.png,E:\camelyon16_project\data\patches_iter5\train\tumor\iter5_hp_tumor_002_cand003_tumor_002_hp03_low_prob_edge_prob0.074_x47104_y102784.png,
hard_positive,tumor_002,4,,tumor_in_fibrosis_stroma,hard_positive,E:\camelyon16_project\data\review\hard_positive_iter2\tumor_002\tumor_002_hp04_low_prob_edge_prob0.093_x47232_y104576.png,E:\camelyon16_project\data\patches_iter5\train\tumor\iter5_hp_tumor_002_cand004_tumor_002_hp04_low_prob_edge_prob0.093_x47232_y104576.png,
hard_positive,tumor_002,5,,tumor_in_fibrosis_stroma,hard_positive,E:\camelyon16_project\data\review\hard_positive_iter2\tumor_002\tumor_002_hp05_low_prob_edge_prob0.130_x46848_y102656.png,E:\camelyon16_project\data\patches_iter5\train\tumor\iter5_hp_tumor_002_cand005_tumor_002_hp05_low_prob_edge_prob0.130_x46848_y102656.png,
hard_positive,tumor_002,6,,tumor_in_fibrosis_stroma,hard_positive,E:\camelyon16_project\data\review\hard_positive_iter2\tumor_002\tumor_002_hp06_low_prob_edge_prob0.159_x46976_y103808.png,E:\camelyon16_project\data\patches_iter5\train\tumor\iter5_hp_tumor_002_cand006_tumor_002_hp06_low_prob_edge_prob0.159_x46976_y103808.png,
hard_positive,tumor_002,7,,tumor_in_fibrosis_stroma,hard_positive,E:\camelyon16_project\data\review\hard_positive_iter2\tumor_002\tumor_002_hp07_low_prob_edge_prob0.452_x47232_y103168.png,E:\camelyon16_project\data\patches_iter5\train\tumor\iter5_hp_tumor_002_cand007_tumor_002_hp07_low_prob_edge_prob0.452_x47232_y103168.png,
hard_positive,tumor_002,8,,tumor_in_fibrosis_stroma,hard_positive,E:\camelyon16_project\data\review\hard_positive_iter2\tumor_002\tumor_002_hp08_low_prob_edge_prob0.470_x46464_y102784.png,E:\camelyon16_project\data\patches_iter5\train\tumor\iter5_hp_tumor_002_cand008_tumor_002_hp08_low_prob_edge_prob0.470_x46464_y102784.png,
hard_positive,tumor_002,9,,tumor_in_fibrosis_stroma,hard_positive,E:\camelyon16_project\data\review\hard_positive_iter2\tumor_002\tumor_002_hp09_mid_prob_edge_prob0.554_x46720_y102528.png,E:\camelyon16_project\data\patches_iter5\train\tumor\iter5_hp_tumor_002_cand009_tumor_002_hp09_mid_prob_edge_prob0.554_x46720_y102528.png,
hard_positive,tumor_002,10,,tumor_in_fibrosis_stroma,hard_positive,E:\camelyon16_project\data\review\hard_positive_iter2\tumor_002\tumor_002_hp10_mid_prob_edge_prob0.562_x47104_y103168.png,E:\camelyon16_project\data\patches_iter5\train\tumor\iter5_hp_tumor_002_cand010_tumor_002_hp10_mid_prob_edge_prob0.562_x47104_y103168.png,
hard_positive,tumor_002,11,,tumor_in_fibrosis_stroma,hard_positive,E:\camelyon16_project\data\review\hard_positive_iter2\tumor_002\tumor_002_hp11_mid_prob_edge_prob0.589_x46592_y102528.png,E:\camelyon16_project\data\patches_iter5\train\tumor\iter5_hp_tumor_002_cand011_tumor_002_hp11_mid_prob_edge_prob0.589_x46592_y102528.png,
hard_positive,tumor_002,12,,tumor_in_fibrosis_stroma,hard_positive,E:\camelyon16_project\data\review\hard_positive_iter2\tumor_002\tumor_002_hp12_mid_prob_edge_prob0.615_x46976_y102912.png,E:\camelyon16_project\data\patches_iter5\train\tumor\iter5_hp_tumor_002_cand012_tumor_002_hp12_mid_prob_edge_prob0.615_x46976_y102912.png,
hard_positive,tumor_002,13,,tumor_in_fibrosis_stroma,hard_positive,E:\camelyon16_project\data\review\hard_positive_iter2\tumor_002\tumor_002_hp13_mid_prob_edge_prob0.672_x47232_y103424.png,E:\camelyon16_project\data\patches_iter5\train\tumor\iter5_hp_tumor_002_cand013_tumor_002_hp13_mid_prob_edge_prob0.672_x47232_y103424.png,
hard_positive,tumor_002,14,,tumor_in_fibrosis_stroma,hard_positive,E:\camelyon16_project\data\review\hard_positive_iter2\tumor_002\tumor_002_hp14_mid_prob_edge_prob0.773_x46848_y103424.png,E:\camelyon16_project\data\patches_iter5\train\tumor\iter5_hp_tumor_002_cand014_tumor_002_hp14_mid_prob_edge_prob0.773_x46848_y103424.png,
hard_positive,tumor_002,15,,tumor_in_fibrosis_stroma,hard_positive,E:\camelyon16_project\data\review\hard_positive_iter2\tumor_002\tumor_002_hp15_edge_high_prob_prob0.813_x46848_y103296.png,E:\camelyon16_project\data\patches_iter5\train\tumor\iter5_hp_tumor_002_cand015_tumor_002_hp15_edge_high_prob_prob0.813_x46848_y103296.png,
hard_positive,tumor_002,16,,tumor_in_fibrosis_stroma,hard_positive,E:\camelyon16_project\data\review\hard_positive_iter2\tumor_002\tumor_002_hp16_edge_high_prob_prob0.841_x47232_y103552.png,E:\camelyon16_project\data\patches_iter5\train\tumor\iter5_hp_tumor_002_cand016_tumor_002_hp16_edge_high_prob_prob0.841_x47232_y103552.png,
hard_positive,tumor_002,17,,tumor_in_fibrosis_stroma,hard_positive,E:\camelyon16_project\data\review\hard_positive_iter2\tumor_002\tumor_002_hp17_edge_high_prob_prob0.845_x47360_y103552.png,E:\camelyon16_project\data\patches_iter5\train\tumor\iter5_hp_tumor_002_cand017_tumor_002_hp17_edge_high_prob_prob0.845_x47360_y103552.png,
hard_positive,tumor_002,18,,tumor_in_fibrosis_stroma,hard_positive,E:\camelyon16_project\data\review\hard_positive_iter2\tumor_002\tumor_002_hp18_edge_high_prob_prob0.864_x47360_y103424.png,E:\camelyon16_project\data\patches_iter5\train\tumor\iter5_hp_tumor_002_cand018_tumor_002_hp18_edge_high_prob_prob0.864_x47360_y103424.png,
hard_positive,tumor_002,19,,tumor_in_fibrosis_stroma,hard_positive,E:\camelyon16_project\data\review\hard_positive_iter2\tumor_002\tumor_002_hp19_edge_high_prob_prob0.865_x46848_y102784.png,E:\camelyon16_project\data\patches_iter5\train\tumor\iter5_hp_tumor_002_cand019_tumor_002_hp19_edge_high_prob_prob0.865_x46848_y102784.png,
hard_positive,tumor_002,20,,tumor_in_fibrosis_stroma,hard_positive,E:\camelyon16_project\data\review\hard_positive_iter2\tumor_002\tumor_002_hp20_edge_high_prob_prob0.930_x46720_y102912.png,E:\camelyon16_project\data\patches_iter5\train\tumor\iter5_hp_tumor_002_cand020_tumor_002_hp20_edge_high_prob_prob0.930_x46720_y102912.png,
hard_positive,tumor_002,21,,tumor_in_fibrosis_stroma,hard_positive,E:\camelyon16_project\data\review\hard_positive_iter2\tumor_002\tumor_002_hp21_edge_high_prob_prob0.955_x46720_y102656.png,E:\camelyon16_project\data\patches_iter5\train\tumor\iter5_hp_tumor_002_cand021_tumor_002_hp21_edge_high_prob_prob0.955_x46720_y102656.png,
hard_positive,tumor_002,22,,tumor_in_fibrosis_stroma,hard_positive,E:\camelyon16_project\data\review\hard_positive_iter2\tumor_002\tumor_002_hp22_edge_high_prob_prob0.967_x47232_y103680.png,E:\camelyon16_project\data\patches_iter5\train\tumor\iter5_hp_tumor_002_cand022_tumor_002_hp22_edge_high_prob_prob0.967_x47232_y103680.png,
hard_positive,tumor_002,23,,tumor_in_fibrosis_stroma,hard_positive,E:\camelyon16_project\data\review\hard_positive_iter2\tumor_002\tumor_002_hp23_edge_high_prob_prob0.973_x46976_y103040.png,E:\camelyon16_project\data\patches_iter5\train\tumor\iter5_hp_tumor_002_cand023_tumor_002_hp23_edge_high_prob_prob0.973_x46976_y103040.png,
hard_positive,tumor_002,24,,tumor_in_fibrosis_stroma,hard_positive,E:\camelyon16_project\data\review\hard_positive_iter2\tumor_002\tumor_002_hp24_edge_high_prob_prob0.983_x46720_y102784.png,E:\camelyon16_project\data\patches_iter5\train\tumor\iter5_hp_tumor_002_cand024_tumor_002_hp24_edge_high_prob_prob0.983_x46720_y102784.png,
hard_positive,tumor_003,1,,small_tumor_cluster,hard_positive,E:\camelyon16_project\data\review\hard_positive_iter2\tumor_003\tumor_003_hp01_low_prob_edge_prob0.010_x74112_y149504.png,E:\camelyon16_project\data\patches_iter5\train\tumor\iter5_hp_tumor_003_cand001_tumor_003_hp01_low_prob_edge_prob0.010_x74112_y149504.png,
hard_positive,tumor_003,2,,small_tumor_cluster,hard_positive,E:\camelyon16_project\data\review\hard_positive_iter2\tumor_003\tumor_003_hp02_low_prob_edge_prob0.075_x74112_y149632.png,E:\camelyon16_project\data\patches_iter5\train\tumor\iter5_hp_tumor_003_cand002_tumor_003_hp02_low_prob_edge_prob0.075_x74112_y149632.png,
hard_positive,tumor_003,3,,metastasis_border_transition,border_transition,E:\camelyon16_project\data\review\hard_positive_iter2\tumor_003\tumor_003_hp03_low_prob_edge_prob0.144_x80896_y153856.png,E:\camelyon16_project\data\patches_iter5\train\tumor\iter5_hp_tumor_003_cand003_tumor_003_hp03_low_prob_edge_prob0.144_x80896_y153856.png,
hard_positive,tumor_003,4,,small_tumor_cluster,hard_positive,E:\camelyon16_project\data\review\hard_positive_iter2\tumor_003\tumor_003_hp04_low_prob_edge_prob0.154_x75264_y148352.png,E:\camelyon16_project\data\patches_iter5\train\tumor\iter5_hp_tumor_003_cand004_tumor_003_hp04_low_prob_edge_prob0.154_x75264_y148352.png,
hard_positive,tumor_003,5,,metastasis_border_transition,border_transition,E:\camelyon16_project\data\review\hard_positive_iter2\tumor_003\tumor_003_hp05_low_prob_edge_prob0.345_x80384_y153856.png,E:\camelyon16_project\data\patches_iter5\train\tumor\iter5_hp_tumor_003_cand005_tumor_003_hp05_low_prob_edge_prob0.345_x80384_y153856.png,
hard_positive,tumor_003,6,,tumor_in_fibrosis_stroma,hard_positive,E:\camelyon16_project\data\review\hard_positive_iter2\tumor_003\tumor_003_hp06_low_prob_edge_prob0.473_x78848_y153472.png,E:\camelyon16_project\data\patches_iter5\train\tumor\iter5_hp_tumor_003_cand006_tumor_003_hp06_low_prob_edge_prob0.473_x78848_y153472.png,
hard_positive,tumor_003,7,,metastasis_border_transition,border_transition,E:\camelyon16_project\data\review\hard_positive_iter2\tumor_003\tumor_003_hp07_mid_prob_edge_prob0.569_x80512_y153856.png,E:\camelyon16_project\data\patches_iter5\train\tumor\iter5_hp_tumor_003_cand007_tumor_003_hp07_mid_prob_edge_prob0.569_x80512_y153856.png,
hard_positive,tumor_003,8,,small_tumor_cluster,hard_positive,E:\camelyon16_project\data\review\hard_positive_iter2\tumor_003\tumor_003_hp08_mid_prob_edge_prob0.621_x74624_y147584.png,E:\camelyon16_project\data\patches_iter5\train\tumor\iter5_hp_tumor_003_cand008_tumor_003_hp08_mid_prob_edge_prob0.621_x74624_y147584.png,
hard_positive,tumor_003,9,,other_hard_tumor,hard_positive,E:\camelyon16_project\data\review\hard_positive_iter2\tumor_003\tumor_003_hp09_mid_prob_edge_prob0.673_x80896_y153728.png,E:\camelyon16_project\data\patches_iter5\train\tumor\iter5_hp_tumor_003_cand009_tumor_003_hp09_mid_prob_edge_prob0.673_x80896_y153728.png,
hard_positive,tumor_003,10,,small_tumor_cluster,hard_positive,E:\camelyon16_project\data\review\hard_positive_iter2\tumor_003\tumor_003_hp10_mid_prob_edge_prob0.731_x75264_y148224.png,E:\camelyon16_project\data\patches_iter5\train\tumor\iter5_hp_tumor_003_cand010_tumor_003_hp10_mid_prob_edge_prob0.731_x75264_y148224.png,
hard_positive,tumor_003,11,,small_tumor_cluster,hard_positive,E:\camelyon16_project\data\review\hard_positive_iter2\tumor_003\tumor_003_hp11_mid_prob_edge_prob0.731_x74752_y147456.png,E:\camelyon16_project\data\patches_iter5\train\tumor\iter5_hp_tumor_003_cand011_tumor_003_hp11_mid_prob_edge_prob0.731_x74752_y147456.png,
hard_positive,tumor_003,12,,metastasis_border_transition,border_transition,E:\camelyon16_project\data\review\hard_positive_iter2\tumor_003\tumor_003_hp12_mid_prob_edge_prob0.786_x78208_y153472.png,E:\camelyon16_project\data\patches_iter5\train\tumor\iter5_hp_tumor_003_cand012_tumor_003_hp12_mid_prob_edge_prob0.786_x78208_y153472.png,
hard_positive,tumor_003,15,,small_tumor_cluster,hard_positive,E:\camelyon16_project\data\review\hard_positive_iter2\tumor_003\tumor_003_hp15_edge_high_prob_prob0.839_x75648_y149504.png,E:\camelyon16_project\data\patches_iter5\train\tumor\iter5_hp_tumor_003_cand015_tumor_003_hp15_edge_high_prob_prob0.839_x75648_y149504.png,
hard_positive,tumor_003,16,,metastasis_border_transition,border_transition,E:\camelyon16_project\data\review\hard_positive_iter2\tumor_003\tumor_003_hp16_edge_high_prob_prob0.864_x80512_y152832.png,E:\camelyon16_project\data\patches_iter5\train\tumor\iter5_hp_tumor_003_cand016_tumor_003_hp16_edge_high_prob_prob0.864_x80512_y152832.png,
hard_positive,tumor_003,17,,isolated_tumor_cells,hard_positive,E:\camelyon16_project\data\review\hard_positive_iter2\tumor_003\tumor_003_hp17_edge_high_prob_prob0.872_x77824_y152320.png,E:\camelyon16_project\data\patches_iter5\train\tumor\iter5_hp_tumor_003_cand017_tumor_003_hp17_edge_high_prob_prob0.872_x77824_y152320.png,
hard_positive,tumor_003,19,,metastasis_border_transition,border_transition,E:\camelyon16_project\data\review\hard_positive_iter2\tumor_003\tumor_003_hp19_edge_high_prob_prob0.896_x80768_y153856.png,E:\camelyon16_project\data\patches_iter5\train\tumor\iter5_hp_tumor_003_cand019_tumor_003_hp19_edge_high_prob_prob0.896_x80768_y153856.png,
hard_positive,tumor_003,20,,small_tumor_cluster,hard_positive,E:\camelyon16_project\data\review\hard_positive_iter2\tumor_003\tumor_003_hp20_edge_high_prob_prob0.897_x80384_y152448.png,E:\camelyon16_project\data\patches_iter5\train\tumor\iter5_hp_tumor_003_cand020_tumor_003_hp20_edge_high_prob_prob0.897_x80384_y152448.png,
hard_positive,tumor_003,21,,tumor_in_artifact,hard_positive,E:\camelyon16_project\data\review\hard_positive_iter2\tumor_003\tumor_003_hp21_edge_high_prob_prob0.906_x74624_y147456.png,E:\camelyon16_project\data\patches_iter5\train\tumor\iter5_hp_tumor_003_cand021_tumor_003_hp21_edge_high_prob_prob0.906_x74624_y147456.png,
hard_positive,tumor_003,22,,tumor_in_fibrosis_stroma,hard_positive,E:\camelyon16_project\data\review\hard_positive_iter2\tumor_003\tumor_003_hp22_edge_high_prob_prob0.907_x80256_y152576.png,E:\camelyon16_project\data\patches_iter5\train\tumor\iter5_hp_tumor_003_cand022_tumor_003_hp22_edge_high_prob_prob0.907_x80256_y152576.png,
hard_positive,tumor_003,24,,metastasis_border_transition,border_transition,E:\camelyon16_project\data\review\hard_positive_iter2\tumor_003\tumor_003_hp24_edge_high_prob_prob0.924_x75776_y149632.png,E:\camelyon16_project\data\patches_iter5\train\tumor\iter5_hp_tumor_003_cand024_tumor_003_hp24_edge_high_prob_prob0.924_x75776_y149632.png,
hard_positive,tumor_004,1,,metastasis_border_transition,border_transition,E:\camelyon16_project\data\review\hard_positive_iter2\tumor_004\tumor_004_hp01_low_prob_edge_prob0.000_x71936_y99840.png,E:\camelyon16_project\data\patches_iter5\train\tumor\iter5_hp_tumor_004_cand001_tumor_004_hp01_low_prob_edge_prob0.000_x71936_y99840.png,
hard_positive,tumor_004,2,,tumor_in_fibrosis_stroma,hard_positive,E:\camelyon16_project\data\review\hard_positive_iter2\tumor_004\tumor_004_hp02_low_prob_edge_prob0.002_x70784_y98688.png,E:\camelyon16_project\data\patches_iter5\train\tumor\iter5_hp_tumor_004_cand002_tumor_004_hp02_low_prob_edge_prob0.002_x70784_y98688.png,
hard_positive,tumor_004,3,,metastasis_border_transition,border_transition,E:\camelyon16_project\data\review\hard_positive_iter2\tumor_004\tumor_004_hp03_low_prob_edge_prob0.004_x71936_y99712.png,E:\camelyon16_project\data\patches_iter5\train\tumor\iter5_hp_tumor_004_cand003_tumor_004_hp03_low_prob_edge_prob0.004_x71936_y99712.png,
hard_positive,tumor_004,4,,tumor_in_fibrosis_stroma,hard_positive,E:\camelyon16_project\data\review\hard_positive_iter2\tumor_004\tumor_004_hp04_low_prob_edge_prob0.006_x70912_y98816.png,E:\camelyon16_project\data\patches_iter5\train\tumor\iter5_hp_tumor_004_cand004_tumor_004_hp04_low_prob_edge_prob0.006_x70912_y98816.png,
hard_positive,tumor_004,5,,tumor_in_fibrosis_stroma,hard_positive,E:\camelyon16_project\data\review\hard_positive_iter2\tumor_004\tumor_004_hp05_low_prob_edge_prob0.013_x70912_y98688.png,E:\camelyon16_project\data\patches_iter5\train\tumor\iter5_hp_tumor_004_cand005_tumor_004_hp05_low_prob_edge_prob0.013_x70912_y98688.png,
hard_positive,tumor_004,6,,tumor_in_necrosis_coagulation,hard_positive,E:\camelyon16_project\data\review\hard_positive_iter2\tumor_004\tumor_004_hp06_low_prob_edge_prob0.014_x73344_y100352.png,E:\camelyon16_project\data\patches_iter5\train\tumor\iter5_hp_tumor_004_cand006_tumor_004_hp06_low_prob_edge_prob0.014_x73344_y100352.png,
hard_positive,tumor_004,7,,tumor_in_necrosis_coagulation,hard_positive,E:\camelyon16_project\data\review\hard_positive_iter2\tumor_004\tumor_004_hp07_low_prob_edge_prob0.015_x73344_y100480.png,E:\camelyon16_project\data\patches_iter5\train\tumor\iter5_hp_tumor_004_cand007_tumor_004_hp07_low_prob_edge_prob0.015_x73344_y100480.png,
hard_positive,tumor_004,8,,other_hard_tumor,hard_positive,E:\camelyon16_project\data\review\hard_positive_iter2\tumor_004\tumor_004_hp08_low_prob_edge_prob0.021_x70272_y98816.png,E:\camelyon16_project\data\patches_iter5\train\tumor\iter5_hp_tumor_004_cand008_tumor_004_hp08_low_prob_edge_prob0.021_x70272_y98816.png,
hard_positive,tumor_004,9,,tumor_in_fibrosis_stroma,hard_positive,E:\camelyon16_project\data\review\hard_positive_iter2\tumor_004\tumor_004_hp09_low_prob_edge_prob0.028_x72576_y100224.png,E:\camelyon16_project\data\patches_iter5\train\tumor\iter5_hp_tumor_004_cand009_tumor_004_hp09_low_prob_edge_prob0.028_x72576_y100224.png,
hard_positive,tumor_004,10,,tumor_in_fibrosis_stroma,hard_positive,E:\camelyon16_project\data\review\hard_positive_iter2\tumor_004\tumor_004_hp10_low_prob_edge_prob0.034_x70784_y98816.png,E:\camelyon16_project\data\patches_iter5\train\tumor\iter5_hp_tumor_004_cand010_tumor_004_hp10_low_prob_edge_prob0.034_x70784_y98816.png,
hard_positive,tumor_004,11,,tumor_in_fibrosis_stroma,hard_positive,E:\camelyon16_project\data\review\hard_positive_iter2\tumor_004\tumor_004_hp11_low_prob_edge_prob0.042_x71808_y99712.png,E:\camelyon16_project\data\patches_iter5\train\tumor\iter5_hp_tumor_004_cand011_tumor_004_hp11_low_prob_edge_prob0.042_x71808_y99712.png,
hard_positive,tumor_004,12,,tumor_in_fibrosis_stroma,hard_positive,E:\camelyon16_project\data\review\hard_positive_iter2\tumor_004\tumor_004_hp12_low_prob_edge_prob0.045_x73472_y100480.png,E:\camelyon16_project\data\patches_iter5\train\tumor\iter5_hp_tumor_004_cand012_tumor_004_hp12_low_prob_edge_prob0.045_x73472_y100480.png,
hard_positive,tumor_004,13,,tumor_in_fibrosis_stroma,hard_positive,E:\camelyon16_project\data\review\hard_positive_iter2\tumor_004\tumor_004_hp13_low_prob_edge_prob0.045_x71808_y99968.png,E:\camelyon16_project\data\patches_iter5\train\tumor\iter5_hp_tumor_004_cand013_tumor_004_hp13_low_prob_edge_prob0.045_x71808_y99968.png,
hard_positive,tumor_004,14,,tumor_in_fibrosis_stroma,hard_positive,E:\camelyon16_project\data\review\hard_positive_iter2\tumor_004\tumor_004_hp14_low_prob_edge_prob0.047_x71808_y99840.png,E:\camelyon16_project\data\patches_iter5\train\tumor\iter5_hp_tumor_004_cand014_tumor_004_hp14_low_prob_edge_prob0.047_x71808_y99840.png,
hard_positive,tumor_004,15,,tumor_in_fibrosis_stroma,hard_positive,E:\camelyon16_project\data\review\hard_positive_iter2\tumor_004\tumor_004_hp15_low_prob_edge_prob0.049_x70656_y98688.png,E:\camelyon16_project\data\patches_iter5\train\tumor\iter5_hp_tumor_004_cand015_tumor_004_hp15_low_prob_edge_prob0.049_x70656_y98688.png,
hard_positive,tumor_004,16,,tumor_in_fibrosis_stroma,hard_positive,E:\camelyon16_project\data\review\hard_positive_iter2\tumor_004\tumor_004_hp16_low_prob_edge_prob0.050_x69760_y98688.png,E:\camelyon16_project\data\patches_iter5\train\tumor\iter5_hp_tumor_004_cand016_tumor_004_hp16_low_prob_edge_prob0.050_x69760_y98688.png,
hard_positive,tumor_004,17,,tumor_in_fibrosis_stroma,hard_positive,E:\camelyon16_project\data\review\hard_positive_iter2\tumor_004\tumor_004_hp17_low_prob_edge_prob0.064_x70656_y98816.png,E:\camelyon16_project\data\patches_iter5\train\tumor\iter5_hp_tumor_004_cand017_tumor_004_hp17_low_prob_edge_prob0.064_x70656_y98816.png,
hard_positive,tumor_004,18,,tumor_in_fibrosis_stroma,hard_positive,E:\camelyon16_project\data\review\hard_positive_iter2\tumor_004\tumor_004_hp18_low_prob_edge_prob0.066_x74752_y100224.png,E:\camelyon16_project\data\patches_iter5\train\tumor\iter5_hp_tumor_004_cand018_tumor_004_hp18_low_prob_edge_prob0.066_x74752_y100224.png,
hard_positive,tumor_004,19,,tumor_in_fibrosis_stroma,hard_positive,E:\camelyon16_project\data\review\hard_positive_iter2\tumor_004\tumor_004_hp19_low_prob_edge_prob0.074_x69632_y98688.png,E:\camelyon16_project\data\patches_iter5\train\tumor\iter5_hp_tumor_004_cand019_tumor_004_hp19_low_prob_edge_prob0.074_x69632_y98688.png,
hard_positive,tumor_004,20,,tumor_in_fibrosis_stroma,hard_positive,E:\camelyon16_project\data\review\hard_positive_iter2\tumor_004\tumor_004_hp20_low_prob_edge_prob0.087_x74752_y100096.png,E:\camelyon16_project\data\patches_iter5\train\tumor\iter5_hp_tumor_004_cand020_tumor_004_hp20_low_prob_edge_prob0.087_x74752_y100096.png,
hard_positive,tumor_004,21,,tumor_in_fibrosis_stroma,hard_positive,E:\camelyon16_project\data\review\hard_positive_iter2\tumor_004\tumor_004_hp21_low_prob_edge_prob0.098_x73088_y100224.png,E:\camelyon16_project\data\patches_iter5\train\tumor\iter5_hp_tumor_004_cand021_tumor_004_hp21_low_prob_edge_prob0.098_x73088_y100224.png,
hard_positive,tumor_004,22,,tumor_in_fibrosis_stroma,hard_positive,E:\camelyon16_project\data\review\hard_positive_iter2\tumor_004\tumor_004_hp22_low_prob_edge_prob0.102_x74880_y100096.png,E:\camelyon16_project\data\patches_iter5\train\tumor\iter5_hp_tumor_004_cand022_tumor_004_hp22_low_prob_edge_prob0.102_x74880_y100096.png,
hard_positive,tumor_004,23,,tumor_in_fibrosis_stroma,hard_positive,E:\camelyon16_project\data\review\hard_positive_iter2\tumor_004\tumor_004_hp23_low_prob_edge_prob0.116_x71040_y98816.png,E:\camelyon16_project\data\patches_iter5\train\tumor\iter5_hp_tumor_004_cand023_tumor_004_hp23_low_prob_edge_prob0.116_x71040_y98816.png,
hard_positive,tumor_004,24,,tumor_in_fibrosis_stroma,hard_positive,E:\camelyon16_project\data\review\hard_positive_iter2\tumor_004\tumor_004_hp24_low_prob_edge_prob0.129_x69120_y98560.png,E:\camelyon16_project\data\patches_iter5\train\tumor\iter5_hp_tumor_004_cand024_tumor_004_hp24_low_prob_edge_prob0.129_x69120_y98560.png,
hard_positive,tumor_005,1,,metastasis_border_transition,border_transition,E:\camelyon16_project\data\review\hard_positive_iter2\tumor_005\tumor_005_hp01_low_prob_edge_prob0.017_x59008_y139136.png,E:\camelyon16_project\data\patches_iter5\train\tumor\iter5_hp_tumor_005_cand001_tumor_005_hp01_low_prob_edge_prob0.017_x59008_y139136.png,
hard_positive,tumor_005,2,,tumor_in_fibrosis_stroma,hard_positive,E:\camelyon16_project\data\review\hard_positive_iter2\tumor_005\tumor_005_hp02_low_prob_edge_prob0.040_x58880_y139008.png,E:\camelyon16_project\data\patches_iter5\train\tumor\iter5_hp_tumor_005_cand002_tumor_005_hp02_low_prob_edge_prob0.040_x58880_y139008.png,
hard_positive,tumor_005,3,,tumor_in_fibrosis_stroma,hard_positive,E:\camelyon16_project\data\review\hard_positive_iter2\tumor_005\tumor_005_hp03_low_prob_edge_prob0.071_x59264_y138880.png,E:\camelyon16_project\data\patches_iter5\train\tumor\iter5_hp_tumor_005_cand003_tumor_005_hp03_low_prob_edge_prob0.071_x59264_y138880.png,
hard_positive,tumor_005,4,,metastasis_border_transition,border_transition,E:\camelyon16_project\data\review\hard_positive_iter2\tumor_005\tumor_005_hp04_low_prob_edge_prob0.072_x59008_y139264.png,E:\camelyon16_project\data\patches_iter5\train\tumor\iter5_hp_tumor_005_cand004_tumor_005_hp04_low_prob_edge_prob0.072_x59008_y139264.png,
hard_positive,tumor_005,6,,metastasis_border_transition,border_transition,E:\camelyon16_project\data\review\hard_positive_iter2\tumor_005\tumor_005_hp06_low_prob_edge_prob0.079_x58368_y138496.png,E:\camelyon16_project\data\patches_iter5\train\tumor\iter5_hp_tumor_005_cand006_tumor_005_hp06_low_prob_edge_prob0.079_x58368_y138496.png,
hard_positive,tumor_005,7,,metastasis_border_transition,border_transition,E:\camelyon16_project\data\review\hard_positive_iter2\tumor_005\tumor_005_hp07_low_prob_edge_prob0.096_x58752_y136704.png,E:\camelyon16_project\data\patches_iter5\train\tumor\iter5_hp_tumor_005_cand007_tumor_005_hp07_low_prob_edge_prob0.096_x58752_y136704.png,
hard_positive,tumor_005,8,,tumor_in_fibrosis_stroma,hard_positive,E:\camelyon16_project\data\review\hard_positive_iter2\tumor_005\tumor_005_hp08_low_prob_edge_prob0.138_x59392_y137984.png,E:\camelyon16_project\data\patches_iter5\train\tumor\iter5_hp_tumor_005_cand008_tumor_005_hp08_low_prob_edge_prob0.138_x59392_y137984.png,
hard_positive,tumor_005,9,,crushed_tumor,hard_positive,E:\camelyon16_project\data\review\hard_positive_iter2\tumor_005\tumor_005_hp09_low_prob_edge_prob0.199_x58752_y138496.png,E:\camelyon16_project\data\patches_iter5\train\tumor\iter5_hp_tumor_005_cand009_tumor_005_hp09_low_prob_edge_prob0.199_x58752_y138496.png,
hard_positive,tumor_005,10,,tumor_in_necrosis_coagulation,hard_positive,E:\camelyon16_project\data\review\hard_positive_iter2\tumor_005\tumor_005_hp10_low_prob_edge_prob0.213_x59008_y139392.png,E:\camelyon16_project\data\patches_iter5\train\tumor\iter5_hp_tumor_005_cand010_tumor_005_hp10_low_prob_edge_prob0.213_x59008_y139392.png,
hard_positive,tumor_005,11,,tumor_in_necrosis_coagulation,hard_positive,E:\camelyon16_project\data\review\hard_positive_iter2\tumor_005\tumor_005_hp11_low_prob_edge_prob0.219_x58624_y139392.png,E:\camelyon16_project\data\patches_iter5\train\tumor\iter5_hp_tumor_005_cand011_tumor_005_hp11_low_prob_edge_prob0.219_x58624_y139392.png,
hard_positive,tumor_005,12,,tumor_in_fibrosis_stroma,hard_positive,E:\camelyon16_project\data\review\hard_positive_iter2\tumor_005\tumor_005_hp12_low_prob_edge_prob0.236_x59392_y138880.png,E:\camelyon16_project\data\patches_iter5\train\tumor\iter5_hp_tumor_005_cand012_tumor_005_hp12_low_prob_edge_prob0.236_x59392_y138880.png,
hard_positive,tumor_005,13,,tumor_in_necrosis_coagulation,hard_positive,E:\camelyon16_project\data\review\hard_positive_iter2\tumor_005\tumor_005_hp13_low_prob_edge_prob0.480_x57856_y138112.png,E:\camelyon16_project\data\patches_iter5\train\tumor\iter5_hp_tumor_005_cand013_tumor_005_hp13_low_prob_edge_prob0.480_x57856_y138112.png,
hard_positive,tumor_005,14,,metastasis_border_transition,border_transition,E:\camelyon16_project\data\review\hard_positive_iter2\tumor_005\tumor_005_hp14_mid_prob_edge_prob0.535_x58368_y139648.png,E:\camelyon16_project\data\patches_iter5\train\tumor\iter5_hp_tumor_005_cand014_tumor_005_hp14_mid_prob_edge_prob0.535_x58368_y139648.png,
hard_positive,tumor_005,15,,tumor_in_fibrosis_stroma,hard_positive,E:\camelyon16_project\data\review\hard_positive_iter2\tumor_005\tumor_005_hp15_mid_prob_edge_prob0.560_x58880_y138112.png,E:\camelyon16_project\data\patches_iter5\train\tumor\iter5_hp_tumor_005_cand015_tumor_005_hp15_mid_prob_edge_prob0.560_x58880_y138112.png,
hard_positive,tumor_005,16,,metastasis_border_transition,border_transition,E:\camelyon16_project\data\review\hard_positive_iter2\tumor_005\tumor_005_hp16_mid_prob_edge_prob0.565_x58752_y139008.png,E:\camelyon16_project\data\patches_iter5\train\tumor\iter5_hp_tumor_005_cand016_tumor_005_hp16_mid_prob_edge_prob0.565_x58752_y139008.png,
hard_positive,tumor_005,17,,tumor_in_necrosis_coagulation,hard_positive,E:\camelyon16_project\data\review\hard_positive_iter2\tumor_005\tumor_005_hp17_mid_prob_edge_prob0.706_x58880_y138880.png,E:\camelyon16_project\data\patches_iter5\train\tumor\iter5_hp_tumor_005_cand017_tumor_005_hp17_mid_prob_edge_prob0.706_x58880_y138880.png,
hard_positive,tumor_005,18,,metastasis_border_transition,border_transition,E:\camelyon16_project\data\review\hard_positive_iter2\tumor_005\tumor_005_hp18_mid_prob_edge_prob0.738_x59392_y138752.png,E:\camelyon16_project\data\patches_iter5\train\tumor\iter5_hp_tumor_005_cand018_tumor_005_hp18_mid_prob_edge_prob0.738_x59392_y138752.png,
hard_positive,tumor_005,19,,tumor_in_necrosis_coagulation,hard_positive,E:\camelyon16_project\data\review\hard_positive_iter2\tumor_005\tumor_005_hp19_mid_prob_edge_prob0.740_x58112_y137344.png,E:\camelyon16_project\data\patches_iter5\train\tumor\iter5_hp_tumor_005_cand019_tumor_005_hp19_mid_prob_edge_prob0.740_x58112_y137344.png,
hard_positive,tumor_005,20,,tumor_in_necrosis_coagulation,hard_positive,E:\camelyon16_project\data\review\hard_positive_iter2\tumor_005\tumor_005_hp20_mid_prob_edge_prob0.744_x58752_y139520.png,E:\camelyon16_project\data\patches_iter5\train\tumor\iter5_hp_tumor_005_cand020_tumor_005_hp20_mid_prob_edge_prob0.744_x58752_y139520.png,
hard_positive,tumor_005,21,,metastasis_border_transition,border_transition,E:\camelyon16_project\data\review\hard_positive_iter2\tumor_005\tumor_005_hp21_edge_high_prob_prob0.871_x59136_y139776.png,E:\camelyon16_project\data\patches_iter5\train\tumor\iter5_hp_tumor_005_cand021_tumor_005_hp21_edge_high_prob_prob0.871_x59136_y139776.png,
hard_positive,tumor_005,22,,tumor_in_necrosis_coagulation,hard_positive,E:\camelyon16_project\data\review\hard_positive_iter2\tumor_005\tumor_005_hp22_edge_high_prob_prob0.885_x58880_y139520.png,E:\camelyon16_project\data\patches_iter5\train\tumor\iter5_hp_tumor_005_cand022_tumor_005_hp22_edge_high_prob_prob0.885_x58880_y139520.png,
hard_positive,tumor_005,23,,metastasis_border_transition,border_transition,E:\camelyon16_project\data\review\hard_positive_iter2\tumor_005\tumor_005_hp23_edge_high_prob_prob0.903_x58112_y138368.png,E:\camelyon16_project\data\patches_iter5\train\tumor\iter5_hp_tumor_005_cand023_tumor_005_hp23_edge_high_prob_prob0.903_x58112_y138368.png,
hard_positive,tumor_006,1,,tumor_in_fibrosis_stroma,hard_positive,E:\camelyon16_project\data\review\hard_positive_iter2\tumor_006\tumor_006_hp01_low_prob_edge_prob0.077_x60928_y176000.png,E:\camelyon16_project\data\patches_iter5\train\tumor\iter5_hp_tumor_006_cand001_tumor_006_hp01_low_prob_edge_prob0.077_x60928_y176000.png,
hard_positive,tumor_006,2,,tumor_in_fibrosis_stroma,hard_positive,E:\camelyon16_project\data\review\hard_positive_iter2\tumor_006\tumor_006_hp02_low_prob_edge_prob0.124_x60928_y176128.png,E:\camelyon16_project\data\patches_iter5\train\tumor\iter5_hp_tumor_006_cand002_tumor_006_hp02_low_prob_edge_prob0.124_x60928_y176128.png,
hard_positive,tumor_006,3,,tumor_in_fibrosis_stroma,hard_positive,E:\camelyon16_project\data\review\hard_positive_iter2\tumor_006\tumor_006_hp03_low_prob_edge_prob0.206_x59392_y173440.png,E:\camelyon16_project\data\patches_iter5\train\tumor\iter5_hp_tumor_006_cand003_tumor_006_hp03_low_prob_edge_prob0.206_x59392_y173440.png,
hard_positive,tumor_006,4,,tumor_in_artifact,hard_positive,E:\camelyon16_project\data\review\hard_positive_iter2\tumor_006\tumor_006_hp04_low_prob_edge_prob0.364_x58368_y172288.png,E:\camelyon16_project\data\patches_iter5\train\tumor\iter5_hp_tumor_006_cand004_tumor_006_hp04_low_prob_edge_prob0.364_x58368_y172288.png,
hard_positive,tumor_006,5,,metastasis_border_transition,border_transition,E:\camelyon16_project\data\review\hard_positive_iter2\tumor_006\tumor_006_hp05_low_prob_edge_prob0.410_x61056_y176256.png,E:\camelyon16_project\data\patches_iter5\train\tumor\iter5_hp_tumor_006_cand005_tumor_006_hp05_low_prob_edge_prob0.410_x61056_y176256.png,
hard_positive,tumor_006,6,,metastasis_border_transition,border_transition,E:\camelyon16_project\data\review\hard_positive_iter2\tumor_006\tumor_006_hp06_mid_prob_edge_prob0.600_x55680_y169728.png,E:\camelyon16_project\data\patches_iter5\train\tumor\iter5_hp_tumor_006_cand006_tumor_006_hp06_mid_prob_edge_prob0.600_x55680_y169728.png,
hard_positive,tumor_006,7,,metastasis_border_transition,border_transition,E:\camelyon16_project\data\review\hard_positive_iter2\tumor_006\tumor_006_hp07_mid_prob_edge_prob0.642_x55680_y168960.png,E:\camelyon16_project\data\patches_iter5\train\tumor\iter5_hp_tumor_006_cand007_tumor_006_hp07_mid_prob_edge_prob0.642_x55680_y168960.png,
hard_positive,tumor_006,8,,tumor_in_necrosis_coagulation,hard_positive,E:\camelyon16_project\data\review\hard_positive_iter2\tumor_006\tumor_006_hp08_mid_prob_edge_prob0.661_x56448_y169600.png,E:\camelyon16_project\data\patches_iter5\train\tumor\iter5_hp_tumor_006_cand008_tumor_006_hp08_mid_prob_edge_prob0.661_x56448_y169600.png,
hard_positive,tumor_006,10,,tumor_in_artifact,hard_positive,E:\camelyon16_project\data\review\hard_positive_iter2\tumor_006\tumor_006_hp10_mid_prob_edge_prob0.744_x59264_y173568.png,E:\camelyon16_project\data\patches_iter5\train\tumor\iter5_hp_tumor_006_cand010_tumor_006_hp10_mid_prob_edge_prob0.744_x59264_y173568.png,
hard_positive,tumor_006,11,,metastasis_border_transition,border_transition,E:\camelyon16_project\data\review\hard_positive_iter2\tumor_006\tumor_006_hp11_mid_prob_edge_prob0.748_x60672_y175872.png,E:\camelyon16_project\data\patches_iter5\train\tumor\iter5_hp_tumor_006_cand011_tumor_006_hp11_mid_prob_edge_prob0.748_x60672_y175872.png,
hard_positive,tumor_006,12,,metastasis_border_transition,border_transition,E:\camelyon16_project\data\review\hard_positive_iter2\tumor_006\tumor_006_hp12_edge_high_prob_prob0.828_x60800_y175872.png,E:\camelyon16_project\data\patches_iter5\train\tumor\iter5_hp_tumor_006_cand012_tumor_006_hp12_edge_high_prob_prob0.828_x60800_y175872.png,
hard_positive,tumor_006,13,,metastasis_border_transition,border_transition,E:\camelyon16_project\data\review\hard_positive_iter2\tumor_006\tumor_006_hp13_edge_high_prob_prob0.843_x61056_y176384.png,E:\camelyon16_project\data\patches_iter5\train\tumor\iter5_hp_tumor_006_cand013_tumor_006_hp13_edge_high_prob_prob0.843_x61056_y176384.png,
hard_positive,tumor_006,14,,metastasis_border_transition,border_transition,E:\camelyon16_project\data\review\hard_positive_iter2\tumor_006\tumor_006_hp14_edge_high_prob_prob0.843_x55552_y169088.png,E:\camelyon16_project\data\patches_iter5\train\tumor\iter5_hp_tumor_006_cand014_tumor_006_hp14_edge_high_prob_prob0.843_x55552_y169088.png,
hard_positive,tumor_006,15,,tumor_in_necrosis_coagulation,hard_positive,E:\camelyon16_project\data\review\hard_positive_iter2\tumor_006\tumor_006_hp15_edge_high_prob_prob0.850_x56064_y169216.png,E:\camelyon16_project\data\patches_iter5\train\tumor\iter5_hp_tumor_006_cand015_tumor_006_hp15_edge_high_prob_prob0.850_x56064_y169216.png,
hard_positive,tumor_006,16,,metastasis_border_transition,border_transition,E:\camelyon16_project\data\review\hard_positive_iter2\tumor_006\tumor_006_hp16_edge_high_prob_prob0.891_x59008_y173056.png,E:\camelyon16_project\data\patches_iter5\train\tumor\iter5_hp_tumor_006_cand016_tumor_006_hp16_edge_high_prob_prob0.891_x59008_y173056.png,
hard_positive,tumor_006,17,,tumor_in_artifact,hard_positive,E:\camelyon16_project\data\review\hard_positive_iter2\tumor_006\tumor_006_hp17_edge_high_prob_prob0.925_x59264_y173440.png,E:\camelyon16_project\data\patches_iter5\train\tumor\iter5_hp_tumor_006_cand017_tumor_006_hp17_edge_high_prob_prob0.925_x59264_y173440.png,
hard_positive,tumor_006,18,,metastasis_border_transition,border_transition,E:\camelyon16_project\data\review\hard_positive_iter2\tumor_006\tumor_006_hp18_edge_high_prob_prob0.950_x55936_y169088.png,E:\camelyon16_project\data\patches_iter5\train\tumor\iter5_hp_tumor_006_cand018_tumor_006_hp18_edge_high_prob_prob0.950_x55936_y169088.png,
hard_positive,tumor_006,19,,metastasis_border_transition,border_transition,E:\camelyon16_project\data\review\hard_positive_iter2\tumor_006\tumor_006_hp19_edge_high_prob_prob0.966_x60672_y176000.png,E:\camelyon16_project\data\patches_iter5\train\tumor\iter5_hp_tumor_006_cand019_tumor_006_hp19_edge_high_prob_prob0.966_x60672_y176000.png,
hard_positive,tumor_006,20,,crushed_tumor,hard_positive,E:\camelyon16_project\data\review\hard_positive_iter2\tumor_006\tumor_006_hp20_edge_high_prob_prob0.969_x60800_y176000.png,E:\camelyon16_project\data\patches_iter5\train\tumor\iter5_hp_tumor_006_cand020_tumor_006_hp20_edge_high_prob_prob0.969_x60800_y176000.png,
hard_positive,tumor_006,21,,metastasis_border_transition,border_transition,E:\camelyon16_project\data\review\hard_positive_iter2\tumor_006\tumor_006_hp21_edge_high_prob_prob0.969_x56192_y168960.png,E:\camelyon16_project\data\patches_iter5\train\tumor\iter5_hp_tumor_006_cand021_tumor_006_hp21_edge_high_prob_prob0.969_x56192_y168960.png,
hard_positive,tumor_006,22,,metastasis_border_transition,border_transition,E:\camelyon16_project\data\review\hard_positive_iter2\tumor_006\tumor_006_hp22_edge_high_prob_prob0.976_x59264_y173312.png,E:\camelyon16_project\data\patches_iter5\train\tumor\iter5_hp_tumor_006_cand022_tumor_006_hp22_edge_high_prob_prob0.976_x59264_y173312.png,
hard_positive,tumor_006,24,,metastasis_border_transition,border_transition,E:\camelyon16_project\data\review\hard_positive_iter2\tumor_006\tumor_006_hp24_edge_high_prob_prob0.978_x59392_y173568.png,E:\camelyon16_project\data\patches_iter5\train\tumor\iter5_hp_tumor_006_cand024_tumor_006_hp24_edge_high_prob_prob0.978_x59392_y173568.png,
hard_positive,tumor_007,1,,small_tumor_cluster,hard_positive,E:\camelyon16_project\data\review\hard_positive_iter2\tumor_007\tumor_007_hp01_low_prob_edge_prob0.321_x13568_y151808.png,E:\camelyon16_project\data\patches_iter5\train\tumor\iter5_hp_tumor_007_cand001_tumor_007_hp01_low_prob_edge_prob0.321_x13568_y151808.png,
hard_positive,tumor_007,2,,small_tumor_cluster,hard_positive,E:\camelyon16_project\data\review\hard_positive_iter2\tumor_007\tumor_007_hp02_mid_prob_edge_prob0.554_x13568_y151680.png,E:\camelyon16_project\data\patches_iter5\train\tumor\iter5_hp_tumor_007_cand002_tumor_007_hp02_mid_prob_edge_prob0.554_x13568_y151680.png,
hard_positive,tumor_007,3,,isolated_tumor_cells,hard_positive,E:\camelyon16_project\data\review\hard_positive_iter2\tumor_007\tumor_007_hp03_mid_prob_edge_prob0.562_x13568_y151936.png,E:\camelyon16_project\data\patches_iter5\train\tumor\iter5_hp_tumor_007_cand003_tumor_007_hp03_mid_prob_edge_prob0.562_x13568_y151936.png,
hard_positive,tumor_007,4,,isolated_tumor_cells,hard_positive,E:\camelyon16_project\data\review\hard_positive_iter2\tumor_007\tumor_007_hp04_mid_prob_edge_prob0.586_x13184_y152832.png,E:\camelyon16_project\data\patches_iter5\train\tumor\iter5_hp_tumor_007_cand004_tumor_007_hp04_mid_prob_edge_prob0.586_x13184_y152832.png,
hard_positive,tumor_007,5,,isolated_tumor_cells,hard_positive,E:\camelyon16_project\data\review\hard_positive_iter2\tumor_007\tumor_007_hp05_mid_prob_edge_prob0.589_x13312_y152064.png,E:\camelyon16_project\data\patches_iter5\train\tumor\iter5_hp_tumor_007_cand005_tumor_007_hp05_mid_prob_edge_prob0.589_x13312_y152064.png,
hard_positive,tumor_007,6,,isolated_tumor_cells,hard_positive,E:\camelyon16_project\data\review\hard_positive_iter2\tumor_007\tumor_007_hp06_mid_prob_edge_prob0.603_x13824_y151680.png,E:\camelyon16_project\data\patches_iter5\train\tumor\iter5_hp_tumor_007_cand006_tumor_007_hp06_mid_prob_edge_prob0.603_x13824_y151680.png,
hard_positive,tumor_007,7,,small_tumor_cluster,hard_positive,E:\camelyon16_project\data\review\hard_positive_iter2\tumor_007\tumor_007_hp07_mid_prob_edge_prob0.676_x13696_y151552.png,E:\camelyon16_project\data\patches_iter5\train\tumor\iter5_hp_tumor_007_cand007_tumor_007_hp07_mid_prob_edge_prob0.676_x13696_y151552.png,
hard_positive,tumor_007,8,,small_tumor_cluster,hard_positive,E:\camelyon16_project\data\review\hard_positive_iter2\tumor_007\tumor_007_hp08_mid_prob_edge_prob0.758_x13696_y151680.png,E:\camelyon16_project\data\patches_iter5\train\tumor\iter5_hp_tumor_007_cand008_tumor_007_hp08_mid_prob_edge_prob0.758_x13696_y151680.png,
hard_positive,tumor_007,9,,small_tumor_cluster,hard_positive,E:\camelyon16_project\data\review\hard_positive_iter2\tumor_007\tumor_007_hp09_edge_high_prob_prob0.803_x13568_y151552.png,E:\camelyon16_project\data\patches_iter5\train\tumor\iter5_hp_tumor_007_cand009_tumor_007_hp09_edge_high_prob_prob0.803_x13568_y151552.png,
hard_positive,tumor_007,10,,small_tumor_cluster,hard_positive,E:\camelyon16_project\data\review\hard_positive_iter2\tumor_007\tumor_007_hp10_edge_high_prob_prob0.821_x31872_y104960.png,E:\camelyon16_project\data\patches_iter5\train\tumor\iter5_hp_tumor_007_cand010_tumor_007_hp10_edge_high_prob_prob0.821_x31872_y104960.png,
hard_positive,tumor_007,11,,metastasis_border_transition,border_transition,E:\camelyon16_project\data\review\hard_positive_iter2\tumor_007\tumor_007_hp11_edge_high_prob_prob0.854_x32000_y104960.png,E:\camelyon16_project\data\patches_iter5\train\tumor\iter5_hp_tumor_007_cand011_tumor_007_hp11_edge_high_prob_prob0.854_x32000_y104960.png,
hard_positive,tumor_007,12,,tumor_in_necrosis_coagulation,hard_positive,E:\camelyon16_project\data\review\hard_positive_iter2\tumor_007\tumor_007_hp12_edge_high_prob_prob0.869_x13440_y151552.png,E:\camelyon16_project\data\patches_iter5\train\tumor\iter5_hp_tumor_007_cand012_tumor_007_hp12_edge_high_prob_prob0.869_x13440_y151552.png,
hard_positive,tumor_007,13,,small_tumor_cluster,hard_positive,E:\camelyon16_project\data\review\hard_positive_iter2\tumor_007\tumor_007_hp13_edge_high_prob_prob0.878_x30464_y104448.png,E:\camelyon16_project\data\patches_iter5\train\tumor\iter5_hp_tumor_007_cand013_tumor_007_hp13_edge_high_prob_prob0.878_x30464_y104448.png,
hard_positive,tumor_007,14,,small_tumor_cluster,hard_positive,E:\camelyon16_project\data\review\hard_positive_iter2\tumor_007\tumor_007_hp14_edge_high_prob_prob0.885_x13184_y152064.png,E:\camelyon16_project\data\patches_iter5\train\tumor\iter5_hp_tumor_007_cand014_tumor_007_hp14_edge_high_prob_prob0.885_x13184_y152064.png,
hard_positive,tumor_007,15,,small_tumor_cluster,hard_positive,E:\camelyon16_project\data\review\hard_positive_iter2\tumor_007\tumor_007_hp15_edge_high_prob_prob0.896_x30464_y104320.png,E:\camelyon16_project\data\patches_iter5\train\tumor\iter5_hp_tumor_007_cand015_tumor_007_hp15_edge_high_prob_prob0.896_x30464_y104320.png,
hard_positive,tumor_007,16,,tumor_in_necrosis_coagulation,hard_positive,E:\camelyon16_project\data\review\hard_positive_iter2\tumor_007\tumor_007_hp16_edge_high_prob_prob0.942_x13184_y151296.png,E:\camelyon16_project\data\patches_iter5\train\tumor\iter5_hp_tumor_007_cand016_tumor_007_hp16_edge_high_prob_prob0.942_x13184_y151296.png,
hard_positive,tumor_007,17,,metastasis_border_transition,border_transition,E:\camelyon16_project\data\review\hard_positive_iter2\tumor_007\tumor_007_hp17_edge_high_prob_prob0.964_x12416_y152576.png,E:\camelyon16_project\data\patches_iter5\train\tumor\iter5_hp_tumor_007_cand017_tumor_007_hp17_edge_high_prob_prob0.964_x12416_y152576.png,
hard_positive,tumor_007,18,,metastasis_border_transition,border_transition,E:\camelyon16_project\data\review\hard_positive_iter2\tumor_007\tumor_007_hp18_edge_high_prob_prob0.968_x13056_y152960.png,E:\camelyon16_project\data\patches_iter5\train\tumor\iter5_hp_tumor_007_cand018_tumor_007_hp18_edge_high_prob_prob0.968_x13056_y152960.png,
hard_positive,tumor_007,19,,small_tumor_cluster,hard_positive,E:\camelyon16_project\data\review\hard_positive_iter2\tumor_007\tumor_007_hp19_edge_high_prob_prob0.973_x13056_y150784.png,E:\camelyon16_project\data\patches_iter5\train\tumor\iter5_hp_tumor_007_cand019_tumor_007_hp19_edge_high_prob_prob0.973_x13056_y150784.png,
hard_positive,tumor_007,20,,small_tumor_cluster,hard_positive,E:\camelyon16_project\data\review\hard_positive_iter2\tumor_007\tumor_007_hp20_edge_high_prob_prob0.975_x30720_y104576.png,E:\camelyon16_project\data\patches_iter5\train\tumor\iter5_hp_tumor_007_cand020_tumor_007_hp20_edge_high_prob_prob0.975_x30720_y104576.png,
hard_positive,tumor_007,21,,tumor_in_necrosis_coagulation,hard_positive,E:\camelyon16_project\data\review\hard_positive_iter2\tumor_007\tumor_007_hp21_edge_high_prob_prob0.980_x13440_y151424.png,E:\camelyon16_project\data\patches_iter5\train\tumor\iter5_hp_tumor_007_cand021_tumor_007_hp21_edge_high_prob_prob0.980_x13440_y151424.png,
hard_positive,tumor_007,22,,small_tumor_cluster,hard_positive,E:\camelyon16_project\data\review\hard_positive_iter2\tumor_007\tumor_007_hp22_edge_high_prob_prob0.981_x30592_y104576.png,E:\camelyon16_project\data\patches_iter5\train\tumor\iter5_hp_tumor_007_cand022_tumor_007_hp22_edge_high_prob_prob0.981_x30592_y104576.png,
hard_positive,tumor_007,23,,isolated_tumor_cells,hard_positive,E:\camelyon16_project\data\review\hard_positive_iter2\tumor_007\tumor_007_hp23_edge_high_prob_prob0.987_x13312_y152192.png,E:\camelyon16_project\data\patches_iter5\train\tumor\iter5_hp_tumor_007_cand023_tumor_007_hp23_edge_high_prob_prob0.987_x13312_y152192.png,
hard_positive,tumor_007,24,,small_tumor_cluster,hard_positive,E:\camelyon16_project\data\review\hard_positive_iter2\tumor_007\tumor_007_hp24_edge_high_prob_prob0.991_x32384_y105728.png,E:\camelyon16_project\data\patches_iter5\train\tumor\iter5_hp_tumor_007_cand024_tumor_007_hp24_edge_high_prob_prob0.991_x32384_y105728.png,
hard_positive,tumor_008,1,,isolated_tumor_cells,hard_positive,E:\camelyon16_project\data\review\hard_positive_iter2\tumor_008\tumor_008_hp01_low_prob_edge_prob0.002_x5888_y130048.png,E:\camelyon16_project\data\patches_iter5\train\tumor\iter5_hp_tumor_008_cand001_tumor_008_hp01_low_prob_edge_prob0.002_x5888_y130048.png,
hard_positive,tumor_008,2,,small_tumor_cluster,hard_positive,E:\camelyon16_project\data\review\hard_positive_iter2\tumor_008\tumor_008_hp02_low_prob_edge_prob0.046_x6144_y130048.png,E:\camelyon16_project\data\patches_iter5\train\tumor\iter5_hp_tumor_008_cand002_tumor_008_hp02_low_prob_edge_prob0.046_x6144_y130048.png,
hard_positive,tumor_008,3,,small_tumor_cluster,hard_positive,E:\camelyon16_project\data\review\hard_positive_iter2\tumor_008\tumor_008_hp03_low_prob_edge_prob0.292_x6016_y130048.png,E:\camelyon16_project\data\patches_iter5\train\tumor\iter5_hp_tumor_008_cand003_tumor_008_hp03_low_prob_edge_prob0.292_x6016_y130048.png,
hard_positive,tumor_008,4,,isolated_tumor_cells,hard_positive,E:\camelyon16_project\data\review\hard_positive_iter2\tumor_008\tumor_008_hp04_low_prob_edge_prob0.359_x6144_y129792.png,E:\camelyon16_project\data\patches_iter5\train\tumor\iter5_hp_tumor_008_cand004_tumor_008_hp04_low_prob_edge_prob0.359_x6144_y129792.png,
hard_positive,tumor_008,5,,small_tumor_cluster,hard_positive,E:\camelyon16_project\data\review\hard_positive_iter2\tumor_008\tumor_008_hp05_edge_high_prob_prob0.935_x4736_y130560.png,E:\camelyon16_project\data\patches_iter5\train\tumor\iter5_hp_tumor_008_cand005_tumor_008_hp05_edge_high_prob_prob0.935_x4736_y130560.png,
hard_positive,tumor_008,6,,small_tumor_cluster,hard_positive,E:\camelyon16_project\data\review\hard_positive_iter2\tumor_008\tumor_008_hp06_edge_high_prob_prob0.939_x4608_y131456.png,E:\camelyon16_project\data\patches_iter5\train\tumor\iter5_hp_tumor_008_cand006_tumor_008_hp06_edge_high_prob_prob0.939_x4608_y131456.png,
hard_positive,tumor_008,7,,small_tumor_cluster,hard_positive,E:\camelyon16_project\data\review\hard_positive_iter2\tumor_008\tumor_008_hp07_edge_high_prob_prob0.978_x4608_y130432.png,E:\camelyon16_project\data\patches_iter5\train\tumor\iter5_hp_tumor_008_cand007_tumor_008_hp07_edge_high_prob_prob0.978_x4608_y130432.png,
hard_positive,tumor_008,8,,small_tumor_cluster,hard_positive,E:\camelyon16_project\data\review\hard_positive_iter2\tumor_008\tumor_008_hp08_edge_high_prob_prob0.985_x4736_y130304.png,E:\camelyon16_project\data\patches_iter5\train\tumor\iter5_hp_tumor_008_cand008_tumor_008_hp08_edge_high_prob_prob0.985_x4736_y130304.png,
hard_positive,tumor_008,9,,tumor_in_necrosis_coagulation,hard_positive,E:\camelyon16_project\data\review\hard_positive_iter2\tumor_008\tumor_008_hp09_edge_high_prob_prob0.993_x4864_y131072.png,E:\camelyon16_project\data\patches_iter5\train\tumor\iter5_hp_tumor_008_cand009_tumor_008_hp09_edge_high_prob_prob0.993_x4864_y131072.png,
hard_positive,tumor_008,10,,small_tumor_cluster,hard_positive,E:\camelyon16_project\data\review\hard_positive_iter2\tumor_008\tumor_008_hp10_edge_high_prob_prob0.998_x4864_y130560.png,E:\camelyon16_project\data\patches_iter5\train\tumor\iter5_hp_tumor_008_cand010_tumor_008_hp10_edge_high_prob_prob0.998_x4864_y130560.png,
hard_positive,tumor_008,11,,small_tumor_cluster,hard_positive,E:\camelyon16_project\data\review\hard_positive_iter2\tumor_008\tumor_008_hp11_edge_high_prob_prob0.999_x4608_y130944.png,E:\camelyon16_project\data\patches_iter5\train\tumor\iter5_hp_tumor_008_cand011_tumor_008_hp11_edge_high_prob_prob0.999_x4608_y130944.png,
hard_positive,tumor_008,12,,small_tumor_cluster,hard_positive,E:\camelyon16_project\data\review\hard_positive_iter2\tumor_008\tumor_008_hp12_edge_high_prob_prob0.999_x4608_y130304.png,E:\camelyon16_project\data\patches_iter5\train\tumor\iter5_hp_tumor_008_cand012_tumor_008_hp12_edge_high_prob_prob0.999_x4608_y130304.png,
hard_positive,tumor_008,13,,crushed_tumor,hard_positive,E:\camelyon16_project\data\review\hard_positive_iter2\tumor_008\tumor_008_hp13_edge_high_prob_prob0.999_x6016_y130560.png,E:\camelyon16_project\data\patches_iter5\train\tumor\iter5_hp_tumor_008_cand013_tumor_008_hp13_edge_high_prob_prob0.999_x6016_y130560.png,
hard_positive,tumor_008,14,,small_tumor_cluster,hard_positive,E:\camelyon16_project\data\review\hard_positive_iter2\tumor_008\tumor_008_hp14_edge_high_prob_prob0.999_x4992_y130432.png,E:\camelyon16_project\data\patches_iter5\train\tumor\iter5_hp_tumor_008_cand014_tumor_008_hp14_edge_high_prob_prob0.999_x4992_y130432.png,
hard_positive,tumor_008,15,,small_tumor_cluster,hard_positive,E:\camelyon16_project\data\review\hard_positive_iter2\tumor_008\tumor_008_hp15_edge_high_prob_prob0.999_x6144_y130560.png,E:\camelyon16_project\data\patches_iter5\train\tumor\iter5_hp_tumor_008_cand015_tumor_008_hp15_edge_high_prob_prob0.999_x6144_y130560.png,
hard_positive,tumor_008,16,,small_tumor_cluster,hard_positive,E:\camelyon16_project\data\review\hard_positive_iter2\tumor_008\tumor_008_hp16_edge_high_prob_prob1.000_x4736_y130944.png,E:\camelyon16_project\data\patches_iter5\train\tumor\iter5_hp_tumor_008_cand016_tumor_008_hp16_edge_high_prob_prob1.000_x4736_y130944.png,
hard_positive,tumor_008,17,,metastasis_border_transition,border_transition,E:\camelyon16_project\data\review\hard_positive_iter2\tumor_008\tumor_008_hp17_edge_high_prob_prob1.000_x4736_y130816.png,E:\camelyon16_project\data\patches_iter5\train\tumor\iter5_hp_tumor_008_cand017_tumor_008_hp17_edge_high_prob_prob1.000_x4736_y130816.png,
hard_positive,tumor_008,18,,metastasis_border_transition,border_transition,E:\camelyon16_project\data\review\hard_positive_iter2\tumor_008\tumor_008_hp18_edge_high_prob_prob1.000_x4608_y131200.png,E:\camelyon16_project\data\patches_iter5\train\tumor\iter5_hp_tumor_008_cand018_tumor_008_hp18_edge_high_prob_prob1.000_x4608_y131200.png,
hard_positive,tumor_008,19,,metastasis_border_transition,border_transition,E:\camelyon16_project\data\review\hard_positive_iter2\tumor_008\tumor_008_hp19_edge_high_prob_prob1.000_x4864_y130432.png,E:\camelyon16_project\data\patches_iter5\train\tumor\iter5_hp_tumor_008_cand019_tumor_008_hp19_edge_high_prob_prob1.000_x4864_y130432.png,
hard_positive,tumor_008,20,,metastasis_border_transition,border_transition,E:\camelyon16_project\data\review\hard_positive_iter2\tumor_008\tumor_008_hp20_edge_high_prob_prob1.000_x4864_y130944.png,E:\camelyon16_project\data\patches_iter5\train\tumor\iter5_hp_tumor_008_cand020_tumor_008_hp20_edge_high_prob_prob1.000_x4864_y130944.png,
hard_positive,tumor_008,21,,metastasis_border_transition,border_transition,E:\camelyon16_project\data\review\hard_positive_iter2\tumor_008\tumor_008_hp21_edge_high_prob_prob1.000_x4864_y130304.png,E:\camelyon16_project\data\patches_iter5\train\tumor\iter5_hp_tumor_008_cand021_tumor_008_hp21_edge_high_prob_prob1.000_x4864_y130304.png,
hard_positive,tumor_008,22,,metastasis_border_transition,border_transition,E:\camelyon16_project\data\review\hard_positive_iter2\tumor_008\tumor_008_hp22_edge_high_prob_prob1.000_x4608_y131328.png,E:\camelyon16_project\data\patches_iter5\train\tumor\iter5_hp_tumor_008_cand022_tumor_008_hp22_edge_high_prob_prob1.000_x4608_y131328.png,
hard_positive,tumor_009,1,,tumor_in_necrosis_coagulation,hard_positive,E:\camelyon16_project\data\review\hard_positive_iter2\tumor_009\tumor_009_hp01_low_prob_edge_prob0.000_x29696_y175616.png,E:\camelyon16_project\data\patches_iter5\train\tumor\iter5_hp_tumor_009_cand001_tumor_009_hp01_low_prob_edge_prob0.000_x29696_y175616.png,
hard_positive,tumor_009,2,,isolated_tumor_cells,hard_positive,E:\camelyon16_project\data\review\hard_positive_iter2\tumor_009\tumor_009_hp02_low_prob_edge_prob0.000_x32128_y164992.png,E:\camelyon16_project\data\patches_iter5\train\tumor\iter5_hp_tumor_009_cand002_tumor_009_hp02_low_prob_edge_prob0.000_x32128_y164992.png,
hard_positive,tumor_009,3,,isolated_tumor_cells,hard_positive,E:\camelyon16_project\data\review\hard_positive_iter2\tumor_009\tumor_009_hp03_low_prob_edge_prob0.000_x33792_y171648.png,E:\camelyon16_project\data\patches_iter5\train\tumor\iter5_hp_tumor_009_cand003_tumor_009_hp03_low_prob_edge_prob0.000_x33792_y171648.png,
hard_positive,tumor_009,4,,isolated_tumor_cells,hard_positive,E:\camelyon16_project\data\review\hard_positive_iter2\tumor_009\tumor_009_hp04_low_prob_edge_prob0.000_x32256_y164992.png,E:\camelyon16_project\data\patches_iter5\train\tumor\iter5_hp_tumor_009_cand004_tumor_009_hp04_low_prob_edge_prob0.000_x32256_y164992.png,
hard_positive,tumor_009,5,,tumor_in_necrosis_coagulation,hard_positive,E:\camelyon16_project\data\review\hard_positive_iter2\tumor_009\tumor_009_hp05_low_prob_edge_prob0.000_x26752_y177024.png,E:\camelyon16_project\data\patches_iter5\train\tumor\iter5_hp_tumor_009_cand005_tumor_009_hp05_low_prob_edge_prob0.000_x26752_y177024.png,
hard_positive,tumor_009,6,,tumor_in_necrosis_coagulation,hard_positive,E:\camelyon16_project\data\review\hard_positive_iter2\tumor_009\tumor_009_hp06_low_prob_edge_prob0.000_x31616_y174208.png,E:\camelyon16_project\data\patches_iter5\train\tumor\iter5_hp_tumor_009_cand006_tumor_009_hp06_low_prob_edge_prob0.000_x31616_y174208.png,
hard_positive,tumor_009,7,,tumor_in_necrosis_coagulation,hard_positive,E:\camelyon16_project\data\review\hard_positive_iter2\tumor_009\tumor_009_hp07_low_prob_edge_prob0.000_x31488_y174208.png,E:\camelyon16_project\data\patches_iter5\train\tumor\iter5_hp_tumor_009_cand007_tumor_009_hp07_low_prob_edge_prob0.000_x31488_y174208.png,
hard_positive,tumor_009,8,,metastasis_border_transition,border_transition,E:\camelyon16_project\data\review\hard_positive_iter2\tumor_009\tumor_009_hp08_low_prob_edge_prob0.000_x31744_y165120.png,E:\camelyon16_project\data\patches_iter5\train\tumor\iter5_hp_tumor_009_cand008_tumor_009_hp08_low_prob_edge_prob0.000_x31744_y165120.png,
hard_positive,tumor_009,9,,metastasis_border_transition,border_transition,E:\camelyon16_project\data\review\hard_positive_iter2\tumor_009\tumor_009_hp09_low_prob_edge_prob0.000_x32896_y164864.png,E:\camelyon16_project\data\patches_iter5\train\tumor\iter5_hp_tumor_009_cand009_tumor_009_hp09_low_prob_edge_prob0.000_x32896_y164864.png,
hard_positive,tumor_009,10,,tumor_in_necrosis_coagulation,hard_positive,E:\camelyon16_project\data\review\hard_positive_iter2\tumor_009\tumor_009_hp10_low_prob_edge_prob0.000_x30720_y175232.png,E:\camelyon16_project\data\patches_iter5\train\tumor\iter5_hp_tumor_009_cand010_tumor_009_hp10_low_prob_edge_prob0.000_x30720_y175232.png,
hard_positive,tumor_009,11,,crushed_tumor,hard_positive,E:\camelyon16_project\data\review\hard_positive_iter2\tumor_009\tumor_009_hp11_low_prob_edge_prob0.000_x31872_y164992.png,E:\camelyon16_project\data\patches_iter5\train\tumor\iter5_hp_tumor_009_cand011_tumor_009_hp11_low_prob_edge_prob0.000_x31872_y164992.png,
hard_positive,tumor_009,12,,tumor_in_necrosis_coagulation,hard_positive,E:\camelyon16_project\data\review\hard_positive_iter2\tumor_009\tumor_009_hp12_low_prob_edge_prob0.000_x31232_y174592.png,E:\camelyon16_project\data\patches_iter5\train\tumor\iter5_hp_tumor_009_cand012_tumor_009_hp12_low_prob_edge_prob0.000_x31232_y174592.png,
hard_positive,tumor_009,13,,tumor_in_necrosis_coagulation,hard_positive,E:\camelyon16_project\data\review\hard_positive_iter2\tumor_009\tumor_009_hp13_low_prob_edge_prob0.000_x31616_y174336.png,E:\camelyon16_project\data\patches_iter5\train\tumor\iter5_hp_tumor_009_cand013_tumor_009_hp13_low_prob_edge_prob0.000_x31616_y174336.png,
hard_positive,tumor_009,14,,tumor_in_necrosis_coagulation,hard_positive,E:\camelyon16_project\data\review\hard_positive_iter2\tumor_009\tumor_009_hp14_low_prob_edge_prob0.000_x61440_y137216.png,E:\camelyon16_project\data\patches_iter5\train\tumor\iter5_hp_tumor_009_cand014_tumor_009_hp14_low_prob_edge_prob0.000_x61440_y137216.png,
hard_positive,tumor_009,15,,tumor_in_necrosis_coagulation,hard_positive,E:\camelyon16_project\data\review\hard_positive_iter2\tumor_009\tumor_009_hp15_low_prob_edge_prob0.000_x29952_y175360.png,E:\camelyon16_project\data\patches_iter5\train\tumor\iter5_hp_tumor_009_cand015_tumor_009_hp15_low_prob_edge_prob0.000_x29952_y175360.png,
hard_positive,tumor_009,16,,tumor_in_necrosis_coagulation,hard_positive,E:\camelyon16_project\data\review\hard_positive_iter2\tumor_009\tumor_009_hp16_low_prob_edge_prob0.000_x31232_y174464.png,E:\camelyon16_project\data\patches_iter5\train\tumor\iter5_hp_tumor_009_cand016_tumor_009_hp16_low_prob_edge_prob0.000_x31232_y174464.png,
hard_positive,tumor_009,17,,tumor_in_necrosis_coagulation,hard_positive,E:\camelyon16_project\data\review\hard_positive_iter2\tumor_009\tumor_009_hp17_low_prob_edge_prob0.000_x61312_y125184.png,E:\camelyon16_project\data\patches_iter5\train\tumor\iter5_hp_tumor_009_cand017_tumor_009_hp17_low_prob_edge_prob0.000_x61312_y125184.png,
hard_positive,tumor_009,18,,tumor_in_necrosis_coagulation,hard_positive,E:\camelyon16_project\data\review\hard_positive_iter2\tumor_009\tumor_009_hp18_low_prob_edge_prob0.000_x34176_y170496.png,E:\camelyon16_project\data\patches_iter5\train\tumor\iter5_hp_tumor_009_cand018_tumor_009_hp18_low_prob_edge_prob0.000_x34176_y170496.png,
hard_positive,tumor_009,19,,metastasis_border_transition,border_transition,E:\camelyon16_project\data\review\hard_positive_iter2\tumor_009\tumor_009_hp19_low_prob_edge_prob0.000_x32000_y164992.png,E:\camelyon16_project\data\patches_iter5\train\tumor\iter5_hp_tumor_009_cand019_tumor_009_hp19_low_prob_edge_prob0.000_x32000_y164992.png,
hard_positive,tumor_009,20,,tumor_in_necrosis_coagulation,hard_positive,E:\camelyon16_project\data\review\hard_positive_iter2\tumor_009\tumor_009_hp20_low_prob_edge_prob0.000_x34048_y170496.png,E:\camelyon16_project\data\patches_iter5\train\tumor\iter5_hp_tumor_009_cand020_tumor_009_hp20_low_prob_edge_prob0.000_x34048_y170496.png,
hard_positive,tumor_009,21,,metastasis_border_transition,border_transition,E:\camelyon16_project\data\review\hard_positive_iter2\tumor_009\tumor_009_hp21_low_prob_edge_prob0.000_x32384_y164992.png,E:\camelyon16_project\data\patches_iter5\train\tumor\iter5_hp_tumor_009_cand021_tumor_009_hp21_low_prob_edge_prob0.000_x32384_y164992.png,
hard_positive,tumor_009,22,,tumor_in_necrosis_coagulation,hard_positive,E:\camelyon16_project\data\review\hard_positive_iter2\tumor_009\tumor_009_hp22_low_prob_edge_prob0.000_x31360_y174464.png,E:\camelyon16_project\data\patches_iter5\train\tumor\iter5_hp_tumor_009_cand022_tumor_009_hp22_low_prob_edge_prob0.000_x31360_y174464.png,
hard_positive,tumor_009,23,,tumor_in_necrosis_coagulation,hard_positive,E:\camelyon16_project\data\review\hard_positive_iter2\tumor_009\tumor_009_hp23_low_prob_edge_prob0.000_x61312_y125312.png,E:\camelyon16_project\data\patches_iter5\train\tumor\iter5_hp_tumor_009_cand023_tumor_009_hp23_low_prob_edge_prob0.000_x61312_y125312.png,
hard_positive,tumor_009,24,,isolated_tumor_cells,hard_positive,E:\camelyon16_project\data\review\hard_positive_iter2\tumor_009\tumor_009_hp24_low_prob_edge_prob0.000_x33792_y171520.png,E:\camelyon16_project\data\patches_iter5\train\tumor\iter5_hp_tumor_009_cand024_tumor_009_hp24_low_prob_edge_prob0.000_x33792_y171520.png,
hard_positive,tumor_010,1,,metastasis_border_transition,border_transition,E:\camelyon16_project\data\review\hard_positive_iter2\tumor_010\tumor_010_hp01_edge_high_prob_prob0.953_x72448_y110592.png,E:\camelyon16_project\data\patches_iter5\train\tumor\iter5_hp_tumor_010_cand001_tumor_010_hp01_edge_high_prob_prob0.953_x72448_y110592.png,
hard_positive,tumor_010,2,,metastasis_border_transition,border_transition,E:\camelyon16_project\data\review\hard_positive_iter2\tumor_010\tumor_010_hp02_edge_high_prob_prob0.995_x42496_y170240.png,E:\camelyon16_project\data\patches_iter5\train\tumor\iter5_hp_tumor_010_cand002_tumor_010_hp02_edge_high_prob_prob0.995_x42496_y170240.png,
hard_positive,tumor_010,3,,metastasis_border_transition,border_transition,E:\camelyon16_project\data\review\hard_positive_iter2\tumor_010\tumor_010_hp03_edge_high_prob_prob0.998_x42752_y170240.png,E:\camelyon16_project\data\patches_iter5\train\tumor\iter5_hp_tumor_010_cand003_tumor_010_hp03_edge_high_prob_prob0.998_x42752_y170240.png,
hard_positive,tumor_010,4,,metastasis_border_transition,border_transition,E:\camelyon16_project\data\review\hard_positive_iter2\tumor_010\tumor_010_hp04_edge_high_prob_prob0.999_x36352_y117632.png,E:\camelyon16_project\data\patches_iter5\train\tumor\iter5_hp_tumor_010_cand004_tumor_010_hp04_edge_high_prob_prob0.999_x36352_y117632.png,
hard_positive,tumor_010,5,,metastasis_border_transition,border_transition,E:\camelyon16_project\data\review\hard_positive_iter2\tumor_010\tumor_010_hp05_edge_high_prob_prob0.999_x72448_y110720.png,E:\camelyon16_project\data\patches_iter5\train\tumor\iter5_hp_tumor_010_cand005_tumor_010_hp05_edge_high_prob_prob0.999_x72448_y110720.png,
hard_positive,tumor_010,6,,metastasis_border_transition,border_transition,E:\camelyon16_project\data\review\hard_positive_iter2\tumor_010\tumor_010_hp06_edge_high_prob_prob0.999_x72576_y110592.png,E:\camelyon16_project\data\patches_iter5\train\tumor\iter5_hp_tumor_010_cand006_tumor_010_hp06_edge_high_prob_prob0.999_x72576_y110592.png,
hard_positive,tumor_010,7,,metastasis_border_transition,border_transition,E:\camelyon16_project\data\review\hard_positive_iter2\tumor_010\tumor_010_hp07_edge_high_prob_prob0.999_x42624_y169984.png,E:\camelyon16_project\data\patches_iter5\train\tumor\iter5_hp_tumor_010_cand007_tumor_010_hp07_edge_high_prob_prob0.999_x42624_y169984.png,
hard_positive,tumor_010,8,,metastasis_border_transition,border_transition,E:\camelyon16_project\data\review\hard_positive_iter2\tumor_010\tumor_010_hp08_edge_high_prob_prob1.000_x36480_y117760.png,E:\camelyon16_project\data\patches_iter5\train\tumor\iter5_hp_tumor_010_cand008_tumor_010_hp08_edge_high_prob_prob1.000_x36480_y117760.png,
hard_positive,tumor_010,9,,metastasis_border_transition,border_transition,E:\camelyon16_project\data\review\hard_positive_iter2\tumor_010\tumor_010_hp09_edge_high_prob_prob1.000_x42496_y170112.png,E:\camelyon16_project\data\patches_iter5\train\tumor\iter5_hp_tumor_010_cand009_tumor_010_hp09_edge_high_prob_prob1.000_x42496_y170112.png,
hard_positive,tumor_010,10,,metastasis_border_transition,border_transition,E:\camelyon16_project\data\review\hard_positive_iter2\tumor_010\tumor_010_hp10_edge_high_prob_prob1.000_x42368_y169728.png,E:\camelyon16_project\data\patches_iter5\train\tumor\iter5_hp_tumor_010_cand010_tumor_010_hp10_edge_high_prob_prob1.000_x42368_y169728.png,
hard_positive,tumor_010,11,,metastasis_border_transition,border_transition,E:\camelyon16_project\data\review\hard_positive_iter2\tumor_010\tumor_010_hp11_edge_high_prob_prob1.000_x42368_y169856.png,E:\camelyon16_project\data\patches_iter5\train\tumor\iter5_hp_tumor_010_cand011_tumor_010_hp11_edge_high_prob_prob1.000_x42368_y169856.png,
hard_positive,tumor_010,12,,metastasis_border_transition,border_transition,E:\camelyon16_project\data\review\hard_positive_iter2\tumor_010\tumor_010_hp12_edge_high_prob_prob1.000_x42368_y169984.png,E:\camelyon16_project\data\patches_iter5\train\tumor\iter5_hp_tumor_010_cand012_tumor_010_hp12_edge_high_prob_prob1.000_x42368_y169984.png,
hard_positive,tumor_010,13,,metastasis_border_transition,border_transition,E:\camelyon16_project\data\review\hard_positive_iter2\tumor_010\tumor_010_hp13_edge_high_prob_prob1.000_x42368_y169600.png,E:\camelyon16_project\data\patches_iter5\train\tumor\iter5_hp_tumor_010_cand013_tumor_010_hp13_edge_high_prob_prob1.000_x42368_y169600.png,
hard_positive,tumor_010,14,,metastasis_border_transition,border_transition,E:\camelyon16_project\data\review\hard_positive_iter2\tumor_010\tumor_010_hp14_edge_high_prob_prob1.000_x42624_y170240.png,E:\camelyon16_project\data\patches_iter5\train\tumor\iter5_hp_tumor_010_cand014_tumor_010_hp14_edge_high_prob_prob1.000_x42624_y170240.png,
hard_positive,tumor_010,15,,metastasis_border_transition,border_transition,E:\camelyon16_project\data\review\hard_positive_iter2\tumor_010\tumor_010_hp15_edge_high_prob_prob1.000_x72576_y110720.png,E:\camelyon16_project\data\patches_iter5\train\tumor\iter5_hp_tumor_010_cand015_tumor_010_hp15_edge_high_prob_prob1.000_x72576_y110720.png,
hard_positive,tumor_010,16,,metastasis_border_transition,border_transition,E:\camelyon16_project\data\review\hard_positive_iter2\tumor_010\tumor_010_hp16_edge_high_prob_prob1.000_x42496_y169472.png,E:\camelyon16_project\data\patches_iter5\train\tumor\iter5_hp_tumor_010_cand016_tumor_010_hp16_edge_high_prob_prob1.000_x42496_y169472.png,
hard_positive,tumor_010,17,,metastasis_border_transition,border_transition,E:\camelyon16_project\data\review\hard_positive_iter2\tumor_010\tumor_010_hp17_edge_high_prob_prob1.000_x36352_y117760.png,E:\camelyon16_project\data\patches_iter5\train\tumor\iter5_hp_tumor_010_cand017_tumor_010_hp17_edge_high_prob_prob1.000_x36352_y117760.png,
hard_positive,tumor_010,18,,metastasis_border_transition,border_transition,E:\camelyon16_project\data\review\hard_positive_iter2\tumor_010\tumor_010_hp18_edge_high_prob_prob1.000_x42496_y169728.png,E:\camelyon16_project\data\patches_iter5\train\tumor\iter5_hp_tumor_010_cand018_tumor_010_hp18_edge_high_prob_prob1.000_x42496_y169728.png,
hard_positive,tumor_010,19,,metastasis_border_transition,border_transition,E:\camelyon16_project\data\review\hard_positive_iter2\tumor_010\tumor_010_hp19_edge_high_prob_prob1.000_x42496_y169984.png,E:\camelyon16_project\data\patches_iter5\train\tumor\iter5_hp_tumor_010_cand019_tumor_010_hp19_edge_high_prob_prob1.000_x42496_y169984.png,
hard_positive,tumor_010,20,,metastasis_border_transition,border_transition,E:\camelyon16_project\data\review\hard_positive_iter2\tumor_010\tumor_010_hp20_edge_high_prob_prob1.000_x42240_y169344.png,E:\camelyon16_project\data\patches_iter5\train\tumor\iter5_hp_tumor_010_cand020_tumor_010_hp20_edge_high_prob_prob1.000_x42240_y169344.png,
hard_positive,tumor_010,21,,metastasis_border_transition,border_transition,E:\camelyon16_project\data\review\hard_positive_iter2\tumor_010\tumor_010_hp21_edge_high_prob_prob1.000_x42496_y169856.png,E:\camelyon16_project\data\patches_iter5\train\tumor\iter5_hp_tumor_010_cand021_tumor_010_hp21_edge_high_prob_prob1.000_x42496_y169856.png,
hard_positive,tumor_010,22,,metastasis_border_transition,border_transition,E:\camelyon16_project\data\review\hard_positive_iter2\tumor_010\tumor_010_hp22_edge_high_prob_prob1.000_x42240_y169472.png,E:\camelyon16_project\data\patches_iter5\train\tumor\iter5_hp_tumor_010_cand022_tumor_010_hp22_edge_high_prob_prob1.000_x42240_y169472.png,
hard_positive,tumor_010,23,,metastasis_border_transition,border_transition,E:\camelyon16_project\data\review\hard_positive_iter2\tumor_010\tumor_010_hp23_edge_high_prob_prob1.000_x42368_y169344.png,E:\camelyon16_project\data\patches_iter5\train\tumor\iter5_hp_tumor_010_cand023_tumor_010_hp23_edge_high_prob_prob1.000_x42368_y169344.png,
