slide_id,true_label,rule,large_threshold,large_min_component,micro_threshold,micro_min_component,large_positive_patches,large_largest_component,micro_positive_patches,micro_largest_component,pred_label
tumor_001,1,large_component,0.6,30,0.99,2,3978,951,1050,543,1
tumor_001,1,micro_cluster,0.6,30,0.99,2,3978,951,1050,543,1
tumor_001,1,hybrid,0.6,30,0.99,2,3978,951,1050,543,1
tumor_002,1,large_component,0.6,30,0.99,2,2759,131,254,16,1
tumor_002,1,micro_cluster,0.6,30,0.99,2,2759,131,254,16,1
tumor_002,1,hybrid,0.6,30,0.99,2,2759,131,254,16,1
tumor_003,1,large_component,0.6,30,0.99,2,1466,313,407,251,1
tumor_003,1,micro_cluster,0.6,30,0.99,2,1466,313,407,251,1
tumor_003,1,hybrid,0.6,30,0.99,2,1466,313,407,251,1
tumor_004,1,large_component,0.6,30,0.99,2,2083,92,263,44,1
tumor_004,1,micro_cluster,0.6,30,0.99,2,2083,92,263,44,1
tumor_004,1,hybrid,0.6,30,0.99,2,2083,92,263,44,1
tumor_005,1,large_component,0.6,30,0.99,2,431,137,129,79,1
tumor_005,1,micro_cluster,0.6,30,0.99,2,431,137,129,79,1
tumor_005,1,hybrid,0.6,30,0.99,2,431,137,129,79,1
tumor_006,1,large_component,0.6,30,0.99,2,4689,117,374,51,1
tumor_006,1,micro_cluster,0.6,30,0.99,2,4689,117,374,51,1
tumor_006,1,hybrid,0.6,30,0.99,2,4689,117,374,51,1
tumor_007,1,large_component,0.6,30,0.99,2,4271,132,300,90,1
tumor_007,1,micro_cluster,0.6,30,0.99,2,4271,132,300,90,1
tumor_007,1,hybrid,0.6,30,0.99,2,4271,132,300,90,1
tumor_008,1,large_component,0.6,30,0.99,2,7448,310,485,10,1
tumor_008,1,micro_cluster,0.6,30,0.99,2,7448,310,485,10,1
tumor_008,1,hybrid,0.6,30,0.99,2,7448,310,485,10,1
tumor_009,1,large_component,0.6,30,0.99,2,35616,16385,6309,502,1
tumor_009,1,micro_cluster,0.6,30,0.99,2,35616,16385,6309,502,1
tumor_009,1,hybrid,0.6,30,0.99,2,35616,16385,6309,502,1
tumor_010,1,large_component,0.6,30,0.99,2,8835,409,733,28,1
tumor_010,1,micro_cluster,0.6,30,0.99,2,8835,409,733,28,1
tumor_010,1,hybrid,0.6,30,0.99,2,8835,409,733,28,1
normal_001,0,large_component,0.6,30,0.99,2,302,89,50,16,1
normal_001,0,micro_cluster,0.6,30,0.99,2,302,89,50,16,1
normal_001,0,hybrid,0.6,30,0.99,2,302,89,50,16,1
normal_002,0,large_component,0.6,30,0.99,2,851,75,78,11,1
normal_002,0,micro_cluster,0.6,30,0.99,2,851,75,78,11,1
normal_002,0,hybrid,0.6,30,0.99,2,851,75,78,11,1
normal_003,0,large_component,0.6,30,0.99,2,1859,201,171,11,1
normal_003,0,micro_cluster,0.6,30,0.99,2,1859,201,171,11,1
normal_003,0,hybrid,0.6,30,0.99,2,1859,201,171,11,1
normal_004,0,large_component,0.6,30,0.99,2,253,28,7,1,0
normal_004,0,micro_cluster,0.6,30,0.99,2,253,28,7,1,0
normal_004,0,hybrid,0.6,30,0.99,2,253,28,7,1,0
normal_005,0,large_component,0.6,30,0.99,2,289,21,33,4,0
normal_005,0,micro_cluster,0.6,30,0.99,2,289,21,33,4,1
normal_005,0,hybrid,0.6,30,0.99,2,289,21,33,4,1
normal_006,0,large_component,0.6,30,0.99,2,170,27,6,6,0
normal_006,0,micro_cluster,0.6,30,0.99,2,170,27,6,6,1
normal_006,0,hybrid,0.6,30,0.99,2,170,27,6,6,1
normal_007,0,large_component,0.6,30,0.99,2,228,28,31,11,0
normal_007,0,micro_cluster,0.6,30,0.99,2,228,28,31,11,1
normal_007,0,hybrid,0.6,30,0.99,2,228,28,31,11,1
normal_008,0,large_component,0.6,30,0.99,2,251,45,28,5,1
normal_008,0,micro_cluster,0.6,30,0.99,2,251,45,28,5,1
normal_008,0,hybrid,0.6,30,0.99,2,251,45,28,5,1
normal_009,0,large_component,0.6,30,0.99,2,955,32,37,6,1
normal_009,0,micro_cluster,0.6,30,0.99,2,955,32,37,6,1
normal_009,0,hybrid,0.6,30,0.99,2,955,32,37,6,1
normal_010,0,large_component,0.6,30,0.99,2,439,90,13,2,1
normal_010,0,micro_cluster,0.6,30,0.99,2,439,90,13,2,1
normal_010,0,hybrid,0.6,30,0.99,2,439,90,13,2,1
tumor_001,1,large_component,0.6,30,0.99,3,3978,951,1050,543,1
tumor_001,1,micro_cluster,0.6,30,0.99,3,3978,951,1050,543,1
tumor_001,1,hybrid,0.6,30,0.99,3,3978,951,1050,543,1
tumor_002,1,large_component,0.6,30,0.99,3,2759,131,254,16,1
tumor_002,1,micro_cluster,0.6,30,0.99,3,2759,131,254,16,1
tumor_002,1,hybrid,0.6,30,0.99,3,2759,131,254,16,1
tumor_003,1,large_component,0.6,30,0.99,3,1466,313,407,251,1
tumor_003,1,micro_cluster,0.6,30,0.99,3,1466,313,407,251,1
tumor_003,1,hybrid,0.6,30,0.99,3,1466,313,407,251,1
tumor_004,1,large_component,0.6,30,0.99,3,2083,92,263,44,1
tumor_004,1,micro_cluster,0.6,30,0.99,3,2083,92,263,44,1
tumor_004,1,hybrid,0.6,30,0.99,3,2083,92,263,44,1
tumor_005,1,large_component,0.6,30,0.99,3,431,137,129,79,1
tumor_005,1,micro_cluster,0.6,30,0.99,3,431,137,129,79,1
tumor_005,1,hybrid,0.6,30,0.99,3,431,137,129,79,1
tumor_006,1,large_component,0.6,30,0.99,3,4689,117,374,51,1
tumor_006,1,micro_cluster,0.6,30,0.99,3,4689,117,374,51,1
tumor_006,1,hybrid,0.6,30,0.99,3,4689,117,374,51,1
tumor_007,1,large_component,0.6,30,0.99,3,4271,132,300,90,1
tumor_007,1,micro_cluster,0.6,30,0.99,3,4271,132,300,90,1
tumor_007,1,hybrid,0.6,30,0.99,3,4271,132,300,90,1
tumor_008,1,large_component,0.6,30,0.99,3,7448,310,485,10,1
tumor_008,1,micro_cluster,0.6,30,0.99,3,7448,310,485,10,1
tumor_008,1,hybrid,0.6,30,0.99,3,7448,310,485,10,1
tumor_009,1,large_component,0.6,30,0.99,3,35616,16385,6309,502,1
tumor_009,1,micro_cluster,0.6,30,0.99,3,35616,16385,6309,502,1
tumor_009,1,hybrid,0.6,30,0.99,3,35616,16385,6309,502,1
tumor_010,1,large_component,0.6,30,0.99,3,8835,409,733,28,1
tumor_010,1,micro_cluster,0.6,30,0.99,3,8835,409,733,28,1
tumor_010,1,hybrid,0.6,30,0.99,3,8835,409,733,28,1
normal_001,0,large_component,0.6,30,0.99,3,302,89,50,16,1
normal_001,0,micro_cluster,0.6,30,0.99,3,302,89,50,16,1
normal_001,0,hybrid,0.6,30,0.99,3,302,89,50,16,1
normal_002,0,large_component,0.6,30,0.99,3,851,75,78,11,1
normal_002,0,micro_cluster,0.6,30,0.99,3,851,75,78,11,1
normal_002,0,hybrid,0.6,30,0.99,3,851,75,78,11,1
normal_003,0,large_component,0.6,30,0.99,3,1859,201,171,11,1
normal_003,0,micro_cluster,0.6,30,0.99,3,1859,201,171,11,1
normal_003,0,hybrid,0.6,30,0.99,3,1859,201,171,11,1
normal_004,0,large_component,0.6,30,0.99,3,253,28,7,1,0
normal_004,0,micro_cluster,0.6,30,0.99,3,253,28,7,1,0
normal_004,0,hybrid,0.6,30,0.99,3,253,28,7,1,0
normal_005,0,large_component,0.6,30,0.99,3,289,21,33,4,0
normal_005,0,micro_cluster,0.6,30,0.99,3,289,21,33,4,1
normal_005,0,hybrid,0.6,30,0.99,3,289,21,33,4,1
normal_006,0,large_component,0.6,30,0.99,3,170,27,6,6,0
normal_006,0,micro_cluster,0.6,30,0.99,3,170,27,6,6,1
normal_006,0,hybrid,0.6,30,0.99,3,170,27,6,6,1
normal_007,0,large_component,0.6,30,0.99,3,228,28,31,11,0
normal_007,0,micro_cluster,0.6,30,0.99,3,228,28,31,11,1
normal_007,0,hybrid,0.6,30,0.99,3,228,28,31,11,1
normal_008,0,large_component,0.6,30,0.99,3,251,45,28,5,1
normal_008,0,micro_cluster,0.6,30,0.99,3,251,45,28,5,1
normal_008,0,hybrid,0.6,30,0.99,3,251,45,28,5,1
normal_009,0,large_component,0.6,30,0.99,3,955,32,37,6,1
normal_009,0,micro_cluster,0.6,30,0.99,3,955,32,37,6,1
normal_009,0,hybrid,0.6,30,0.99,3,955,32,37,6,1
normal_010,0,large_component,0.6,30,0.99,3,439,90,13,2,1
normal_010,0,micro_cluster,0.6,30,0.99,3,439,90,13,2,0
normal_010,0,hybrid,0.6,30,0.99,3,439,90,13,2,1
tumor_001,1,large_component,0.6,30,0.99,5,3978,951,1050,543,1
tumor_001,1,micro_cluster,0.6,30,0.99,5,3978,951,1050,543,1
tumor_001,1,hybrid,0.6,30,0.99,5,3978,951,1050,543,1
tumor_002,1,large_component,0.6,30,0.99,5,2759,131,254,16,1
tumor_002,1,micro_cluster,0.6,30,0.99,5,2759,131,254,16,1
tumor_002,1,hybrid,0.6,30,0.99,5,2759,131,254,16,1
tumor_003,1,large_component,0.6,30,0.99,5,1466,313,407,251,1
tumor_003,1,micro_cluster,0.6,30,0.99,5,1466,313,407,251,1
tumor_003,1,hybrid,0.6,30,0.99,5,1466,313,407,251,1
tumor_004,1,large_component,0.6,30,0.99,5,2083,92,263,44,1
tumor_004,1,micro_cluster,0.6,30,0.99,5,2083,92,263,44,1
tumor_004,1,hybrid,0.6,30,0.99,5,2083,92,263,44,1
tumor_005,1,large_component,0.6,30,0.99,5,431,137,129,79,1
tumor_005,1,micro_cluster,0.6,30,0.99,5,431,137,129,79,1
tumor_005,1,hybrid,0.6,30,0.99,5,431,137,129,79,1
tumor_006,1,large_component,0.6,30,0.99,5,4689,117,374,51,1
tumor_006,1,micro_cluster,0.6,30,0.99,5,4689,117,374,51,1
tumor_006,1,hybrid,0.6,30,0.99,5,4689,117,374,51,1
tumor_007,1,large_component,0.6,30,0.99,5,4271,132,300,90,1
tumor_007,1,micro_cluster,0.6,30,0.99,5,4271,132,300,90,1
tumor_007,1,hybrid,0.6,30,0.99,5,4271,132,300,90,1
tumor_008,1,large_component,0.6,30,0.99,5,7448,310,485,10,1
tumor_008,1,micro_cluster,0.6,30,0.99,5,7448,310,485,10,1
tumor_008,1,hybrid,0.6,30,0.99,5,7448,310,485,10,1
tumor_009,1,large_component,0.6,30,0.99,5,35616,16385,6309,502,1
tumor_009,1,micro_cluster,0.6,30,0.99,5,35616,16385,6309,502,1
tumor_009,1,hybrid,0.6,30,0.99,5,35616,16385,6309,502,1
tumor_010,1,large_component,0.6,30,0.99,5,8835,409,733,28,1
tumor_010,1,micro_cluster,0.6,30,0.99,5,8835,409,733,28,1
tumor_010,1,hybrid,0.6,30,0.99,5,8835,409,733,28,1
normal_001,0,large_component,0.6,30,0.99,5,302,89,50,16,1
normal_001,0,micro_cluster,0.6,30,0.99,5,302,89,50,16,1
normal_001,0,hybrid,0.6,30,0.99,5,302,89,50,16,1
normal_002,0,large_component,0.6,30,0.99,5,851,75,78,11,1
normal_002,0,micro_cluster,0.6,30,0.99,5,851,75,78,11,1
normal_002,0,hybrid,0.6,30,0.99,5,851,75,78,11,1
normal_003,0,large_component,0.6,30,0.99,5,1859,201,171,11,1
normal_003,0,micro_cluster,0.6,30,0.99,5,1859,201,171,11,1
normal_003,0,hybrid,0.6,30,0.99,5,1859,201,171,11,1
normal_004,0,large_component,0.6,30,0.99,5,253,28,7,1,0
normal_004,0,micro_cluster,0.6,30,0.99,5,253,28,7,1,0
normal_004,0,hybrid,0.6,30,0.99,5,253,28,7,1,0
normal_005,0,large_component,0.6,30,0.99,5,289,21,33,4,0
normal_005,0,micro_cluster,0.6,30,0.99,5,289,21,33,4,0
normal_005,0,hybrid,0.6,30,0.99,5,289,21,33,4,0
normal_006,0,large_component,0.6,30,0.99,5,170,27,6,6,0
normal_006,0,micro_cluster,0.6,30,0.99,5,170,27,6,6,1
normal_006,0,hybrid,0.6,30,0.99,5,170,27,6,6,1
normal_007,0,large_component,0.6,30,0.99,5,228,28,31,11,0
normal_007,0,micro_cluster,0.6,30,0.99,5,228,28,31,11,1
normal_007,0,hybrid,0.6,30,0.99,5,228,28,31,11,1
normal_008,0,large_component,0.6,30,0.99,5,251,45,28,5,1
normal_008,0,micro_cluster,0.6,30,0.99,5,251,45,28,5,1
normal_008,0,hybrid,0.6,30,0.99,5,251,45,28,5,1
normal_009,0,large_component,0.6,30,0.99,5,955,32,37,6,1
normal_009,0,micro_cluster,0.6,30,0.99,5,955,32,37,6,1
normal_009,0,hybrid,0.6,30,0.99,5,955,32,37,6,1
normal_010,0,large_component,0.6,30,0.99,5,439,90,13,2,1
normal_010,0,micro_cluster,0.6,30,0.99,5,439,90,13,2,0
normal_010,0,hybrid,0.6,30,0.99,5,439,90,13,2,1
tumor_001,1,large_component,0.6,30,0.98,2,3978,951,1276,595,1
tumor_001,1,micro_cluster,0.6,30,0.98,2,3978,951,1276,595,1
tumor_001,1,hybrid,0.6,30,0.98,2,3978,951,1276,595,1
tumor_002,1,large_component,0.6,30,0.98,2,2759,131,401,19,1
tumor_002,1,micro_cluster,0.6,30,0.98,2,2759,131,401,19,1
tumor_002,1,hybrid,0.6,30,0.98,2,2759,131,401,19,1
tumor_003,1,large_component,0.6,30,0.98,2,1466,313,467,262,1
tumor_003,1,micro_cluster,0.6,30,0.98,2,1466,313,467,262,1
tumor_003,1,hybrid,0.6,30,0.98,2,1466,313,467,262,1
tumor_004,1,large_component,0.6,30,0.98,2,2083,92,373,51,1
tumor_004,1,micro_cluster,0.6,30,0.98,2,2083,92,373,51,1
tumor_004,1,hybrid,0.6,30,0.98,2,2083,92,373,51,1
tumor_005,1,large_component,0.6,30,0.98,2,431,137,148,88,1
tumor_005,1,micro_cluster,0.6,30,0.98,2,431,137,148,88,1
tumor_005,1,hybrid,0.6,30,0.98,2,431,137,148,88,1
tumor_006,1,large_component,0.6,30,0.98,2,4689,117,591,54,1
tumor_006,1,micro_cluster,0.6,30,0.98,2,4689,117,591,54,1
tumor_006,1,hybrid,0.6,30,0.98,2,4689,117,591,54,1
tumor_007,1,large_component,0.6,30,0.98,2,4271,132,464,100,1
tumor_007,1,micro_cluster,0.6,30,0.98,2,4271,132,464,100,1
tumor_007,1,hybrid,0.6,30,0.98,2,4271,132,464,100,1
tumor_008,1,large_component,0.6,30,0.98,2,7448,310,831,40,1
tumor_008,1,micro_cluster,0.6,30,0.98,2,7448,310,831,40,1
tumor_008,1,hybrid,0.6,30,0.98,2,7448,310,831,40,1
tumor_009,1,large_component,0.6,30,0.98,2,35616,16385,9107,896,1
tumor_009,1,micro_cluster,0.6,30,0.98,2,35616,16385,9107,896,1
tumor_009,1,hybrid,0.6,30,0.98,2,35616,16385,9107,896,1
tumor_010,1,large_component,0.6,30,0.98,2,8835,409,1174,29,1
tumor_010,1,micro_cluster,0.6,30,0.98,2,8835,409,1174,29,1
tumor_010,1,hybrid,0.6,30,0.98,2,8835,409,1174,29,1
normal_001,0,large_component,0.6,30,0.98,2,302,89,67,17,1
normal_001,0,micro_cluster,0.6,30,0.98,2,302,89,67,17,1
normal_001,0,hybrid,0.6,30,0.98,2,302,89,67,17,1
normal_002,0,large_component,0.6,30,0.98,2,851,75,114,18,1
normal_002,0,micro_cluster,0.6,30,0.98,2,851,75,114,18,1
normal_002,0,hybrid,0.6,30,0.98,2,851,75,114,18,1
normal_003,0,large_component,0.6,30,0.98,2,1859,201,267,31,1
normal_003,0,micro_cluster,0.6,30,0.98,2,1859,201,267,31,1
normal_003,0,hybrid,0.6,30,0.98,2,1859,201,267,31,1
normal_004,0,large_component,0.6,30,0.98,2,253,28,13,3,0
normal_004,0,micro_cluster,0.6,30,0.98,2,253,28,13,3,1
normal_004,0,hybrid,0.6,30,0.98,2,253,28,13,3,1
normal_005,0,large_component,0.6,30,0.98,2,289,21,48,6,0
normal_005,0,micro_cluster,0.6,30,0.98,2,289,21,48,6,1
normal_005,0,hybrid,0.6,30,0.98,2,289,21,48,6,1
normal_006,0,large_component,0.6,30,0.98,2,170,27,16,9,0
normal_006,0,micro_cluster,0.6,30,0.98,2,170,27,16,9,1
normal_006,0,hybrid,0.6,30,0.98,2,170,27,16,9,1
normal_007,0,large_component,0.6,30,0.98,2,228,28,47,18,0
normal_007,0,micro_cluster,0.6,30,0.98,2,228,28,47,18,1
normal_007,0,hybrid,0.6,30,0.98,2,228,28,47,18,1
normal_008,0,large_component,0.6,30,0.98,2,251,45,41,6,1
normal_008,0,micro_cluster,0.6,30,0.98,2,251,45,41,6,1
normal_008,0,hybrid,0.6,30,0.98,2,251,45,41,6,1
normal_009,0,large_component,0.6,30,0.98,2,955,32,82,9,1
normal_009,0,micro_cluster,0.6,30,0.98,2,955,32,82,9,1
normal_009,0,hybrid,0.6,30,0.98,2,955,32,82,9,1
normal_010,0,large_component,0.6,30,0.98,2,439,90,27,3,1
normal_010,0,micro_cluster,0.6,30,0.98,2,439,90,27,3,1
normal_010,0,hybrid,0.6,30,0.98,2,439,90,27,3,1
tumor_001,1,large_component,0.6,30,0.98,3,3978,951,1276,595,1
tumor_001,1,micro_cluster,0.6,30,0.98,3,3978,951,1276,595,1
tumor_001,1,hybrid,0.6,30,0.98,3,3978,951,1276,595,1
tumor_002,1,large_component,0.6,30,0.98,3,2759,131,401,19,1
tumor_002,1,micro_cluster,0.6,30,0.98,3,2759,131,401,19,1
tumor_002,1,hybrid,0.6,30,0.98,3,2759,131,401,19,1
tumor_003,1,large_component,0.6,30,0.98,3,1466,313,467,262,1
tumor_003,1,micro_cluster,0.6,30,0.98,3,1466,313,467,262,1
tumor_003,1,hybrid,0.6,30,0.98,3,1466,313,467,262,1
tumor_004,1,large_component,0.6,30,0.98,3,2083,92,373,51,1
tumor_004,1,micro_cluster,0.6,30,0.98,3,2083,92,373,51,1
tumor_004,1,hybrid,0.6,30,0.98,3,2083,92,373,51,1
tumor_005,1,large_component,0.6,30,0.98,3,431,137,148,88,1
tumor_005,1,micro_cluster,0.6,30,0.98,3,431,137,148,88,1
tumor_005,1,hybrid,0.6,30,0.98,3,431,137,148,88,1
tumor_006,1,large_component,0.6,30,0.98,3,4689,117,591,54,1
tumor_006,1,micro_cluster,0.6,30,0.98,3,4689,117,591,54,1
tumor_006,1,hybrid,0.6,30,0.98,3,4689,117,591,54,1
tumor_007,1,large_component,0.6,30,0.98,3,4271,132,464,100,1
tumor_007,1,micro_cluster,0.6,30,0.98,3,4271,132,464,100,1
tumor_007,1,hybrid,0.6,30,0.98,3,4271,132,464,100,1
tumor_008,1,large_component,0.6,30,0.98,3,7448,310,831,40,1
tumor_008,1,micro_cluster,0.6,30,0.98,3,7448,310,831,40,1
tumor_008,1,hybrid,0.6,30,0.98,3,7448,310,831,40,1
tumor_009,1,large_component,0.6,30,0.98,3,35616,16385,9107,896,1
tumor_009,1,micro_cluster,0.6,30,0.98,3,35616,16385,9107,896,1
tumor_009,1,hybrid,0.6,30,0.98,3,35616,16385,9107,896,1
tumor_010,1,large_component,0.6,30,0.98,3,8835,409,1174,29,1
tumor_010,1,micro_cluster,0.6,30,0.98,3,8835,409,1174,29,1
tumor_010,1,hybrid,0.6,30,0.98,3,8835,409,1174,29,1
normal_001,0,large_component,0.6,30,0.98,3,302,89,67,17,1
normal_001,0,micro_cluster,0.6,30,0.98,3,302,89,67,17,1
normal_001,0,hybrid,0.6,30,0.98,3,302,89,67,17,1
normal_002,0,large_component,0.6,30,0.98,3,851,75,114,18,1
normal_002,0,micro_cluster,0.6,30,0.98,3,851,75,114,18,1
normal_002,0,hybrid,0.6,30,0.98,3,851,75,114,18,1
normal_003,0,large_component,0.6,30,0.98,3,1859,201,267,31,1
normal_003,0,micro_cluster,0.6,30,0.98,3,1859,201,267,31,1
normal_003,0,hybrid,0.6,30,0.98,3,1859,201,267,31,1
normal_004,0,large_component,0.6,30,0.98,3,253,28,13,3,0
normal_004,0,micro_cluster,0.6,30,0.98,3,253,28,13,3,1
normal_004,0,hybrid,0.6,30,0.98,3,253,28,13,3,1
normal_005,0,large_component,0.6,30,0.98,3,289,21,48,6,0
normal_005,0,micro_cluster,0.6,30,0.98,3,289,21,48,6,1
normal_005,0,hybrid,0.6,30,0.98,3,289,21,48,6,1
normal_006,0,large_component,0.6,30,0.98,3,170,27,16,9,0
normal_006,0,micro_cluster,0.6,30,0.98,3,170,27,16,9,1
normal_006,0,hybrid,0.6,30,0.98,3,170,27,16,9,1
normal_007,0,large_component,0.6,30,0.98,3,228,28,47,18,0
normal_007,0,micro_cluster,0.6,30,0.98,3,228,28,47,18,1
normal_007,0,hybrid,0.6,30,0.98,3,228,28,47,18,1
normal_008,0,large_component,0.6,30,0.98,3,251,45,41,6,1
normal_008,0,micro_cluster,0.6,30,0.98,3,251,45,41,6,1
normal_008,0,hybrid,0.6,30,0.98,3,251,45,41,6,1
normal_009,0,large_component,0.6,30,0.98,3,955,32,82,9,1
normal_009,0,micro_cluster,0.6,30,0.98,3,955,32,82,9,1
normal_009,0,hybrid,0.6,30,0.98,3,955,32,82,9,1
normal_010,0,large_component,0.6,30,0.98,3,439,90,27,3,1
normal_010,0,micro_cluster,0.6,30,0.98,3,439,90,27,3,1
normal_010,0,hybrid,0.6,30,0.98,3,439,90,27,3,1
tumor_001,1,large_component,0.6,30,0.98,5,3978,951,1276,595,1
tumor_001,1,micro_cluster,0.6,30,0.98,5,3978,951,1276,595,1
tumor_001,1,hybrid,0.6,30,0.98,5,3978,951,1276,595,1
tumor_002,1,large_component,0.6,30,0.98,5,2759,131,401,19,1
tumor_002,1,micro_cluster,0.6,30,0.98,5,2759,131,401,19,1
tumor_002,1,hybrid,0.6,30,0.98,5,2759,131,401,19,1
tumor_003,1,large_component,0.6,30,0.98,5,1466,313,467,262,1
tumor_003,1,micro_cluster,0.6,30,0.98,5,1466,313,467,262,1
tumor_003,1,hybrid,0.6,30,0.98,5,1466,313,467,262,1
tumor_004,1,large_component,0.6,30,0.98,5,2083,92,373,51,1
tumor_004,1,micro_cluster,0.6,30,0.98,5,2083,92,373,51,1
tumor_004,1,hybrid,0.6,30,0.98,5,2083,92,373,51,1
tumor_005,1,large_component,0.6,30,0.98,5,431,137,148,88,1
tumor_005,1,micro_cluster,0.6,30,0.98,5,431,137,148,88,1
tumor_005,1,hybrid,0.6,30,0.98,5,431,137,148,88,1
tumor_006,1,large_component,0.6,30,0.98,5,4689,117,591,54,1
tumor_006,1,micro_cluster,0.6,30,0.98,5,4689,117,591,54,1
tumor_006,1,hybrid,0.6,30,0.98,5,4689,117,591,54,1
tumor_007,1,large_component,0.6,30,0.98,5,4271,132,464,100,1
tumor_007,1,micro_cluster,0.6,30,0.98,5,4271,132,464,100,1
tumor_007,1,hybrid,0.6,30,0.98,5,4271,132,464,100,1
tumor_008,1,large_component,0.6,30,0.98,5,7448,310,831,40,1
tumor_008,1,micro_cluster,0.6,30,0.98,5,7448,310,831,40,1
tumor_008,1,hybrid,0.6,30,0.98,5,7448,310,831,40,1
tumor_009,1,large_component,0.6,30,0.98,5,35616,16385,9107,896,1
tumor_009,1,micro_cluster,0.6,30,0.98,5,35616,16385,9107,896,1
tumor_009,1,hybrid,0.6,30,0.98,5,35616,16385,9107,896,1
tumor_010,1,large_component,0.6,30,0.98,5,8835,409,1174,29,1
tumor_010,1,micro_cluster,0.6,30,0.98,5,8835,409,1174,29,1
tumor_010,1,hybrid,0.6,30,0.98,5,8835,409,1174,29,1
normal_001,0,large_component,0.6,30,0.98,5,302,89,67,17,1
normal_001,0,micro_cluster,0.6,30,0.98,5,302,89,67,17,1
normal_001,0,hybrid,0.6,30,0.98,5,302,89,67,17,1
normal_002,0,large_component,0.6,30,0.98,5,851,75,114,18,1
normal_002,0,micro_cluster,0.6,30,0.98,5,851,75,114,18,1
normal_002,0,hybrid,0.6,30,0.98,5,851,75,114,18,1
normal_003,0,large_component,0.6,30,0.98,5,1859,201,267,31,1
normal_003,0,micro_cluster,0.6,30,0.98,5,1859,201,267,31,1
normal_003,0,hybrid,0.6,30,0.98,5,1859,201,267,31,1
normal_004,0,large_component,0.6,30,0.98,5,253,28,13,3,0
normal_004,0,micro_cluster,0.6,30,0.98,5,253,28,13,3,0
normal_004,0,hybrid,0.6,30,0.98,5,253,28,13,3,0
normal_005,0,large_component,0.6,30,0.98,5,289,21,48,6,0
normal_005,0,micro_cluster,0.6,30,0.98,5,289,21,48,6,1
normal_005,0,hybrid,0.6,30,0.98,5,289,21,48,6,1
normal_006,0,large_component,0.6,30,0.98,5,170,27,16,9,0
normal_006,0,micro_cluster,0.6,30,0.98,5,170,27,16,9,1
normal_006,0,hybrid,0.6,30,0.98,5,170,27,16,9,1
normal_007,0,large_component,0.6,30,0.98,5,228,28,47,18,0
normal_007,0,micro_cluster,0.6,30,0.98,5,228,28,47,18,1
normal_007,0,hybrid,0.6,30,0.98,5,228,28,47,18,1
normal_008,0,large_component,0.6,30,0.98,5,251,45,41,6,1
normal_008,0,micro_cluster,0.6,30,0.98,5,251,45,41,6,1
normal_008,0,hybrid,0.6,30,0.98,5,251,45,41,6,1
normal_009,0,large_component,0.6,30,0.98,5,955,32,82,9,1
normal_009,0,micro_cluster,0.6,30,0.98,5,955,32,82,9,1
normal_009,0,hybrid,0.6,30,0.98,5,955,32,82,9,1
normal_010,0,large_component,0.6,30,0.98,5,439,90,27,3,1
normal_010,0,micro_cluster,0.6,30,0.98,5,439,90,27,3,0
normal_010,0,hybrid,0.6,30,0.98,5,439,90,27,3,1
tumor_001,1,large_component,0.6,30,0.95,2,3978,951,1700,649,1
tumor_001,1,micro_cluster,0.6,30,0.95,2,3978,951,1700,649,1
tumor_001,1,hybrid,0.6,30,0.95,2,3978,951,1700,649,1
tumor_002,1,large_component,0.6,30,0.95,2,2759,131,712,22,1
tumor_002,1,micro_cluster,0.6,30,0.95,2,2759,131,712,22,1
tumor_002,1,hybrid,0.6,30,0.95,2,2759,131,712,22,1
tumor_003,1,large_component,0.6,30,0.95,2,1466,313,616,279,1
tumor_003,1,micro_cluster,0.6,30,0.95,2,1466,313,616,279,1
tumor_003,1,hybrid,0.6,30,0.95,2,1466,313,616,279,1
tumor_004,1,large_component,0.6,30,0.95,2,2083,92,583,67,1
tumor_004,1,micro_cluster,0.6,30,0.95,2,2083,92,583,67,1
tumor_004,1,hybrid,0.6,30,0.95,2,2083,92,583,67,1
tumor_005,1,large_component,0.6,30,0.95,2,431,137,187,115,1
tumor_005,1,micro_cluster,0.6,30,0.95,2,431,137,187,115,1
tumor_005,1,hybrid,0.6,30,0.95,2,431,137,187,115,1
tumor_006,1,large_component,0.6,30,0.95,2,4689,117,1006,56,1
tumor_006,1,micro_cluster,0.6,30,0.95,2,4689,117,1006,56,1
tumor_006,1,hybrid,0.6,30,0.95,2,4689,117,1006,56,1
tumor_007,1,large_component,0.6,30,0.95,2,4271,132,866,104,1
tumor_007,1,micro_cluster,0.6,30,0.95,2,4271,132,866,104,1
tumor_007,1,hybrid,0.6,30,0.95,2,4271,132,866,104,1
tumor_008,1,large_component,0.6,30,0.95,2,7448,310,1618,103,1
tumor_008,1,micro_cluster,0.6,30,0.95,2,7448,310,1618,103,1
tumor_008,1,hybrid,0.6,30,0.95,2,7448,310,1618,103,1
tumor_009,1,large_component,0.6,30,0.95,2,35616,16385,14237,2591,1
tumor_009,1,micro_cluster,0.6,30,0.95,2,35616,16385,14237,2591,1
tumor_009,1,hybrid,0.6,30,0.95,2,35616,16385,14237,2591,1
tumor_010,1,large_component,0.6,30,0.95,2,8835,409,2142,62,1
tumor_010,1,micro_cluster,0.6,30,0.95,2,8835,409,2142,62,1
tumor_010,1,hybrid,0.6,30,0.95,2,8835,409,2142,62,1
normal_001,0,large_component,0.6,30,0.95,2,302,89,104,40,1
normal_001,0,micro_cluster,0.6,30,0.95,2,302,89,104,40,1
normal_001,0,hybrid,0.6,30,0.95,2,302,89,104,40,1
normal_002,0,large_component,0.6,30,0.95,2,851,75,207,29,1
normal_002,0,micro_cluster,0.6,30,0.95,2,851,75,207,29,1
normal_002,0,hybrid,0.6,30,0.95,2,851,75,207,29,1
normal_003,0,large_component,0.6,30,0.95,2,1859,201,513,41,1
normal_003,0,micro_cluster,0.6,30,0.95,2,1859,201,513,41,1
normal_003,0,hybrid,0.6,30,0.95,2,1859,201,513,41,1
normal_004,0,large_component,0.6,30,0.95,2,253,28,28,3,0
normal_004,0,micro_cluster,0.6,30,0.95,2,253,28,28,3,1
normal_004,0,hybrid,0.6,30,0.95,2,253,28,28,3,1
normal_005,0,large_component,0.6,30,0.95,2,289,21,87,6,0
normal_005,0,micro_cluster,0.6,30,0.95,2,289,21,87,6,1
normal_005,0,hybrid,0.6,30,0.95,2,289,21,87,6,1
normal_006,0,large_component,0.6,30,0.95,2,170,27,35,20,0
normal_006,0,micro_cluster,0.6,30,0.95,2,170,27,35,20,1
normal_006,0,hybrid,0.6,30,0.95,2,170,27,35,20,1
normal_007,0,large_component,0.6,30,0.95,2,228,28,70,21,0
normal_007,0,micro_cluster,0.6,30,0.95,2,228,28,70,21,1
normal_007,0,hybrid,0.6,30,0.95,2,228,28,70,21,1
normal_008,0,large_component,0.6,30,0.95,2,251,45,79,11,1
normal_008,0,micro_cluster,0.6,30,0.95,2,251,45,79,11,1
normal_008,0,hybrid,0.6,30,0.95,2,251,45,79,11,1
normal_009,0,large_component,0.6,30,0.95,2,955,32,162,13,1
normal_009,0,micro_cluster,0.6,30,0.95,2,955,32,162,13,1
normal_009,0,hybrid,0.6,30,0.95,2,955,32,162,13,1
normal_010,0,large_component,0.6,30,0.95,2,439,90,68,8,1
normal_010,0,micro_cluster,0.6,30,0.95,2,439,90,68,8,1
normal_010,0,hybrid,0.6,30,0.95,2,439,90,68,8,1
tumor_001,1,large_component,0.6,30,0.95,3,3978,951,1700,649,1
tumor_001,1,micro_cluster,0.6,30,0.95,3,3978,951,1700,649,1
tumor_001,1,hybrid,0.6,30,0.95,3,3978,951,1700,649,1
tumor_002,1,large_component,0.6,30,0.95,3,2759,131,712,22,1
tumor_002,1,micro_cluster,0.6,30,0.95,3,2759,131,712,22,1
tumor_002,1,hybrid,0.6,30,0.95,3,2759,131,712,22,1
tumor_003,1,large_component,0.6,30,0.95,3,1466,313,616,279,1
tumor_003,1,micro_cluster,0.6,30,0.95,3,1466,313,616,279,1
tumor_003,1,hybrid,0.6,30,0.95,3,1466,313,616,279,1
tumor_004,1,large_component,0.6,30,0.95,3,2083,92,583,67,1
tumor_004,1,micro_cluster,0.6,30,0.95,3,2083,92,583,67,1
tumor_004,1,hybrid,0.6,30,0.95,3,2083,92,583,67,1
tumor_005,1,large_component,0.6,30,0.95,3,431,137,187,115,1
tumor_005,1,micro_cluster,0.6,30,0.95,3,431,137,187,115,1
tumor_005,1,hybrid,0.6,30,0.95,3,431,137,187,115,1
tumor_006,1,large_component,0.6,30,0.95,3,4689,117,1006,56,1
tumor_006,1,micro_cluster,0.6,30,0.95,3,4689,117,1006,56,1
tumor_006,1,hybrid,0.6,30,0.95,3,4689,117,1006,56,1
tumor_007,1,large_component,0.6,30,0.95,3,4271,132,866,104,1
tumor_007,1,micro_cluster,0.6,30,0.95,3,4271,132,866,104,1
tumor_007,1,hybrid,0.6,30,0.95,3,4271,132,866,104,1
tumor_008,1,large_component,0.6,30,0.95,3,7448,310,1618,103,1
tumor_008,1,micro_cluster,0.6,30,0.95,3,7448,310,1618,103,1
tumor_008,1,hybrid,0.6,30,0.95,3,7448,310,1618,103,1
tumor_009,1,large_component,0.6,30,0.95,3,35616,16385,14237,2591,1
tumor_009,1,micro_cluster,0.6,30,0.95,3,35616,16385,14237,2591,1
tumor_009,1,hybrid,0.6,30,0.95,3,35616,16385,14237,2591,1
tumor_010,1,large_component,0.6,30,0.95,3,8835,409,2142,62,1
tumor_010,1,micro_cluster,0.6,30,0.95,3,8835,409,2142,62,1
tumor_010,1,hybrid,0.6,30,0.95,3,8835,409,2142,62,1
normal_001,0,large_component,0.6,30,0.95,3,302,89,104,40,1
normal_001,0,micro_cluster,0.6,30,0.95,3,302,89,104,40,1
normal_001,0,hybrid,0.6,30,0.95,3,302,89,104,40,1
normal_002,0,large_component,0.6,30,0.95,3,851,75,207,29,1
normal_002,0,micro_cluster,0.6,30,0.95,3,851,75,207,29,1
normal_002,0,hybrid,0.6,30,0.95,3,851,75,207,29,1
normal_003,0,large_component,0.6,30,0.95,3,1859,201,513,41,1
normal_003,0,micro_cluster,0.6,30,0.95,3,1859,201,513,41,1
normal_003,0,hybrid,0.6,30,0.95,3,1859,201,513,41,1
normal_004,0,large_component,0.6,30,0.95,3,253,28,28,3,0
normal_004,0,micro_cluster,0.6,30,0.95,3,253,28,28,3,1
normal_004,0,hybrid,0.6,30,0.95,3,253,28,28,3,1
normal_005,0,large_component,0.6,30,0.95,3,289,21,87,6,0
normal_005,0,micro_cluster,0.6,30,0.95,3,289,21,87,6,1
normal_005,0,hybrid,0.6,30,0.95,3,289,21,87,6,1
normal_006,0,large_component,0.6,30,0.95,3,170,27,35,20,0
normal_006,0,micro_cluster,0.6,30,0.95,3,170,27,35,20,1
normal_006,0,hybrid,0.6,30,0.95,3,170,27,35,20,1
normal_007,0,large_component,0.6,30,0.95,3,228,28,70,21,0
normal_007,0,micro_cluster,0.6,30,0.95,3,228,28,70,21,1
normal_007,0,hybrid,0.6,30,0.95,3,228,28,70,21,1
normal_008,0,large_component,0.6,30,0.95,3,251,45,79,11,1
normal_008,0,micro_cluster,0.6,30,0.95,3,251,45,79,11,1
normal_008,0,hybrid,0.6,30,0.95,3,251,45,79,11,1
normal_009,0,large_component,0.6,30,0.95,3,955,32,162,13,1
normal_009,0,micro_cluster,0.6,30,0.95,3,955,32,162,13,1
normal_009,0,hybrid,0.6,30,0.95,3,955,32,162,13,1
normal_010,0,large_component,0.6,30,0.95,3,439,90,68,8,1
normal_010,0,micro_cluster,0.6,30,0.95,3,439,90,68,8,1
normal_010,0,hybrid,0.6,30,0.95,3,439,90,68,8,1
tumor_001,1,large_component,0.6,30,0.95,5,3978,951,1700,649,1
tumor_001,1,micro_cluster,0.6,30,0.95,5,3978,951,1700,649,1
tumor_001,1,hybrid,0.6,30,0.95,5,3978,951,1700,649,1
tumor_002,1,large_component,0.6,30,0.95,5,2759,131,712,22,1
tumor_002,1,micro_cluster,0.6,30,0.95,5,2759,131,712,22,1
tumor_002,1,hybrid,0.6,30,0.95,5,2759,131,712,22,1
tumor_003,1,large_component,0.6,30,0.95,5,1466,313,616,279,1
tumor_003,1,micro_cluster,0.6,30,0.95,5,1466,313,616,279,1
tumor_003,1,hybrid,0.6,30,0.95,5,1466,313,616,279,1
tumor_004,1,large_component,0.6,30,0.95,5,2083,92,583,67,1
tumor_004,1,micro_cluster,0.6,30,0.95,5,2083,92,583,67,1
tumor_004,1,hybrid,0.6,30,0.95,5,2083,92,583,67,1
tumor_005,1,large_component,0.6,30,0.95,5,431,137,187,115,1
tumor_005,1,micro_cluster,0.6,30,0.95,5,431,137,187,115,1
tumor_005,1,hybrid,0.6,30,0.95,5,431,137,187,115,1
tumor_006,1,large_component,0.6,30,0.95,5,4689,117,1006,56,1
tumor_006,1,micro_cluster,0.6,30,0.95,5,4689,117,1006,56,1
tumor_006,1,hybrid,0.6,30,0.95,5,4689,117,1006,56,1
tumor_007,1,large_component,0.6,30,0.95,5,4271,132,866,104,1
tumor_007,1,micro_cluster,0.6,30,0.95,5,4271,132,866,104,1
tumor_007,1,hybrid,0.6,30,0.95,5,4271,132,866,104,1
tumor_008,1,large_component,0.6,30,0.95,5,7448,310,1618,103,1
tumor_008,1,micro_cluster,0.6,30,0.95,5,7448,310,1618,103,1
tumor_008,1,hybrid,0.6,30,0.95,5,7448,310,1618,103,1
tumor_009,1,large_component,0.6,30,0.95,5,35616,16385,14237,2591,1
tumor_009,1,micro_cluster,0.6,30,0.95,5,35616,16385,14237,2591,1
tumor_009,1,hybrid,0.6,30,0.95,5,35616,16385,14237,2591,1
tumor_010,1,large_component,0.6,30,0.95,5,8835,409,2142,62,1
tumor_010,1,micro_cluster,0.6,30,0.95,5,8835,409,2142,62,1
tumor_010,1,hybrid,0.6,30,0.95,5,8835,409,2142,62,1
normal_001,0,large_component,0.6,30,0.95,5,302,89,104,40,1
normal_001,0,micro_cluster,0.6,30,0.95,5,302,89,104,40,1
normal_001,0,hybrid,0.6,30,0.95,5,302,89,104,40,1
normal_002,0,large_component,0.6,30,0.95,5,851,75,207,29,1
normal_002,0,micro_cluster,0.6,30,0.95,5,851,75,207,29,1
normal_002,0,hybrid,0.6,30,0.95,5,851,75,207,29,1
normal_003,0,large_component,0.6,30,0.95,5,1859,201,513,41,1
normal_003,0,micro_cluster,0.6,30,0.95,5,1859,201,513,41,1
normal_003,0,hybrid,0.6,30,0.95,5,1859,201,513,41,1
normal_004,0,large_component,0.6,30,0.95,5,253,28,28,3,0
normal_004,0,micro_cluster,0.6,30,0.95,5,253,28,28,3,0
normal_004,0,hybrid,0.6,30,0.95,5,253,28,28,3,0
normal_005,0,large_component,0.6,30,0.95,5,289,21,87,6,0
normal_005,0,micro_cluster,0.6,30,0.95,5,289,21,87,6,1
normal_005,0,hybrid,0.6,30,0.95,5,289,21,87,6,1
normal_006,0,large_component,0.6,30,0.95,5,170,27,35,20,0
normal_006,0,micro_cluster,0.6,30,0.95,5,170,27,35,20,1
normal_006,0,hybrid,0.6,30,0.95,5,170,27,35,20,1
normal_007,0,large_component,0.6,30,0.95,5,228,28,70,21,0
normal_007,0,micro_cluster,0.6,30,0.95,5,228,28,70,21,1
normal_007,0,hybrid,0.6,30,0.95,5,228,28,70,21,1
normal_008,0,large_component,0.6,30,0.95,5,251,45,79,11,1
normal_008,0,micro_cluster,0.6,30,0.95,5,251,45,79,11,1
normal_008,0,hybrid,0.6,30,0.95,5,251,45,79,11,1
normal_009,0,large_component,0.6,30,0.95,5,955,32,162,13,1
normal_009,0,micro_cluster,0.6,30,0.95,5,955,32,162,13,1
normal_009,0,hybrid,0.6,30,0.95,5,955,32,162,13,1
normal_010,0,large_component,0.6,30,0.95,5,439,90,68,8,1
normal_010,0,micro_cluster,0.6,30,0.95,5,439,90,68,8,1
normal_010,0,hybrid,0.6,30,0.95,5,439,90,68,8,1
tumor_001,1,large_component,0.6,40,0.99,2,3978,951,1050,543,1
tumor_001,1,micro_cluster,0.6,40,0.99,2,3978,951,1050,543,1
tumor_001,1,hybrid,0.6,40,0.99,2,3978,951,1050,543,1
tumor_002,1,large_component,0.6,40,0.99,2,2759,131,254,16,1
tumor_002,1,micro_cluster,0.6,40,0.99,2,2759,131,254,16,1
tumor_002,1,hybrid,0.6,40,0.99,2,2759,131,254,16,1
tumor_003,1,large_component,0.6,40,0.99,2,1466,313,407,251,1
tumor_003,1,micro_cluster,0.6,40,0.99,2,1466,313,407,251,1
tumor_003,1,hybrid,0.6,40,0.99,2,1466,313,407,251,1
tumor_004,1,large_component,0.6,40,0.99,2,2083,92,263,44,1
tumor_004,1,micro_cluster,0.6,40,0.99,2,2083,92,263,44,1
tumor_004,1,hybrid,0.6,40,0.99,2,2083,92,263,44,1
tumor_005,1,large_component,0.6,40,0.99,2,431,137,129,79,1
tumor_005,1,micro_cluster,0.6,40,0.99,2,431,137,129,79,1
tumor_005,1,hybrid,0.6,40,0.99,2,431,137,129,79,1
tumor_006,1,large_component,0.6,40,0.99,2,4689,117,374,51,1
tumor_006,1,micro_cluster,0.6,40,0.99,2,4689,117,374,51,1
tumor_006,1,hybrid,0.6,40,0.99,2,4689,117,374,51,1
tumor_007,1,large_component,0.6,40,0.99,2,4271,132,300,90,1
tumor_007,1,micro_cluster,0.6,40,0.99,2,4271,132,300,90,1
tumor_007,1,hybrid,0.6,40,0.99,2,4271,132,300,90,1
tumor_008,1,large_component,0.6,40,0.99,2,7448,310,485,10,1
tumor_008,1,micro_cluster,0.6,40,0.99,2,7448,310,485,10,1
tumor_008,1,hybrid,0.6,40,0.99,2,7448,310,485,10,1
tumor_009,1,large_component,0.6,40,0.99,2,35616,16385,6309,502,1
tumor_009,1,micro_cluster,0.6,40,0.99,2,35616,16385,6309,502,1
tumor_009,1,hybrid,0.6,40,0.99,2,35616,16385,6309,502,1
tumor_010,1,large_component,0.6,40,0.99,2,8835,409,733,28,1
tumor_010,1,micro_cluster,0.6,40,0.99,2,8835,409,733,28,1
tumor_010,1,hybrid,0.6,40,0.99,2,8835,409,733,28,1
normal_001,0,large_component,0.6,40,0.99,2,302,89,50,16,1
normal_001,0,micro_cluster,0.6,40,0.99,2,302,89,50,16,1
normal_001,0,hybrid,0.6,40,0.99,2,302,89,50,16,1
normal_002,0,large_component,0.6,40,0.99,2,851,75,78,11,1
normal_002,0,micro_cluster,0.6,40,0.99,2,851,75,78,11,1
normal_002,0,hybrid,0.6,40,0.99,2,851,75,78,11,1
normal_003,0,large_component,0.6,40,0.99,2,1859,201,171,11,1
normal_003,0,micro_cluster,0.6,40,0.99,2,1859,201,171,11,1
normal_003,0,hybrid,0.6,40,0.99,2,1859,201,171,11,1
normal_004,0,large_component,0.6,40,0.99,2,253,28,7,1,0
normal_004,0,micro_cluster,0.6,40,0.99,2,253,28,7,1,0
normal_004,0,hybrid,0.6,40,0.99,2,253,28,7,1,0
normal_005,0,large_component,0.6,40,0.99,2,289,21,33,4,0
normal_005,0,micro_cluster,0.6,40,0.99,2,289,21,33,4,1
normal_005,0,hybrid,0.6,40,0.99,2,289,21,33,4,1
normal_006,0,large_component,0.6,40,0.99,2,170,27,6,6,0
normal_006,0,micro_cluster,0.6,40,0.99,2,170,27,6,6,1
normal_006,0,hybrid,0.6,40,0.99,2,170,27,6,6,1
normal_007,0,large_component,0.6,40,0.99,2,228,28,31,11,0
normal_007,0,micro_cluster,0.6,40,0.99,2,228,28,31,11,1
normal_007,0,hybrid,0.6,40,0.99,2,228,28,31,11,1
normal_008,0,large_component,0.6,40,0.99,2,251,45,28,5,1
normal_008,0,micro_cluster,0.6,40,0.99,2,251,45,28,5,1
normal_008,0,hybrid,0.6,40,0.99,2,251,45,28,5,1
normal_009,0,large_component,0.6,40,0.99,2,955,32,37,6,0
normal_009,0,micro_cluster,0.6,40,0.99,2,955,32,37,6,1
normal_009,0,hybrid,0.6,40,0.99,2,955,32,37,6,1
normal_010,0,large_component,0.6,40,0.99,2,439,90,13,2,1
normal_010,0,micro_cluster,0.6,40,0.99,2,439,90,13,2,1
normal_010,0,hybrid,0.6,40,0.99,2,439,90,13,2,1
tumor_001,1,large_component,0.6,40,0.99,3,3978,951,1050,543,1
tumor_001,1,micro_cluster,0.6,40,0.99,3,3978,951,1050,543,1
tumor_001,1,hybrid,0.6,40,0.99,3,3978,951,1050,543,1
tumor_002,1,large_component,0.6,40,0.99,3,2759,131,254,16,1
tumor_002,1,micro_cluster,0.6,40,0.99,3,2759,131,254,16,1
tumor_002,1,hybrid,0.6,40,0.99,3,2759,131,254,16,1
tumor_003,1,large_component,0.6,40,0.99,3,1466,313,407,251,1
tumor_003,1,micro_cluster,0.6,40,0.99,3,1466,313,407,251,1
tumor_003,1,hybrid,0.6,40,0.99,3,1466,313,407,251,1
tumor_004,1,large_component,0.6,40,0.99,3,2083,92,263,44,1
tumor_004,1,micro_cluster,0.6,40,0.99,3,2083,92,263,44,1
tumor_004,1,hybrid,0.6,40,0.99,3,2083,92,263,44,1
tumor_005,1,large_component,0.6,40,0.99,3,431,137,129,79,1
tumor_005,1,micro_cluster,0.6,40,0.99,3,431,137,129,79,1
tumor_005,1,hybrid,0.6,40,0.99,3,431,137,129,79,1
tumor_006,1,large_component,0.6,40,0.99,3,4689,117,374,51,1
tumor_006,1,micro_cluster,0.6,40,0.99,3,4689,117,374,51,1
tumor_006,1,hybrid,0.6,40,0.99,3,4689,117,374,51,1
tumor_007,1,large_component,0.6,40,0.99,3,4271,132,300,90,1
tumor_007,1,micro_cluster,0.6,40,0.99,3,4271,132,300,90,1
tumor_007,1,hybrid,0.6,40,0.99,3,4271,132,300,90,1
tumor_008,1,large_component,0.6,40,0.99,3,7448,310,485,10,1
tumor_008,1,micro_cluster,0.6,40,0.99,3,7448,310,485,10,1
tumor_008,1,hybrid,0.6,40,0.99,3,7448,310,485,10,1
tumor_009,1,large_component,0.6,40,0.99,3,35616,16385,6309,502,1
tumor_009,1,micro_cluster,0.6,40,0.99,3,35616,16385,6309,502,1
tumor_009,1,hybrid,0.6,40,0.99,3,35616,16385,6309,502,1
tumor_010,1,large_component,0.6,40,0.99,3,8835,409,733,28,1
tumor_010,1,micro_cluster,0.6,40,0.99,3,8835,409,733,28,1
tumor_010,1,hybrid,0.6,40,0.99,3,8835,409,733,28,1
normal_001,0,large_component,0.6,40,0.99,3,302,89,50,16,1
normal_001,0,micro_cluster,0.6,40,0.99,3,302,89,50,16,1
normal_001,0,hybrid,0.6,40,0.99,3,302,89,50,16,1
normal_002,0,large_component,0.6,40,0.99,3,851,75,78,11,1
normal_002,0,micro_cluster,0.6,40,0.99,3,851,75,78,11,1
normal_002,0,hybrid,0.6,40,0.99,3,851,75,78,11,1
normal_003,0,large_component,0.6,40,0.99,3,1859,201,171,11,1
normal_003,0,micro_cluster,0.6,40,0.99,3,1859,201,171,11,1
normal_003,0,hybrid,0.6,40,0.99,3,1859,201,171,11,1
normal_004,0,large_component,0.6,40,0.99,3,253,28,7,1,0
normal_004,0,micro_cluster,0.6,40,0.99,3,253,28,7,1,0
normal_004,0,hybrid,0.6,40,0.99,3,253,28,7,1,0
normal_005,0,large_component,0.6,40,0.99,3,289,21,33,4,0
normal_005,0,micro_cluster,0.6,40,0.99,3,289,21,33,4,1
normal_005,0,hybrid,0.6,40,0.99,3,289,21,33,4,1
normal_006,0,large_component,0.6,40,0.99,3,170,27,6,6,0
normal_006,0,micro_cluster,0.6,40,0.99,3,170,27,6,6,1
normal_006,0,hybrid,0.6,40,0.99,3,170,27,6,6,1
normal_007,0,large_component,0.6,40,0.99,3,228,28,31,11,0
normal_007,0,micro_cluster,0.6,40,0.99,3,228,28,31,11,1
normal_007,0,hybrid,0.6,40,0.99,3,228,28,31,11,1
normal_008,0,large_component,0.6,40,0.99,3,251,45,28,5,1
normal_008,0,micro_cluster,0.6,40,0.99,3,251,45,28,5,1
normal_008,0,hybrid,0.6,40,0.99,3,251,45,28,5,1
normal_009,0,large_component,0.6,40,0.99,3,955,32,37,6,0
normal_009,0,micro_cluster,0.6,40,0.99,3,955,32,37,6,1
normal_009,0,hybrid,0.6,40,0.99,3,955,32,37,6,1
normal_010,0,large_component,0.6,40,0.99,3,439,90,13,2,1
normal_010,0,micro_cluster,0.6,40,0.99,3,439,90,13,2,0
normal_010,0,hybrid,0.6,40,0.99,3,439,90,13,2,1
tumor_001,1,large_component,0.6,40,0.99,5,3978,951,1050,543,1
tumor_001,1,micro_cluster,0.6,40,0.99,5,3978,951,1050,543,1
tumor_001,1,hybrid,0.6,40,0.99,5,3978,951,1050,543,1
tumor_002,1,large_component,0.6,40,0.99,5,2759,131,254,16,1
tumor_002,1,micro_cluster,0.6,40,0.99,5,2759,131,254,16,1
tumor_002,1,hybrid,0.6,40,0.99,5,2759,131,254,16,1
tumor_003,1,large_component,0.6,40,0.99,5,1466,313,407,251,1
tumor_003,1,micro_cluster,0.6,40,0.99,5,1466,313,407,251,1
tumor_003,1,hybrid,0.6,40,0.99,5,1466,313,407,251,1
tumor_004,1,large_component,0.6,40,0.99,5,2083,92,263,44,1
tumor_004,1,micro_cluster,0.6,40,0.99,5,2083,92,263,44,1
tumor_004,1,hybrid,0.6,40,0.99,5,2083,92,263,44,1
tumor_005,1,large_component,0.6,40,0.99,5,431,137,129,79,1
tumor_005,1,micro_cluster,0.6,40,0.99,5,431,137,129,79,1
tumor_005,1,hybrid,0.6,40,0.99,5,431,137,129,79,1
tumor_006,1,large_component,0.6,40,0.99,5,4689,117,374,51,1
tumor_006,1,micro_cluster,0.6,40,0.99,5,4689,117,374,51,1
tumor_006,1,hybrid,0.6,40,0.99,5,4689,117,374,51,1
tumor_007,1,large_component,0.6,40,0.99,5,4271,132,300,90,1
tumor_007,1,micro_cluster,0.6,40,0.99,5,4271,132,300,90,1
tumor_007,1,hybrid,0.6,40,0.99,5,4271,132,300,90,1
tumor_008,1,large_component,0.6,40,0.99,5,7448,310,485,10,1
tumor_008,1,micro_cluster,0.6,40,0.99,5,7448,310,485,10,1
tumor_008,1,hybrid,0.6,40,0.99,5,7448,310,485,10,1
tumor_009,1,large_component,0.6,40,0.99,5,35616,16385,6309,502,1
tumor_009,1,micro_cluster,0.6,40,0.99,5,35616,16385,6309,502,1
tumor_009,1,hybrid,0.6,40,0.99,5,35616,16385,6309,502,1
tumor_010,1,large_component,0.6,40,0.99,5,8835,409,733,28,1
tumor_010,1,micro_cluster,0.6,40,0.99,5,8835,409,733,28,1
tumor_010,1,hybrid,0.6,40,0.99,5,8835,409,733,28,1
normal_001,0,large_component,0.6,40,0.99,5,302,89,50,16,1
normal_001,0,micro_cluster,0.6,40,0.99,5,302,89,50,16,1
normal_001,0,hybrid,0.6,40,0.99,5,302,89,50,16,1
normal_002,0,large_component,0.6,40,0.99,5,851,75,78,11,1
normal_002,0,micro_cluster,0.6,40,0.99,5,851,75,78,11,1
normal_002,0,hybrid,0.6,40,0.99,5,851,75,78,11,1
normal_003,0,large_component,0.6,40,0.99,5,1859,201,171,11,1
normal_003,0,micro_cluster,0.6,40,0.99,5,1859,201,171,11,1
normal_003,0,hybrid,0.6,40,0.99,5,1859,201,171,11,1
normal_004,0,large_component,0.6,40,0.99,5,253,28,7,1,0
normal_004,0,micro_cluster,0.6,40,0.99,5,253,28,7,1,0
normal_004,0,hybrid,0.6,40,0.99,5,253,28,7,1,0
normal_005,0,large_component,0.6,40,0.99,5,289,21,33,4,0
normal_005,0,micro_cluster,0.6,40,0.99,5,289,21,33,4,0
normal_005,0,hybrid,0.6,40,0.99,5,289,21,33,4,0
normal_006,0,large_component,0.6,40,0.99,5,170,27,6,6,0
normal_006,0,micro_cluster,0.6,40,0.99,5,170,27,6,6,1
normal_006,0,hybrid,0.6,40,0.99,5,170,27,6,6,1
normal_007,0,large_component,0.6,40,0.99,5,228,28,31,11,0
normal_007,0,micro_cluster,0.6,40,0.99,5,228,28,31,11,1
normal_007,0,hybrid,0.6,40,0.99,5,228,28,31,11,1
normal_008,0,large_component,0.6,40,0.99,5,251,45,28,5,1
normal_008,0,micro_cluster,0.6,40,0.99,5,251,45,28,5,1
normal_008,0,hybrid,0.6,40,0.99,5,251,45,28,5,1
normal_009,0,large_component,0.6,40,0.99,5,955,32,37,6,0
normal_009,0,micro_cluster,0.6,40,0.99,5,955,32,37,6,1
normal_009,0,hybrid,0.6,40,0.99,5,955,32,37,6,1
normal_010,0,large_component,0.6,40,0.99,5,439,90,13,2,1
normal_010,0,micro_cluster,0.6,40,0.99,5,439,90,13,2,0
normal_010,0,hybrid,0.6,40,0.99,5,439,90,13,2,1
tumor_001,1,large_component,0.6,40,0.98,2,3978,951,1276,595,1
tumor_001,1,micro_cluster,0.6,40,0.98,2,3978,951,1276,595,1
tumor_001,1,hybrid,0.6,40,0.98,2,3978,951,1276,595,1
tumor_002,1,large_component,0.6,40,0.98,2,2759,131,401,19,1
tumor_002,1,micro_cluster,0.6,40,0.98,2,2759,131,401,19,1
tumor_002,1,hybrid,0.6,40,0.98,2,2759,131,401,19,1
tumor_003,1,large_component,0.6,40,0.98,2,1466,313,467,262,1
tumor_003,1,micro_cluster,0.6,40,0.98,2,1466,313,467,262,1
tumor_003,1,hybrid,0.6,40,0.98,2,1466,313,467,262,1
tumor_004,1,large_component,0.6,40,0.98,2,2083,92,373,51,1
tumor_004,1,micro_cluster,0.6,40,0.98,2,2083,92,373,51,1
tumor_004,1,hybrid,0.6,40,0.98,2,2083,92,373,51,1
tumor_005,1,large_component,0.6,40,0.98,2,431,137,148,88,1
tumor_005,1,micro_cluster,0.6,40,0.98,2,431,137,148,88,1
tumor_005,1,hybrid,0.6,40,0.98,2,431,137,148,88,1
tumor_006,1,large_component,0.6,40,0.98,2,4689,117,591,54,1
tumor_006,1,micro_cluster,0.6,40,0.98,2,4689,117,591,54,1
tumor_006,1,hybrid,0.6,40,0.98,2,4689,117,591,54,1
tumor_007,1,large_component,0.6,40,0.98,2,4271,132,464,100,1
tumor_007,1,micro_cluster,0.6,40,0.98,2,4271,132,464,100,1
tumor_007,1,hybrid,0.6,40,0.98,2,4271,132,464,100,1
tumor_008,1,large_component,0.6,40,0.98,2,7448,310,831,40,1
tumor_008,1,micro_cluster,0.6,40,0.98,2,7448,310,831,40,1
tumor_008,1,hybrid,0.6,40,0.98,2,7448,310,831,40,1
tumor_009,1,large_component,0.6,40,0.98,2,35616,16385,9107,896,1
tumor_009,1,micro_cluster,0.6,40,0.98,2,35616,16385,9107,896,1
tumor_009,1,hybrid,0.6,40,0.98,2,35616,16385,9107,896,1
tumor_010,1,large_component,0.6,40,0.98,2,8835,409,1174,29,1
tumor_010,1,micro_cluster,0.6,40,0.98,2,8835,409,1174,29,1
tumor_010,1,hybrid,0.6,40,0.98,2,8835,409,1174,29,1
normal_001,0,large_component,0.6,40,0.98,2,302,89,67,17,1
normal_001,0,micro_cluster,0.6,40,0.98,2,302,89,67,17,1
normal_001,0,hybrid,0.6,40,0.98,2,302,89,67,17,1
normal_002,0,large_component,0.6,40,0.98,2,851,75,114,18,1
normal_002,0,micro_cluster,0.6,40,0.98,2,851,75,114,18,1
normal_002,0,hybrid,0.6,40,0.98,2,851,75,114,18,1
normal_003,0,large_component,0.6,40,0.98,2,1859,201,267,31,1
normal_003,0,micro_cluster,0.6,40,0.98,2,1859,201,267,31,1
normal_003,0,hybrid,0.6,40,0.98,2,1859,201,267,31,1
normal_004,0,large_component,0.6,40,0.98,2,253,28,13,3,0
normal_004,0,micro_cluster,0.6,40,0.98,2,253,28,13,3,1
normal_004,0,hybrid,0.6,40,0.98,2,253,28,13,3,1
normal_005,0,large_component,0.6,40,0.98,2,289,21,48,6,0
normal_005,0,micro_cluster,0.6,40,0.98,2,289,21,48,6,1
normal_005,0,hybrid,0.6,40,0.98,2,289,21,48,6,1
normal_006,0,large_component,0.6,40,0.98,2,170,27,16,9,0
normal_006,0,micro_cluster,0.6,40,0.98,2,170,27,16,9,1
normal_006,0,hybrid,0.6,40,0.98,2,170,27,16,9,1
normal_007,0,large_component,0.6,40,0.98,2,228,28,47,18,0
normal_007,0,micro_cluster,0.6,40,0.98,2,228,28,47,18,1
normal_007,0,hybrid,0.6,40,0.98,2,228,28,47,18,1
normal_008,0,large_component,0.6,40,0.98,2,251,45,41,6,1
normal_008,0,micro_cluster,0.6,40,0.98,2,251,45,41,6,1
normal_008,0,hybrid,0.6,40,0.98,2,251,45,41,6,1
normal_009,0,large_component,0.6,40,0.98,2,955,32,82,9,0
normal_009,0,micro_cluster,0.6,40,0.98,2,955,32,82,9,1
normal_009,0,hybrid,0.6,40,0.98,2,955,32,82,9,1
normal_010,0,large_component,0.6,40,0.98,2,439,90,27,3,1
normal_010,0,micro_cluster,0.6,40,0.98,2,439,90,27,3,1
normal_010,0,hybrid,0.6,40,0.98,2,439,90,27,3,1
tumor_001,1,large_component,0.6,40,0.98,3,3978,951,1276,595,1
tumor_001,1,micro_cluster,0.6,40,0.98,3,3978,951,1276,595,1
tumor_001,1,hybrid,0.6,40,0.98,3,3978,951,1276,595,1
tumor_002,1,large_component,0.6,40,0.98,3,2759,131,401,19,1
tumor_002,1,micro_cluster,0.6,40,0.98,3,2759,131,401,19,1
tumor_002,1,hybrid,0.6,40,0.98,3,2759,131,401,19,1
tumor_003,1,large_component,0.6,40,0.98,3,1466,313,467,262,1
tumor_003,1,micro_cluster,0.6,40,0.98,3,1466,313,467,262,1
tumor_003,1,hybrid,0.6,40,0.98,3,1466,313,467,262,1
tumor_004,1,large_component,0.6,40,0.98,3,2083,92,373,51,1
tumor_004,1,micro_cluster,0.6,40,0.98,3,2083,92,373,51,1
tumor_004,1,hybrid,0.6,40,0.98,3,2083,92,373,51,1
tumor_005,1,large_component,0.6,40,0.98,3,431,137,148,88,1
tumor_005,1,micro_cluster,0.6,40,0.98,3,431,137,148,88,1
tumor_005,1,hybrid,0.6,40,0.98,3,431,137,148,88,1
tumor_006,1,large_component,0.6,40,0.98,3,4689,117,591,54,1
tumor_006,1,micro_cluster,0.6,40,0.98,3,4689,117,591,54,1
tumor_006,1,hybrid,0.6,40,0.98,3,4689,117,591,54,1
tumor_007,1,large_component,0.6,40,0.98,3,4271,132,464,100,1
tumor_007,1,micro_cluster,0.6,40,0.98,3,4271,132,464,100,1
tumor_007,1,hybrid,0.6,40,0.98,3,4271,132,464,100,1
tumor_008,1,large_component,0.6,40,0.98,3,7448,310,831,40,1
tumor_008,1,micro_cluster,0.6,40,0.98,3,7448,310,831,40,1
tumor_008,1,hybrid,0.6,40,0.98,3,7448,310,831,40,1
tumor_009,1,large_component,0.6,40,0.98,3,35616,16385,9107,896,1
tumor_009,1,micro_cluster,0.6,40,0.98,3,35616,16385,9107,896,1
tumor_009,1,hybrid,0.6,40,0.98,3,35616,16385,9107,896,1
tumor_010,1,large_component,0.6,40,0.98,3,8835,409,1174,29,1
tumor_010,1,micro_cluster,0.6,40,0.98,3,8835,409,1174,29,1
tumor_010,1,hybrid,0.6,40,0.98,3,8835,409,1174,29,1
normal_001,0,large_component,0.6,40,0.98,3,302,89,67,17,1
normal_001,0,micro_cluster,0.6,40,0.98,3,302,89,67,17,1
normal_001,0,hybrid,0.6,40,0.98,3,302,89,67,17,1
normal_002,0,large_component,0.6,40,0.98,3,851,75,114,18,1
normal_002,0,micro_cluster,0.6,40,0.98,3,851,75,114,18,1
normal_002,0,hybrid,0.6,40,0.98,3,851,75,114,18,1
normal_003,0,large_component,0.6,40,0.98,3,1859,201,267,31,1
normal_003,0,micro_cluster,0.6,40,0.98,3,1859,201,267,31,1
normal_003,0,hybrid,0.6,40,0.98,3,1859,201,267,31,1
normal_004,0,large_component,0.6,40,0.98,3,253,28,13,3,0
normal_004,0,micro_cluster,0.6,40,0.98,3,253,28,13,3,1
normal_004,0,hybrid,0.6,40,0.98,3,253,28,13,3,1
normal_005,0,large_component,0.6,40,0.98,3,289,21,48,6,0
normal_005,0,micro_cluster,0.6,40,0.98,3,289,21,48,6,1
normal_005,0,hybrid,0.6,40,0.98,3,289,21,48,6,1
normal_006,0,large_component,0.6,40,0.98,3,170,27,16,9,0
normal_006,0,micro_cluster,0.6,40,0.98,3,170,27,16,9,1
normal_006,0,hybrid,0.6,40,0.98,3,170,27,16,9,1
normal_007,0,large_component,0.6,40,0.98,3,228,28,47,18,0
normal_007,0,micro_cluster,0.6,40,0.98,3,228,28,47,18,1
normal_007,0,hybrid,0.6,40,0.98,3,228,28,47,18,1
normal_008,0,large_component,0.6,40,0.98,3,251,45,41,6,1
normal_008,0,micro_cluster,0.6,40,0.98,3,251,45,41,6,1
normal_008,0,hybrid,0.6,40,0.98,3,251,45,41,6,1
normal_009,0,large_component,0.6,40,0.98,3,955,32,82,9,0
normal_009,0,micro_cluster,0.6,40,0.98,3,955,32,82,9,1
normal_009,0,hybrid,0.6,40,0.98,3,955,32,82,9,1
normal_010,0,large_component,0.6,40,0.98,3,439,90,27,3,1
normal_010,0,micro_cluster,0.6,40,0.98,3,439,90,27,3,1
normal_010,0,hybrid,0.6,40,0.98,3,439,90,27,3,1
tumor_001,1,large_component,0.6,40,0.98,5,3978,951,1276,595,1
tumor_001,1,micro_cluster,0.6,40,0.98,5,3978,951,1276,595,1
tumor_001,1,hybrid,0.6,40,0.98,5,3978,951,1276,595,1
tumor_002,1,large_component,0.6,40,0.98,5,2759,131,401,19,1
tumor_002,1,micro_cluster,0.6,40,0.98,5,2759,131,401,19,1
tumor_002,1,hybrid,0.6,40,0.98,5,2759,131,401,19,1
tumor_003,1,large_component,0.6,40,0.98,5,1466,313,467,262,1
tumor_003,1,micro_cluster,0.6,40,0.98,5,1466,313,467,262,1
tumor_003,1,hybrid,0.6,40,0.98,5,1466,313,467,262,1
tumor_004,1,large_component,0.6,40,0.98,5,2083,92,373,51,1
tumor_004,1,micro_cluster,0.6,40,0.98,5,2083,92,373,51,1
tumor_004,1,hybrid,0.6,40,0.98,5,2083,92,373,51,1
tumor_005,1,large_component,0.6,40,0.98,5,431,137,148,88,1
tumor_005,1,micro_cluster,0.6,40,0.98,5,431,137,148,88,1
tumor_005,1,hybrid,0.6,40,0.98,5,431,137,148,88,1
tumor_006,1,large_component,0.6,40,0.98,5,4689,117,591,54,1
tumor_006,1,micro_cluster,0.6,40,0.98,5,4689,117,591,54,1
tumor_006,1,hybrid,0.6,40,0.98,5,4689,117,591,54,1
tumor_007,1,large_component,0.6,40,0.98,5,4271,132,464,100,1
tumor_007,1,micro_cluster,0.6,40,0.98,5,4271,132,464,100,1
tumor_007,1,hybrid,0.6,40,0.98,5,4271,132,464,100,1
tumor_008,1,large_component,0.6,40,0.98,5,7448,310,831,40,1
tumor_008,1,micro_cluster,0.6,40,0.98,5,7448,310,831,40,1
tumor_008,1,hybrid,0.6,40,0.98,5,7448,310,831,40,1
tumor_009,1,large_component,0.6,40,0.98,5,35616,16385,9107,896,1
tumor_009,1,micro_cluster,0.6,40,0.98,5,35616,16385,9107,896,1
tumor_009,1,hybrid,0.6,40,0.98,5,35616,16385,9107,896,1
tumor_010,1,large_component,0.6,40,0.98,5,8835,409,1174,29,1
tumor_010,1,micro_cluster,0.6,40,0.98,5,8835,409,1174,29,1
tumor_010,1,hybrid,0.6,40,0.98,5,8835,409,1174,29,1
normal_001,0,large_component,0.6,40,0.98,5,302,89,67,17,1
normal_001,0,micro_cluster,0.6,40,0.98,5,302,89,67,17,1
normal_001,0,hybrid,0.6,40,0.98,5,302,89,67,17,1
normal_002,0,large_component,0.6,40,0.98,5,851,75,114,18,1
normal_002,0,micro_cluster,0.6,40,0.98,5,851,75,114,18,1
normal_002,0,hybrid,0.6,40,0.98,5,851,75,114,18,1
normal_003,0,large_component,0.6,40,0.98,5,1859,201,267,31,1
normal_003,0,micro_cluster,0.6,40,0.98,5,1859,201,267,31,1
normal_003,0,hybrid,0.6,40,0.98,5,1859,201,267,31,1
normal_004,0,large_component,0.6,40,0.98,5,253,28,13,3,0
normal_004,0,micro_cluster,0.6,40,0.98,5,253,28,13,3,0
normal_004,0,hybrid,0.6,40,0.98,5,253,28,13,3,0
normal_005,0,large_component,0.6,40,0.98,5,289,21,48,6,0
normal_005,0,micro_cluster,0.6,40,0.98,5,289,21,48,6,1
normal_005,0,hybrid,0.6,40,0.98,5,289,21,48,6,1
normal_006,0,large_component,0.6,40,0.98,5,170,27,16,9,0
normal_006,0,micro_cluster,0.6,40,0.98,5,170,27,16,9,1
normal_006,0,hybrid,0.6,40,0.98,5,170,27,16,9,1
normal_007,0,large_component,0.6,40,0.98,5,228,28,47,18,0
normal_007,0,micro_cluster,0.6,40,0.98,5,228,28,47,18,1
normal_007,0,hybrid,0.6,40,0.98,5,228,28,47,18,1
normal_008,0,large_component,0.6,40,0.98,5,251,45,41,6,1
normal_008,0,micro_cluster,0.6,40,0.98,5,251,45,41,6,1
normal_008,0,hybrid,0.6,40,0.98,5,251,45,41,6,1
normal_009,0,large_component,0.6,40,0.98,5,955,32,82,9,0
normal_009,0,micro_cluster,0.6,40,0.98,5,955,32,82,9,1
normal_009,0,hybrid,0.6,40,0.98,5,955,32,82,9,1
normal_010,0,large_component,0.6,40,0.98,5,439,90,27,3,1
normal_010,0,micro_cluster,0.6,40,0.98,5,439,90,27,3,0
normal_010,0,hybrid,0.6,40,0.98,5,439,90,27,3,1
tumor_001,1,large_component,0.6,40,0.95,2,3978,951,1700,649,1
tumor_001,1,micro_cluster,0.6,40,0.95,2,3978,951,1700,649,1
tumor_001,1,hybrid,0.6,40,0.95,2,3978,951,1700,649,1
tumor_002,1,large_component,0.6,40,0.95,2,2759,131,712,22,1
tumor_002,1,micro_cluster,0.6,40,0.95,2,2759,131,712,22,1
tumor_002,1,hybrid,0.6,40,0.95,2,2759,131,712,22,1
tumor_003,1,large_component,0.6,40,0.95,2,1466,313,616,279,1
tumor_003,1,micro_cluster,0.6,40,0.95,2,1466,313,616,279,1
tumor_003,1,hybrid,0.6,40,0.95,2,1466,313,616,279,1
tumor_004,1,large_component,0.6,40,0.95,2,2083,92,583,67,1
tumor_004,1,micro_cluster,0.6,40,0.95,2,2083,92,583,67,1
tumor_004,1,hybrid,0.6,40,0.95,2,2083,92,583,67,1
tumor_005,1,large_component,0.6,40,0.95,2,431,137,187,115,1
tumor_005,1,micro_cluster,0.6,40,0.95,2,431,137,187,115,1
tumor_005,1,hybrid,0.6,40,0.95,2,431,137,187,115,1
tumor_006,1,large_component,0.6,40,0.95,2,4689,117,1006,56,1
tumor_006,1,micro_cluster,0.6,40,0.95,2,4689,117,1006,56,1
tumor_006,1,hybrid,0.6,40,0.95,2,4689,117,1006,56,1
tumor_007,1,large_component,0.6,40,0.95,2,4271,132,866,104,1
tumor_007,1,micro_cluster,0.6,40,0.95,2,4271,132,866,104,1
tumor_007,1,hybrid,0.6,40,0.95,2,4271,132,866,104,1
tumor_008,1,large_component,0.6,40,0.95,2,7448,310,1618,103,1
tumor_008,1,micro_cluster,0.6,40,0.95,2,7448,310,1618,103,1
tumor_008,1,hybrid,0.6,40,0.95,2,7448,310,1618,103,1
tumor_009,1,large_component,0.6,40,0.95,2,35616,16385,14237,2591,1
tumor_009,1,micro_cluster,0.6,40,0.95,2,35616,16385,14237,2591,1
tumor_009,1,hybrid,0.6,40,0.95,2,35616,16385,14237,2591,1
tumor_010,1,large_component,0.6,40,0.95,2,8835,409,2142,62,1
tumor_010,1,micro_cluster,0.6,40,0.95,2,8835,409,2142,62,1
tumor_010,1,hybrid,0.6,40,0.95,2,8835,409,2142,62,1
normal_001,0,large_component,0.6,40,0.95,2,302,89,104,40,1
normal_001,0,micro_cluster,0.6,40,0.95,2,302,89,104,40,1
normal_001,0,hybrid,0.6,40,0.95,2,302,89,104,40,1
normal_002,0,large_component,0.6,40,0.95,2,851,75,207,29,1
normal_002,0,micro_cluster,0.6,40,0.95,2,851,75,207,29,1
normal_002,0,hybrid,0.6,40,0.95,2,851,75,207,29,1
normal_003,0,large_component,0.6,40,0.95,2,1859,201,513,41,1
normal_003,0,micro_cluster,0.6,40,0.95,2,1859,201,513,41,1
normal_003,0,hybrid,0.6,40,0.95,2,1859,201,513,41,1
normal_004,0,large_component,0.6,40,0.95,2,253,28,28,3,0
normal_004,0,micro_cluster,0.6,40,0.95,2,253,28,28,3,1
normal_004,0,hybrid,0.6,40,0.95,2,253,28,28,3,1
normal_005,0,large_component,0.6,40,0.95,2,289,21,87,6,0
normal_005,0,micro_cluster,0.6,40,0.95,2,289,21,87,6,1
normal_005,0,hybrid,0.6,40,0.95,2,289,21,87,6,1
normal_006,0,large_component,0.6,40,0.95,2,170,27,35,20,0
normal_006,0,micro_cluster,0.6,40,0.95,2,170,27,35,20,1
normal_006,0,hybrid,0.6,40,0.95,2,170,27,35,20,1
normal_007,0,large_component,0.6,40,0.95,2,228,28,70,21,0
normal_007,0,micro_cluster,0.6,40,0.95,2,228,28,70,21,1
normal_007,0,hybrid,0.6,40,0.95,2,228,28,70,21,1
normal_008,0,large_component,0.6,40,0.95,2,251,45,79,11,1
normal_008,0,micro_cluster,0.6,40,0.95,2,251,45,79,11,1
normal_008,0,hybrid,0.6,40,0.95,2,251,45,79,11,1
normal_009,0,large_component,0.6,40,0.95,2,955,32,162,13,0
normal_009,0,micro_cluster,0.6,40,0.95,2,955,32,162,13,1
normal_009,0,hybrid,0.6,40,0.95,2,955,32,162,13,1
normal_010,0,large_component,0.6,40,0.95,2,439,90,68,8,1
normal_010,0,micro_cluster,0.6,40,0.95,2,439,90,68,8,1
normal_010,0,hybrid,0.6,40,0.95,2,439,90,68,8,1
tumor_001,1,large_component,0.6,40,0.95,3,3978,951,1700,649,1
tumor_001,1,micro_cluster,0.6,40,0.95,3,3978,951,1700,649,1
tumor_001,1,hybrid,0.6,40,0.95,3,3978,951,1700,649,1
tumor_002,1,large_component,0.6,40,0.95,3,2759,131,712,22,1
tumor_002,1,micro_cluster,0.6,40,0.95,3,2759,131,712,22,1
tumor_002,1,hybrid,0.6,40,0.95,3,2759,131,712,22,1
tumor_003,1,large_component,0.6,40,0.95,3,1466,313,616,279,1
tumor_003,1,micro_cluster,0.6,40,0.95,3,1466,313,616,279,1
tumor_003,1,hybrid,0.6,40,0.95,3,1466,313,616,279,1
tumor_004,1,large_component,0.6,40,0.95,3,2083,92,583,67,1
tumor_004,1,micro_cluster,0.6,40,0.95,3,2083,92,583,67,1
tumor_004,1,hybrid,0.6,40,0.95,3,2083,92,583,67,1
tumor_005,1,large_component,0.6,40,0.95,3,431,137,187,115,1
tumor_005,1,micro_cluster,0.6,40,0.95,3,431,137,187,115,1
tumor_005,1,hybrid,0.6,40,0.95,3,431,137,187,115,1
tumor_006,1,large_component,0.6,40,0.95,3,4689,117,1006,56,1
tumor_006,1,micro_cluster,0.6,40,0.95,3,4689,117,1006,56,1
tumor_006,1,hybrid,0.6,40,0.95,3,4689,117,1006,56,1
tumor_007,1,large_component,0.6,40,0.95,3,4271,132,866,104,1
tumor_007,1,micro_cluster,0.6,40,0.95,3,4271,132,866,104,1
tumor_007,1,hybrid,0.6,40,0.95,3,4271,132,866,104,1
tumor_008,1,large_component,0.6,40,0.95,3,7448,310,1618,103,1
tumor_008,1,micro_cluster,0.6,40,0.95,3,7448,310,1618,103,1
tumor_008,1,hybrid,0.6,40,0.95,3,7448,310,1618,103,1
tumor_009,1,large_component,0.6,40,0.95,3,35616,16385,14237,2591,1
tumor_009,1,micro_cluster,0.6,40,0.95,3,35616,16385,14237,2591,1
tumor_009,1,hybrid,0.6,40,0.95,3,35616,16385,14237,2591,1
tumor_010,1,large_component,0.6,40,0.95,3,8835,409,2142,62,1
tumor_010,1,micro_cluster,0.6,40,0.95,3,8835,409,2142,62,1
tumor_010,1,hybrid,0.6,40,0.95,3,8835,409,2142,62,1
normal_001,0,large_component,0.6,40,0.95,3,302,89,104,40,1
normal_001,0,micro_cluster,0.6,40,0.95,3,302,89,104,40,1
normal_001,0,hybrid,0.6,40,0.95,3,302,89,104,40,1
normal_002,0,large_component,0.6,40,0.95,3,851,75,207,29,1
normal_002,0,micro_cluster,0.6,40,0.95,3,851,75,207,29,1
normal_002,0,hybrid,0.6,40,0.95,3,851,75,207,29,1
normal_003,0,large_component,0.6,40,0.95,3,1859,201,513,41,1
normal_003,0,micro_cluster,0.6,40,0.95,3,1859,201,513,41,1
normal_003,0,hybrid,0.6,40,0.95,3,1859,201,513,41,1
normal_004,0,large_component,0.6,40,0.95,3,253,28,28,3,0
normal_004,0,micro_cluster,0.6,40,0.95,3,253,28,28,3,1
normal_004,0,hybrid,0.6,40,0.95,3,253,28,28,3,1
normal_005,0,large_component,0.6,40,0.95,3,289,21,87,6,0
normal_005,0,micro_cluster,0.6,40,0.95,3,289,21,87,6,1
normal_005,0,hybrid,0.6,40,0.95,3,289,21,87,6,1
normal_006,0,large_component,0.6,40,0.95,3,170,27,35,20,0
normal_006,0,micro_cluster,0.6,40,0.95,3,170,27,35,20,1
normal_006,0,hybrid,0.6,40,0.95,3,170,27,35,20,1
normal_007,0,large_component,0.6,40,0.95,3,228,28,70,21,0
normal_007,0,micro_cluster,0.6,40,0.95,3,228,28,70,21,1
normal_007,0,hybrid,0.6,40,0.95,3,228,28,70,21,1
normal_008,0,large_component,0.6,40,0.95,3,251,45,79,11,1
normal_008,0,micro_cluster,0.6,40,0.95,3,251,45,79,11,1
normal_008,0,hybrid,0.6,40,0.95,3,251,45,79,11,1
normal_009,0,large_component,0.6,40,0.95,3,955,32,162,13,0
normal_009,0,micro_cluster,0.6,40,0.95,3,955,32,162,13,1
normal_009,0,hybrid,0.6,40,0.95,3,955,32,162,13,1
normal_010,0,large_component,0.6,40,0.95,3,439,90,68,8,1
normal_010,0,micro_cluster,0.6,40,0.95,3,439,90,68,8,1
normal_010,0,hybrid,0.6,40,0.95,3,439,90,68,8,1
tumor_001,1,large_component,0.6,40,0.95,5,3978,951,1700,649,1
tumor_001,1,micro_cluster,0.6,40,0.95,5,3978,951,1700,649,1
tumor_001,1,hybrid,0.6,40,0.95,5,3978,951,1700,649,1
tumor_002,1,large_component,0.6,40,0.95,5,2759,131,712,22,1
tumor_002,1,micro_cluster,0.6,40,0.95,5,2759,131,712,22,1
tumor_002,1,hybrid,0.6,40,0.95,5,2759,131,712,22,1
tumor_003,1,large_component,0.6,40,0.95,5,1466,313,616,279,1
tumor_003,1,micro_cluster,0.6,40,0.95,5,1466,313,616,279,1
tumor_003,1,hybrid,0.6,40,0.95,5,1466,313,616,279,1
tumor_004,1,large_component,0.6,40,0.95,5,2083,92,583,67,1
tumor_004,1,micro_cluster,0.6,40,0.95,5,2083,92,583,67,1
tumor_004,1,hybrid,0.6,40,0.95,5,2083,92,583,67,1
tumor_005,1,large_component,0.6,40,0.95,5,431,137,187,115,1
tumor_005,1,micro_cluster,0.6,40,0.95,5,431,137,187,115,1
tumor_005,1,hybrid,0.6,40,0.95,5,431,137,187,115,1
tumor_006,1,large_component,0.6,40,0.95,5,4689,117,1006,56,1
tumor_006,1,micro_cluster,0.6,40,0.95,5,4689,117,1006,56,1
tumor_006,1,hybrid,0.6,40,0.95,5,4689,117,1006,56,1
tumor_007,1,large_component,0.6,40,0.95,5,4271,132,866,104,1
tumor_007,1,micro_cluster,0.6,40,0.95,5,4271,132,866,104,1
tumor_007,1,hybrid,0.6,40,0.95,5,4271,132,866,104,1
tumor_008,1,large_component,0.6,40,0.95,5,7448,310,1618,103,1
tumor_008,1,micro_cluster,0.6,40,0.95,5,7448,310,1618,103,1
tumor_008,1,hybrid,0.6,40,0.95,5,7448,310,1618,103,1
tumor_009,1,large_component,0.6,40,0.95,5,35616,16385,14237,2591,1
tumor_009,1,micro_cluster,0.6,40,0.95,5,35616,16385,14237,2591,1
tumor_009,1,hybrid,0.6,40,0.95,5,35616,16385,14237,2591,1
tumor_010,1,large_component,0.6,40,0.95,5,8835,409,2142,62,1
tumor_010,1,micro_cluster,0.6,40,0.95,5,8835,409,2142,62,1
tumor_010,1,hybrid,0.6,40,0.95,5,8835,409,2142,62,1
normal_001,0,large_component,0.6,40,0.95,5,302,89,104,40,1
normal_001,0,micro_cluster,0.6,40,0.95,5,302,89,104,40,1
normal_001,0,hybrid,0.6,40,0.95,5,302,89,104,40,1
normal_002,0,large_component,0.6,40,0.95,5,851,75,207,29,1
normal_002,0,micro_cluster,0.6,40,0.95,5,851,75,207,29,1
normal_002,0,hybrid,0.6,40,0.95,5,851,75,207,29,1
normal_003,0,large_component,0.6,40,0.95,5,1859,201,513,41,1
normal_003,0,micro_cluster,0.6,40,0.95,5,1859,201,513,41,1
normal_003,0,hybrid,0.6,40,0.95,5,1859,201,513,41,1
normal_004,0,large_component,0.6,40,0.95,5,253,28,28,3,0
normal_004,0,micro_cluster,0.6,40,0.95,5,253,28,28,3,0
normal_004,0,hybrid,0.6,40,0.95,5,253,28,28,3,0
normal_005,0,large_component,0.6,40,0.95,5,289,21,87,6,0
normal_005,0,micro_cluster,0.6,40,0.95,5,289,21,87,6,1
normal_005,0,hybrid,0.6,40,0.95,5,289,21,87,6,1
normal_006,0,large_component,0.6,40,0.95,5,170,27,35,20,0
normal_006,0,micro_cluster,0.6,40,0.95,5,170,27,35,20,1
normal_006,0,hybrid,0.6,40,0.95,5,170,27,35,20,1
normal_007,0,large_component,0.6,40,0.95,5,228,28,70,21,0
normal_007,0,micro_cluster,0.6,40,0.95,5,228,28,70,21,1
normal_007,0,hybrid,0.6,40,0.95,5,228,28,70,21,1
normal_008,0,large_component,0.6,40,0.95,5,251,45,79,11,1
normal_008,0,micro_cluster,0.6,40,0.95,5,251,45,79,11,1
normal_008,0,hybrid,0.6,40,0.95,5,251,45,79,11,1
normal_009,0,large_component,0.6,40,0.95,5,955,32,162,13,0
normal_009,0,micro_cluster,0.6,40,0.95,5,955,32,162,13,1
normal_009,0,hybrid,0.6,40,0.95,5,955,32,162,13,1
normal_010,0,large_component,0.6,40,0.95,5,439,90,68,8,1
normal_010,0,micro_cluster,0.6,40,0.95,5,439,90,68,8,1
normal_010,0,hybrid,0.6,40,0.95,5,439,90,68,8,1
tumor_001,1,large_component,0.6,50,0.99,2,3978,951,1050,543,1
tumor_001,1,micro_cluster,0.6,50,0.99,2,3978,951,1050,543,1
tumor_001,1,hybrid,0.6,50,0.99,2,3978,951,1050,543,1
tumor_002,1,large_component,0.6,50,0.99,2,2759,131,254,16,1
tumor_002,1,micro_cluster,0.6,50,0.99,2,2759,131,254,16,1
tumor_002,1,hybrid,0.6,50,0.99,2,2759,131,254,16,1
tumor_003,1,large_component,0.6,50,0.99,2,1466,313,407,251,1
tumor_003,1,micro_cluster,0.6,50,0.99,2,1466,313,407,251,1
tumor_003,1,hybrid,0.6,50,0.99,2,1466,313,407,251,1
tumor_004,1,large_component,0.6,50,0.99,2,2083,92,263,44,1
tumor_004,1,micro_cluster,0.6,50,0.99,2,2083,92,263,44,1
tumor_004,1,hybrid,0.6,50,0.99,2,2083,92,263,44,1
tumor_005,1,large_component,0.6,50,0.99,2,431,137,129,79,1
tumor_005,1,micro_cluster,0.6,50,0.99,2,431,137,129,79,1
tumor_005,1,hybrid,0.6,50,0.99,2,431,137,129,79,1
tumor_006,1,large_component,0.6,50,0.99,2,4689,117,374,51,1
tumor_006,1,micro_cluster,0.6,50,0.99,2,4689,117,374,51,1
tumor_006,1,hybrid,0.6,50,0.99,2,4689,117,374,51,1
tumor_007,1,large_component,0.6,50,0.99,2,4271,132,300,90,1
tumor_007,1,micro_cluster,0.6,50,0.99,2,4271,132,300,90,1
tumor_007,1,hybrid,0.6,50,0.99,2,4271,132,300,90,1
tumor_008,1,large_component,0.6,50,0.99,2,7448,310,485,10,1
tumor_008,1,micro_cluster,0.6,50,0.99,2,7448,310,485,10,1
tumor_008,1,hybrid,0.6,50,0.99,2,7448,310,485,10,1
tumor_009,1,large_component,0.6,50,0.99,2,35616,16385,6309,502,1
tumor_009,1,micro_cluster,0.6,50,0.99,2,35616,16385,6309,502,1
tumor_009,1,hybrid,0.6,50,0.99,2,35616,16385,6309,502,1
tumor_010,1,large_component,0.6,50,0.99,2,8835,409,733,28,1
tumor_010,1,micro_cluster,0.6,50,0.99,2,8835,409,733,28,1
tumor_010,1,hybrid,0.6,50,0.99,2,8835,409,733,28,1
normal_001,0,large_component,0.6,50,0.99,2,302,89,50,16,1
normal_001,0,micro_cluster,0.6,50,0.99,2,302,89,50,16,1
normal_001,0,hybrid,0.6,50,0.99,2,302,89,50,16,1
normal_002,0,large_component,0.6,50,0.99,2,851,75,78,11,1
normal_002,0,micro_cluster,0.6,50,0.99,2,851,75,78,11,1
normal_002,0,hybrid,0.6,50,0.99,2,851,75,78,11,1
normal_003,0,large_component,0.6,50,0.99,2,1859,201,171,11,1
normal_003,0,micro_cluster,0.6,50,0.99,2,1859,201,171,11,1
normal_003,0,hybrid,0.6,50,0.99,2,1859,201,171,11,1
normal_004,0,large_component,0.6,50,0.99,2,253,28,7,1,0
normal_004,0,micro_cluster,0.6,50,0.99,2,253,28,7,1,0
normal_004,0,hybrid,0.6,50,0.99,2,253,28,7,1,0
normal_005,0,large_component,0.6,50,0.99,2,289,21,33,4,0
normal_005,0,micro_cluster,0.6,50,0.99,2,289,21,33,4,1
normal_005,0,hybrid,0.6,50,0.99,2,289,21,33,4,1
normal_006,0,large_component,0.6,50,0.99,2,170,27,6,6,0
normal_006,0,micro_cluster,0.6,50,0.99,2,170,27,6,6,1
normal_006,0,hybrid,0.6,50,0.99,2,170,27,6,6,1
normal_007,0,large_component,0.6,50,0.99,2,228,28,31,11,0
normal_007,0,micro_cluster,0.6,50,0.99,2,228,28,31,11,1
normal_007,0,hybrid,0.6,50,0.99,2,228,28,31,11,1
normal_008,0,large_component,0.6,50,0.99,2,251,45,28,5,0
normal_008,0,micro_cluster,0.6,50,0.99,2,251,45,28,5,1
normal_008,0,hybrid,0.6,50,0.99,2,251,45,28,5,1
normal_009,0,large_component,0.6,50,0.99,2,955,32,37,6,0
normal_009,0,micro_cluster,0.6,50,0.99,2,955,32,37,6,1
normal_009,0,hybrid,0.6,50,0.99,2,955,32,37,6,1
normal_010,0,large_component,0.6,50,0.99,2,439,90,13,2,1
normal_010,0,micro_cluster,0.6,50,0.99,2,439,90,13,2,1
normal_010,0,hybrid,0.6,50,0.99,2,439,90,13,2,1
tumor_001,1,large_component,0.6,50,0.99,3,3978,951,1050,543,1
tumor_001,1,micro_cluster,0.6,50,0.99,3,3978,951,1050,543,1
tumor_001,1,hybrid,0.6,50,0.99,3,3978,951,1050,543,1
tumor_002,1,large_component,0.6,50,0.99,3,2759,131,254,16,1
tumor_002,1,micro_cluster,0.6,50,0.99,3,2759,131,254,16,1
tumor_002,1,hybrid,0.6,50,0.99,3,2759,131,254,16,1
tumor_003,1,large_component,0.6,50,0.99,3,1466,313,407,251,1
tumor_003,1,micro_cluster,0.6,50,0.99,3,1466,313,407,251,1
tumor_003,1,hybrid,0.6,50,0.99,3,1466,313,407,251,1
tumor_004,1,large_component,0.6,50,0.99,3,2083,92,263,44,1
tumor_004,1,micro_cluster,0.6,50,0.99,3,2083,92,263,44,1
tumor_004,1,hybrid,0.6,50,0.99,3,2083,92,263,44,1
tumor_005,1,large_component,0.6,50,0.99,3,431,137,129,79,1
tumor_005,1,micro_cluster,0.6,50,0.99,3,431,137,129,79,1
tumor_005,1,hybrid,0.6,50,0.99,3,431,137,129,79,1
tumor_006,1,large_component,0.6,50,0.99,3,4689,117,374,51,1
tumor_006,1,micro_cluster,0.6,50,0.99,3,4689,117,374,51,1
tumor_006,1,hybrid,0.6,50,0.99,3,4689,117,374,51,1
tumor_007,1,large_component,0.6,50,0.99,3,4271,132,300,90,1
tumor_007,1,micro_cluster,0.6,50,0.99,3,4271,132,300,90,1
tumor_007,1,hybrid,0.6,50,0.99,3,4271,132,300,90,1
tumor_008,1,large_component,0.6,50,0.99,3,7448,310,485,10,1
tumor_008,1,micro_cluster,0.6,50,0.99,3,7448,310,485,10,1
tumor_008,1,hybrid,0.6,50,0.99,3,7448,310,485,10,1
tumor_009,1,large_component,0.6,50,0.99,3,35616,16385,6309,502,1
tumor_009,1,micro_cluster,0.6,50,0.99,3,35616,16385,6309,502,1
tumor_009,1,hybrid,0.6,50,0.99,3,35616,16385,6309,502,1
tumor_010,1,large_component,0.6,50,0.99,3,8835,409,733,28,1
tumor_010,1,micro_cluster,0.6,50,0.99,3,8835,409,733,28,1
tumor_010,1,hybrid,0.6,50,0.99,3,8835,409,733,28,1
normal_001,0,large_component,0.6,50,0.99,3,302,89,50,16,1
normal_001,0,micro_cluster,0.6,50,0.99,3,302,89,50,16,1
normal_001,0,hybrid,0.6,50,0.99,3,302,89,50,16,1
normal_002,0,large_component,0.6,50,0.99,3,851,75,78,11,1
normal_002,0,micro_cluster,0.6,50,0.99,3,851,75,78,11,1
normal_002,0,hybrid,0.6,50,0.99,3,851,75,78,11,1
normal_003,0,large_component,0.6,50,0.99,3,1859,201,171,11,1
normal_003,0,micro_cluster,0.6,50,0.99,3,1859,201,171,11,1
normal_003,0,hybrid,0.6,50,0.99,3,1859,201,171,11,1
normal_004,0,large_component,0.6,50,0.99,3,253,28,7,1,0
normal_004,0,micro_cluster,0.6,50,0.99,3,253,28,7,1,0
normal_004,0,hybrid,0.6,50,0.99,3,253,28,7,1,0
normal_005,0,large_component,0.6,50,0.99,3,289,21,33,4,0
normal_005,0,micro_cluster,0.6,50,0.99,3,289,21,33,4,1
normal_005,0,hybrid,0.6,50,0.99,3,289,21,33,4,1
normal_006,0,large_component,0.6,50,0.99,3,170,27,6,6,0
normal_006,0,micro_cluster,0.6,50,0.99,3,170,27,6,6,1
normal_006,0,hybrid,0.6,50,0.99,3,170,27,6,6,1
normal_007,0,large_component,0.6,50,0.99,3,228,28,31,11,0
normal_007,0,micro_cluster,0.6,50,0.99,3,228,28,31,11,1
normal_007,0,hybrid,0.6,50,0.99,3,228,28,31,11,1
normal_008,0,large_component,0.6,50,0.99,3,251,45,28,5,0
normal_008,0,micro_cluster,0.6,50,0.99,3,251,45,28,5,1
normal_008,0,hybrid,0.6,50,0.99,3,251,45,28,5,1
normal_009,0,large_component,0.6,50,0.99,3,955,32,37,6,0
normal_009,0,micro_cluster,0.6,50,0.99,3,955,32,37,6,1
normal_009,0,hybrid,0.6,50,0.99,3,955,32,37,6,1
normal_010,0,large_component,0.6,50,0.99,3,439,90,13,2,1
normal_010,0,micro_cluster,0.6,50,0.99,3,439,90,13,2,0
normal_010,0,hybrid,0.6,50,0.99,3,439,90,13,2,1
tumor_001,1,large_component,0.6,50,0.99,5,3978,951,1050,543,1
tumor_001,1,micro_cluster,0.6,50,0.99,5,3978,951,1050,543,1
tumor_001,1,hybrid,0.6,50,0.99,5,3978,951,1050,543,1
tumor_002,1,large_component,0.6,50,0.99,5,2759,131,254,16,1
tumor_002,1,micro_cluster,0.6,50,0.99,5,2759,131,254,16,1
tumor_002,1,hybrid,0.6,50,0.99,5,2759,131,254,16,1
tumor_003,1,large_component,0.6,50,0.99,5,1466,313,407,251,1
tumor_003,1,micro_cluster,0.6,50,0.99,5,1466,313,407,251,1
tumor_003,1,hybrid,0.6,50,0.99,5,1466,313,407,251,1
tumor_004,1,large_component,0.6,50,0.99,5,2083,92,263,44,1
tumor_004,1,micro_cluster,0.6,50,0.99,5,2083,92,263,44,1
tumor_004,1,hybrid,0.6,50,0.99,5,2083,92,263,44,1
tumor_005,1,large_component,0.6,50,0.99,5,431,137,129,79,1
tumor_005,1,micro_cluster,0.6,50,0.99,5,431,137,129,79,1
tumor_005,1,hybrid,0.6,50,0.99,5,431,137,129,79,1
tumor_006,1,large_component,0.6,50,0.99,5,4689,117,374,51,1
tumor_006,1,micro_cluster,0.6,50,0.99,5,4689,117,374,51,1
tumor_006,1,hybrid,0.6,50,0.99,5,4689,117,374,51,1
tumor_007,1,large_component,0.6,50,0.99,5,4271,132,300,90,1
tumor_007,1,micro_cluster,0.6,50,0.99,5,4271,132,300,90,1
tumor_007,1,hybrid,0.6,50,0.99,5,4271,132,300,90,1
tumor_008,1,large_component,0.6,50,0.99,5,7448,310,485,10,1
tumor_008,1,micro_cluster,0.6,50,0.99,5,7448,310,485,10,1
tumor_008,1,hybrid,0.6,50,0.99,5,7448,310,485,10,1
tumor_009,1,large_component,0.6,50,0.99,5,35616,16385,6309,502,1
tumor_009,1,micro_cluster,0.6,50,0.99,5,35616,16385,6309,502,1
tumor_009,1,hybrid,0.6,50,0.99,5,35616,16385,6309,502,1
tumor_010,1,large_component,0.6,50,0.99,5,8835,409,733,28,1
tumor_010,1,micro_cluster,0.6,50,0.99,5,8835,409,733,28,1
tumor_010,1,hybrid,0.6,50,0.99,5,8835,409,733,28,1
normal_001,0,large_component,0.6,50,0.99,5,302,89,50,16,1
normal_001,0,micro_cluster,0.6,50,0.99,5,302,89,50,16,1
normal_001,0,hybrid,0.6,50,0.99,5,302,89,50,16,1
normal_002,0,large_component,0.6,50,0.99,5,851,75,78,11,1
normal_002,0,micro_cluster,0.6,50,0.99,5,851,75,78,11,1
normal_002,0,hybrid,0.6,50,0.99,5,851,75,78,11,1
normal_003,0,large_component,0.6,50,0.99,5,1859,201,171,11,1
normal_003,0,micro_cluster,0.6,50,0.99,5,1859,201,171,11,1
normal_003,0,hybrid,0.6,50,0.99,5,1859,201,171,11,1
normal_004,0,large_component,0.6,50,0.99,5,253,28,7,1,0
normal_004,0,micro_cluster,0.6,50,0.99,5,253,28,7,1,0
normal_004,0,hybrid,0.6,50,0.99,5,253,28,7,1,0
normal_005,0,large_component,0.6,50,0.99,5,289,21,33,4,0
normal_005,0,micro_cluster,0.6,50,0.99,5,289,21,33,4,0
normal_005,0,hybrid,0.6,50,0.99,5,289,21,33,4,0
normal_006,0,large_component,0.6,50,0.99,5,170,27,6,6,0
normal_006,0,micro_cluster,0.6,50,0.99,5,170,27,6,6,1
normal_006,0,hybrid,0.6,50,0.99,5,170,27,6,6,1
normal_007,0,large_component,0.6,50,0.99,5,228,28,31,11,0
normal_007,0,micro_cluster,0.6,50,0.99,5,228,28,31,11,1
normal_007,0,hybrid,0.6,50,0.99,5,228,28,31,11,1
normal_008,0,large_component,0.6,50,0.99,5,251,45,28,5,0
normal_008,0,micro_cluster,0.6,50,0.99,5,251,45,28,5,1
normal_008,0,hybrid,0.6,50,0.99,5,251,45,28,5,1
normal_009,0,large_component,0.6,50,0.99,5,955,32,37,6,0
normal_009,0,micro_cluster,0.6,50,0.99,5,955,32,37,6,1
normal_009,0,hybrid,0.6,50,0.99,5,955,32,37,6,1
normal_010,0,large_component,0.6,50,0.99,5,439,90,13,2,1
normal_010,0,micro_cluster,0.6,50,0.99,5,439,90,13,2,0
normal_010,0,hybrid,0.6,50,0.99,5,439,90,13,2,1
tumor_001,1,large_component,0.6,50,0.98,2,3978,951,1276,595,1
tumor_001,1,micro_cluster,0.6,50,0.98,2,3978,951,1276,595,1
tumor_001,1,hybrid,0.6,50,0.98,2,3978,951,1276,595,1
tumor_002,1,large_component,0.6,50,0.98,2,2759,131,401,19,1
tumor_002,1,micro_cluster,0.6,50,0.98,2,2759,131,401,19,1
tumor_002,1,hybrid,0.6,50,0.98,2,2759,131,401,19,1
tumor_003,1,large_component,0.6,50,0.98,2,1466,313,467,262,1
tumor_003,1,micro_cluster,0.6,50,0.98,2,1466,313,467,262,1
tumor_003,1,hybrid,0.6,50,0.98,2,1466,313,467,262,1
tumor_004,1,large_component,0.6,50,0.98,2,2083,92,373,51,1
tumor_004,1,micro_cluster,0.6,50,0.98,2,2083,92,373,51,1
tumor_004,1,hybrid,0.6,50,0.98,2,2083,92,373,51,1
tumor_005,1,large_component,0.6,50,0.98,2,431,137,148,88,1
tumor_005,1,micro_cluster,0.6,50,0.98,2,431,137,148,88,1
tumor_005,1,hybrid,0.6,50,0.98,2,431,137,148,88,1
tumor_006,1,large_component,0.6,50,0.98,2,4689,117,591,54,1
tumor_006,1,micro_cluster,0.6,50,0.98,2,4689,117,591,54,1
tumor_006,1,hybrid,0.6,50,0.98,2,4689,117,591,54,1
tumor_007,1,large_component,0.6,50,0.98,2,4271,132,464,100,1
tumor_007,1,micro_cluster,0.6,50,0.98,2,4271,132,464,100,1
tumor_007,1,hybrid,0.6,50,0.98,2,4271,132,464,100,1
tumor_008,1,large_component,0.6,50,0.98,2,7448,310,831,40,1
tumor_008,1,micro_cluster,0.6,50,0.98,2,7448,310,831,40,1
tumor_008,1,hybrid,0.6,50,0.98,2,7448,310,831,40,1
tumor_009,1,large_component,0.6,50,0.98,2,35616,16385,9107,896,1
tumor_009,1,micro_cluster,0.6,50,0.98,2,35616,16385,9107,896,1
tumor_009,1,hybrid,0.6,50,0.98,2,35616,16385,9107,896,1
tumor_010,1,large_component,0.6,50,0.98,2,8835,409,1174,29,1
tumor_010,1,micro_cluster,0.6,50,0.98,2,8835,409,1174,29,1
tumor_010,1,hybrid,0.6,50,0.98,2,8835,409,1174,29,1
normal_001,0,large_component,0.6,50,0.98,2,302,89,67,17,1
normal_001,0,micro_cluster,0.6,50,0.98,2,302,89,67,17,1
normal_001,0,hybrid,0.6,50,0.98,2,302,89,67,17,1
normal_002,0,large_component,0.6,50,0.98,2,851,75,114,18,1
normal_002,0,micro_cluster,0.6,50,0.98,2,851,75,114,18,1
normal_002,0,hybrid,0.6,50,0.98,2,851,75,114,18,1
normal_003,0,large_component,0.6,50,0.98,2,1859,201,267,31,1
normal_003,0,micro_cluster,0.6,50,0.98,2,1859,201,267,31,1
normal_003,0,hybrid,0.6,50,0.98,2,1859,201,267,31,1
normal_004,0,large_component,0.6,50,0.98,2,253,28,13,3,0
normal_004,0,micro_cluster,0.6,50,0.98,2,253,28,13,3,1
normal_004,0,hybrid,0.6,50,0.98,2,253,28,13,3,1
normal_005,0,large_component,0.6,50,0.98,2,289,21,48,6,0
normal_005,0,micro_cluster,0.6,50,0.98,2,289,21,48,6,1
normal_005,0,hybrid,0.6,50,0.98,2,289,21,48,6,1
normal_006,0,large_component,0.6,50,0.98,2,170,27,16,9,0
normal_006,0,micro_cluster,0.6,50,0.98,2,170,27,16,9,1
normal_006,0,hybrid,0.6,50,0.98,2,170,27,16,9,1
normal_007,0,large_component,0.6,50,0.98,2,228,28,47,18,0
normal_007,0,micro_cluster,0.6,50,0.98,2,228,28,47,18,1
normal_007,0,hybrid,0.6,50,0.98,2,228,28,47,18,1
normal_008,0,large_component,0.6,50,0.98,2,251,45,41,6,0
normal_008,0,micro_cluster,0.6,50,0.98,2,251,45,41,6,1
normal_008,0,hybrid,0.6,50,0.98,2,251,45,41,6,1
normal_009,0,large_component,0.6,50,0.98,2,955,32,82,9,0
normal_009,0,micro_cluster,0.6,50,0.98,2,955,32,82,9,1
normal_009,0,hybrid,0.6,50,0.98,2,955,32,82,9,1
normal_010,0,large_component,0.6,50,0.98,2,439,90,27,3,1
normal_010,0,micro_cluster,0.6,50,0.98,2,439,90,27,3,1
normal_010,0,hybrid,0.6,50,0.98,2,439,90,27,3,1
tumor_001,1,large_component,0.6,50,0.98,3,3978,951,1276,595,1
tumor_001,1,micro_cluster,0.6,50,0.98,3,3978,951,1276,595,1
tumor_001,1,hybrid,0.6,50,0.98,3,3978,951,1276,595,1
tumor_002,1,large_component,0.6,50,0.98,3,2759,131,401,19,1
tumor_002,1,micro_cluster,0.6,50,0.98,3,2759,131,401,19,1
tumor_002,1,hybrid,0.6,50,0.98,3,2759,131,401,19,1
tumor_003,1,large_component,0.6,50,0.98,3,1466,313,467,262,1
tumor_003,1,micro_cluster,0.6,50,0.98,3,1466,313,467,262,1
tumor_003,1,hybrid,0.6,50,0.98,3,1466,313,467,262,1
tumor_004,1,large_component,0.6,50,0.98,3,2083,92,373,51,1
tumor_004,1,micro_cluster,0.6,50,0.98,3,2083,92,373,51,1
tumor_004,1,hybrid,0.6,50,0.98,3,2083,92,373,51,1
tumor_005,1,large_component,0.6,50,0.98,3,431,137,148,88,1
tumor_005,1,micro_cluster,0.6,50,0.98,3,431,137,148,88,1
tumor_005,1,hybrid,0.6,50,0.98,3,431,137,148,88,1
tumor_006,1,large_component,0.6,50,0.98,3,4689,117,591,54,1
tumor_006,1,micro_cluster,0.6,50,0.98,3,4689,117,591,54,1
tumor_006,1,hybrid,0.6,50,0.98,3,4689,117,591,54,1
tumor_007,1,large_component,0.6,50,0.98,3,4271,132,464,100,1
tumor_007,1,micro_cluster,0.6,50,0.98,3,4271,132,464,100,1
tumor_007,1,hybrid,0.6,50,0.98,3,4271,132,464,100,1
tumor_008,1,large_component,0.6,50,0.98,3,7448,310,831,40,1
tumor_008,1,micro_cluster,0.6,50,0.98,3,7448,310,831,40,1
tumor_008,1,hybrid,0.6,50,0.98,3,7448,310,831,40,1
tumor_009,1,large_component,0.6,50,0.98,3,35616,16385,9107,896,1
tumor_009,1,micro_cluster,0.6,50,0.98,3,35616,16385,9107,896,1
tumor_009,1,hybrid,0.6,50,0.98,3,35616,16385,9107,896,1
tumor_010,1,large_component,0.6,50,0.98,3,8835,409,1174,29,1
tumor_010,1,micro_cluster,0.6,50,0.98,3,8835,409,1174,29,1
tumor_010,1,hybrid,0.6,50,0.98,3,8835,409,1174,29,1
normal_001,0,large_component,0.6,50,0.98,3,302,89,67,17,1
normal_001,0,micro_cluster,0.6,50,0.98,3,302,89,67,17,1
normal_001,0,hybrid,0.6,50,0.98,3,302,89,67,17,1
normal_002,0,large_component,0.6,50,0.98,3,851,75,114,18,1
normal_002,0,micro_cluster,0.6,50,0.98,3,851,75,114,18,1
normal_002,0,hybrid,0.6,50,0.98,3,851,75,114,18,1
normal_003,0,large_component,0.6,50,0.98,3,1859,201,267,31,1
normal_003,0,micro_cluster,0.6,50,0.98,3,1859,201,267,31,1
normal_003,0,hybrid,0.6,50,0.98,3,1859,201,267,31,1
normal_004,0,large_component,0.6,50,0.98,3,253,28,13,3,0
normal_004,0,micro_cluster,0.6,50,0.98,3,253,28,13,3,1
normal_004,0,hybrid,0.6,50,0.98,3,253,28,13,3,1
normal_005,0,large_component,0.6,50,0.98,3,289,21,48,6,0
normal_005,0,micro_cluster,0.6,50,0.98,3,289,21,48,6,1
normal_005,0,hybrid,0.6,50,0.98,3,289,21,48,6,1
normal_006,0,large_component,0.6,50,0.98,3,170,27,16,9,0
normal_006,0,micro_cluster,0.6,50,0.98,3,170,27,16,9,1
normal_006,0,hybrid,0.6,50,0.98,3,170,27,16,9,1
normal_007,0,large_component,0.6,50,0.98,3,228,28,47,18,0
normal_007,0,micro_cluster,0.6,50,0.98,3,228,28,47,18,1
normal_007,0,hybrid,0.6,50,0.98,3,228,28,47,18,1
normal_008,0,large_component,0.6,50,0.98,3,251,45,41,6,0
normal_008,0,micro_cluster,0.6,50,0.98,3,251,45,41,6,1
normal_008,0,hybrid,0.6,50,0.98,3,251,45,41,6,1
normal_009,0,large_component,0.6,50,0.98,3,955,32,82,9,0
normal_009,0,micro_cluster,0.6,50,0.98,3,955,32,82,9,1
normal_009,0,hybrid,0.6,50,0.98,3,955,32,82,9,1
normal_010,0,large_component,0.6,50,0.98,3,439,90,27,3,1
normal_010,0,micro_cluster,0.6,50,0.98,3,439,90,27,3,1
normal_010,0,hybrid,0.6,50,0.98,3,439,90,27,3,1
tumor_001,1,large_component,0.6,50,0.98,5,3978,951,1276,595,1
tumor_001,1,micro_cluster,0.6,50,0.98,5,3978,951,1276,595,1
tumor_001,1,hybrid,0.6,50,0.98,5,3978,951,1276,595,1
tumor_002,1,large_component,0.6,50,0.98,5,2759,131,401,19,1
tumor_002,1,micro_cluster,0.6,50,0.98,5,2759,131,401,19,1
tumor_002,1,hybrid,0.6,50,0.98,5,2759,131,401,19,1
tumor_003,1,large_component,0.6,50,0.98,5,1466,313,467,262,1
tumor_003,1,micro_cluster,0.6,50,0.98,5,1466,313,467,262,1
tumor_003,1,hybrid,0.6,50,0.98,5,1466,313,467,262,1
tumor_004,1,large_component,0.6,50,0.98,5,2083,92,373,51,1
tumor_004,1,micro_cluster,0.6,50,0.98,5,2083,92,373,51,1
tumor_004,1,hybrid,0.6,50,0.98,5,2083,92,373,51,1
tumor_005,1,large_component,0.6,50,0.98,5,431,137,148,88,1
tumor_005,1,micro_cluster,0.6,50,0.98,5,431,137,148,88,1
tumor_005,1,hybrid,0.6,50,0.98,5,431,137,148,88,1
tumor_006,1,large_component,0.6,50,0.98,5,4689,117,591,54,1
tumor_006,1,micro_cluster,0.6,50,0.98,5,4689,117,591,54,1
tumor_006,1,hybrid,0.6,50,0.98,5,4689,117,591,54,1
tumor_007,1,large_component,0.6,50,0.98,5,4271,132,464,100,1
tumor_007,1,micro_cluster,0.6,50,0.98,5,4271,132,464,100,1
tumor_007,1,hybrid,0.6,50,0.98,5,4271,132,464,100,1
tumor_008,1,large_component,0.6,50,0.98,5,7448,310,831,40,1
tumor_008,1,micro_cluster,0.6,50,0.98,5,7448,310,831,40,1
tumor_008,1,hybrid,0.6,50,0.98,5,7448,310,831,40,1
tumor_009,1,large_component,0.6,50,0.98,5,35616,16385,9107,896,1
tumor_009,1,micro_cluster,0.6,50,0.98,5,35616,16385,9107,896,1
tumor_009,1,hybrid,0.6,50,0.98,5,35616,16385,9107,896,1
tumor_010,1,large_component,0.6,50,0.98,5,8835,409,1174,29,1
tumor_010,1,micro_cluster,0.6,50,0.98,5,8835,409,1174,29,1
tumor_010,1,hybrid,0.6,50,0.98,5,8835,409,1174,29,1
normal_001,0,large_component,0.6,50,0.98,5,302,89,67,17,1
normal_001,0,micro_cluster,0.6,50,0.98,5,302,89,67,17,1
normal_001,0,hybrid,0.6,50,0.98,5,302,89,67,17,1
normal_002,0,large_component,0.6,50,0.98,5,851,75,114,18,1
normal_002,0,micro_cluster,0.6,50,0.98,5,851,75,114,18,1
normal_002,0,hybrid,0.6,50,0.98,5,851,75,114,18,1
normal_003,0,large_component,0.6,50,0.98,5,1859,201,267,31,1
normal_003,0,micro_cluster,0.6,50,0.98,5,1859,201,267,31,1
normal_003,0,hybrid,0.6,50,0.98,5,1859,201,267,31,1
normal_004,0,large_component,0.6,50,0.98,5,253,28,13,3,0
normal_004,0,micro_cluster,0.6,50,0.98,5,253,28,13,3,0
normal_004,0,hybrid,0.6,50,0.98,5,253,28,13,3,0
normal_005,0,large_component,0.6,50,0.98,5,289,21,48,6,0
normal_005,0,micro_cluster,0.6,50,0.98,5,289,21,48,6,1
normal_005,0,hybrid,0.6,50,0.98,5,289,21,48,6,1
normal_006,0,large_component,0.6,50,0.98,5,170,27,16,9,0
normal_006,0,micro_cluster,0.6,50,0.98,5,170,27,16,9,1
normal_006,0,hybrid,0.6,50,0.98,5,170,27,16,9,1
normal_007,0,large_component,0.6,50,0.98,5,228,28,47,18,0
normal_007,0,micro_cluster,0.6,50,0.98,5,228,28,47,18,1
normal_007,0,hybrid,0.6,50,0.98,5,228,28,47,18,1
normal_008,0,large_component,0.6,50,0.98,5,251,45,41,6,0
normal_008,0,micro_cluster,0.6,50,0.98,5,251,45,41,6,1
normal_008,0,hybrid,0.6,50,0.98,5,251,45,41,6,1
normal_009,0,large_component,0.6,50,0.98,5,955,32,82,9,0
normal_009,0,micro_cluster,0.6,50,0.98,5,955,32,82,9,1
normal_009,0,hybrid,0.6,50,0.98,5,955,32,82,9,1
normal_010,0,large_component,0.6,50,0.98,5,439,90,27,3,1
normal_010,0,micro_cluster,0.6,50,0.98,5,439,90,27,3,0
normal_010,0,hybrid,0.6,50,0.98,5,439,90,27,3,1
tumor_001,1,large_component,0.6,50,0.95,2,3978,951,1700,649,1
tumor_001,1,micro_cluster,0.6,50,0.95,2,3978,951,1700,649,1
tumor_001,1,hybrid,0.6,50,0.95,2,3978,951,1700,649,1
tumor_002,1,large_component,0.6,50,0.95,2,2759,131,712,22,1
tumor_002,1,micro_cluster,0.6,50,0.95,2,2759,131,712,22,1
tumor_002,1,hybrid,0.6,50,0.95,2,2759,131,712,22,1
tumor_003,1,large_component,0.6,50,0.95,2,1466,313,616,279,1
tumor_003,1,micro_cluster,0.6,50,0.95,2,1466,313,616,279,1
tumor_003,1,hybrid,0.6,50,0.95,2,1466,313,616,279,1
tumor_004,1,large_component,0.6,50,0.95,2,2083,92,583,67,1
tumor_004,1,micro_cluster,0.6,50,0.95,2,2083,92,583,67,1
tumor_004,1,hybrid,0.6,50,0.95,2,2083,92,583,67,1
tumor_005,1,large_component,0.6,50,0.95,2,431,137,187,115,1
tumor_005,1,micro_cluster,0.6,50,0.95,2,431,137,187,115,1
tumor_005,1,hybrid,0.6,50,0.95,2,431,137,187,115,1
tumor_006,1,large_component,0.6,50,0.95,2,4689,117,1006,56,1
tumor_006,1,micro_cluster,0.6,50,0.95,2,4689,117,1006,56,1
tumor_006,1,hybrid,0.6,50,0.95,2,4689,117,1006,56,1
tumor_007,1,large_component,0.6,50,0.95,2,4271,132,866,104,1
tumor_007,1,micro_cluster,0.6,50,0.95,2,4271,132,866,104,1
tumor_007,1,hybrid,0.6,50,0.95,2,4271,132,866,104,1
tumor_008,1,large_component,0.6,50,0.95,2,7448,310,1618,103,1
tumor_008,1,micro_cluster,0.6,50,0.95,2,7448,310,1618,103,1
tumor_008,1,hybrid,0.6,50,0.95,2,7448,310,1618,103,1
tumor_009,1,large_component,0.6,50,0.95,2,35616,16385,14237,2591,1
tumor_009,1,micro_cluster,0.6,50,0.95,2,35616,16385,14237,2591,1
tumor_009,1,hybrid,0.6,50,0.95,2,35616,16385,14237,2591,1
tumor_010,1,large_component,0.6,50,0.95,2,8835,409,2142,62,1
tumor_010,1,micro_cluster,0.6,50,0.95,2,8835,409,2142,62,1
tumor_010,1,hybrid,0.6,50,0.95,2,8835,409,2142,62,1
normal_001,0,large_component,0.6,50,0.95,2,302,89,104,40,1
normal_001,0,micro_cluster,0.6,50,0.95,2,302,89,104,40,1
normal_001,0,hybrid,0.6,50,0.95,2,302,89,104,40,1
normal_002,0,large_component,0.6,50,0.95,2,851,75,207,29,1
normal_002,0,micro_cluster,0.6,50,0.95,2,851,75,207,29,1
normal_002,0,hybrid,0.6,50,0.95,2,851,75,207,29,1
normal_003,0,large_component,0.6,50,0.95,2,1859,201,513,41,1
normal_003,0,micro_cluster,0.6,50,0.95,2,1859,201,513,41,1
normal_003,0,hybrid,0.6,50,0.95,2,1859,201,513,41,1
normal_004,0,large_component,0.6,50,0.95,2,253,28,28,3,0
normal_004,0,micro_cluster,0.6,50,0.95,2,253,28,28,3,1
normal_004,0,hybrid,0.6,50,0.95,2,253,28,28,3,1
normal_005,0,large_component,0.6,50,0.95,2,289,21,87,6,0
normal_005,0,micro_cluster,0.6,50,0.95,2,289,21,87,6,1
normal_005,0,hybrid,0.6,50,0.95,2,289,21,87,6,1
normal_006,0,large_component,0.6,50,0.95,2,170,27,35,20,0
normal_006,0,micro_cluster,0.6,50,0.95,2,170,27,35,20,1
normal_006,0,hybrid,0.6,50,0.95,2,170,27,35,20,1
normal_007,0,large_component,0.6,50,0.95,2,228,28,70,21,0
normal_007,0,micro_cluster,0.6,50,0.95,2,228,28,70,21,1
normal_007,0,hybrid,0.6,50,0.95,2,228,28,70,21,1
normal_008,0,large_component,0.6,50,0.95,2,251,45,79,11,0
normal_008,0,micro_cluster,0.6,50,0.95,2,251,45,79,11,1
normal_008,0,hybrid,0.6,50,0.95,2,251,45,79,11,1
normal_009,0,large_component,0.6,50,0.95,2,955,32,162,13,0
normal_009,0,micro_cluster,0.6,50,0.95,2,955,32,162,13,1
normal_009,0,hybrid,0.6,50,0.95,2,955,32,162,13,1
normal_010,0,large_component,0.6,50,0.95,2,439,90,68,8,1
normal_010,0,micro_cluster,0.6,50,0.95,2,439,90,68,8,1
normal_010,0,hybrid,0.6,50,0.95,2,439,90,68,8,1
tumor_001,1,large_component,0.6,50,0.95,3,3978,951,1700,649,1
tumor_001,1,micro_cluster,0.6,50,0.95,3,3978,951,1700,649,1
tumor_001,1,hybrid,0.6,50,0.95,3,3978,951,1700,649,1
tumor_002,1,large_component,0.6,50,0.95,3,2759,131,712,22,1
tumor_002,1,micro_cluster,0.6,50,0.95,3,2759,131,712,22,1
tumor_002,1,hybrid,0.6,50,0.95,3,2759,131,712,22,1
tumor_003,1,large_component,0.6,50,0.95,3,1466,313,616,279,1
tumor_003,1,micro_cluster,0.6,50,0.95,3,1466,313,616,279,1
tumor_003,1,hybrid,0.6,50,0.95,3,1466,313,616,279,1
tumor_004,1,large_component,0.6,50,0.95,3,2083,92,583,67,1
tumor_004,1,micro_cluster,0.6,50,0.95,3,2083,92,583,67,1
tumor_004,1,hybrid,0.6,50,0.95,3,2083,92,583,67,1
tumor_005,1,large_component,0.6,50,0.95,3,431,137,187,115,1
tumor_005,1,micro_cluster,0.6,50,0.95,3,431,137,187,115,1
tumor_005,1,hybrid,0.6,50,0.95,3,431,137,187,115,1
tumor_006,1,large_component,0.6,50,0.95,3,4689,117,1006,56,1
tumor_006,1,micro_cluster,0.6,50,0.95,3,4689,117,1006,56,1
tumor_006,1,hybrid,0.6,50,0.95,3,4689,117,1006,56,1
tumor_007,1,large_component,0.6,50,0.95,3,4271,132,866,104,1
tumor_007,1,micro_cluster,0.6,50,0.95,3,4271,132,866,104,1
tumor_007,1,hybrid,0.6,50,0.95,3,4271,132,866,104,1
tumor_008,1,large_component,0.6,50,0.95,3,7448,310,1618,103,1
tumor_008,1,micro_cluster,0.6,50,0.95,3,7448,310,1618,103,1
tumor_008,1,hybrid,0.6,50,0.95,3,7448,310,1618,103,1
tumor_009,1,large_component,0.6,50,0.95,3,35616,16385,14237,2591,1
tumor_009,1,micro_cluster,0.6,50,0.95,3,35616,16385,14237,2591,1
tumor_009,1,hybrid,0.6,50,0.95,3,35616,16385,14237,2591,1
tumor_010,1,large_component,0.6,50,0.95,3,8835,409,2142,62,1
tumor_010,1,micro_cluster,0.6,50,0.95,3,8835,409,2142,62,1
tumor_010,1,hybrid,0.6,50,0.95,3,8835,409,2142,62,1
normal_001,0,large_component,0.6,50,0.95,3,302,89,104,40,1
normal_001,0,micro_cluster,0.6,50,0.95,3,302,89,104,40,1
normal_001,0,hybrid,0.6,50,0.95,3,302,89,104,40,1
normal_002,0,large_component,0.6,50,0.95,3,851,75,207,29,1
normal_002,0,micro_cluster,0.6,50,0.95,3,851,75,207,29,1
normal_002,0,hybrid,0.6,50,0.95,3,851,75,207,29,1
normal_003,0,large_component,0.6,50,0.95,3,1859,201,513,41,1
normal_003,0,micro_cluster,0.6,50,0.95,3,1859,201,513,41,1
normal_003,0,hybrid,0.6,50,0.95,3,1859,201,513,41,1
normal_004,0,large_component,0.6,50,0.95,3,253,28,28,3,0
normal_004,0,micro_cluster,0.6,50,0.95,3,253,28,28,3,1
normal_004,0,hybrid,0.6,50,0.95,3,253,28,28,3,1
normal_005,0,large_component,0.6,50,0.95,3,289,21,87,6,0
normal_005,0,micro_cluster,0.6,50,0.95,3,289,21,87,6,1
normal_005,0,hybrid,0.6,50,0.95,3,289,21,87,6,1
normal_006,0,large_component,0.6,50,0.95,3,170,27,35,20,0
normal_006,0,micro_cluster,0.6,50,0.95,3,170,27,35,20,1
normal_006,0,hybrid,0.6,50,0.95,3,170,27,35,20,1
normal_007,0,large_component,0.6,50,0.95,3,228,28,70,21,0
normal_007,0,micro_cluster,0.6,50,0.95,3,228,28,70,21,1
normal_007,0,hybrid,0.6,50,0.95,3,228,28,70,21,1
normal_008,0,large_component,0.6,50,0.95,3,251,45,79,11,0
normal_008,0,micro_cluster,0.6,50,0.95,3,251,45,79,11,1
normal_008,0,hybrid,0.6,50,0.95,3,251,45,79,11,1
normal_009,0,large_component,0.6,50,0.95,3,955,32,162,13,0
normal_009,0,micro_cluster,0.6,50,0.95,3,955,32,162,13,1
normal_009,0,hybrid,0.6,50,0.95,3,955,32,162,13,1
normal_010,0,large_component,0.6,50,0.95,3,439,90,68,8,1
normal_010,0,micro_cluster,0.6,50,0.95,3,439,90,68,8,1
normal_010,0,hybrid,0.6,50,0.95,3,439,90,68,8,1
tumor_001,1,large_component,0.6,50,0.95,5,3978,951,1700,649,1
tumor_001,1,micro_cluster,0.6,50,0.95,5,3978,951,1700,649,1
tumor_001,1,hybrid,0.6,50,0.95,5,3978,951,1700,649,1
tumor_002,1,large_component,0.6,50,0.95,5,2759,131,712,22,1
tumor_002,1,micro_cluster,0.6,50,0.95,5,2759,131,712,22,1
tumor_002,1,hybrid,0.6,50,0.95,5,2759,131,712,22,1
tumor_003,1,large_component,0.6,50,0.95,5,1466,313,616,279,1
tumor_003,1,micro_cluster,0.6,50,0.95,5,1466,313,616,279,1
tumor_003,1,hybrid,0.6,50,0.95,5,1466,313,616,279,1
tumor_004,1,large_component,0.6,50,0.95,5,2083,92,583,67,1
tumor_004,1,micro_cluster,0.6,50,0.95,5,2083,92,583,67,1
tumor_004,1,hybrid,0.6,50,0.95,5,2083,92,583,67,1
tumor_005,1,large_component,0.6,50,0.95,5,431,137,187,115,1
tumor_005,1,micro_cluster,0.6,50,0.95,5,431,137,187,115,1
tumor_005,1,hybrid,0.6,50,0.95,5,431,137,187,115,1
tumor_006,1,large_component,0.6,50,0.95,5,4689,117,1006,56,1
tumor_006,1,micro_cluster,0.6,50,0.95,5,4689,117,1006,56,1
tumor_006,1,hybrid,0.6,50,0.95,5,4689,117,1006,56,1
tumor_007,1,large_component,0.6,50,0.95,5,4271,132,866,104,1
tumor_007,1,micro_cluster,0.6,50,0.95,5,4271,132,866,104,1
tumor_007,1,hybrid,0.6,50,0.95,5,4271,132,866,104,1
tumor_008,1,large_component,0.6,50,0.95,5,7448,310,1618,103,1
tumor_008,1,micro_cluster,0.6,50,0.95,5,7448,310,1618,103,1
tumor_008,1,hybrid,0.6,50,0.95,5,7448,310,1618,103,1
tumor_009,1,large_component,0.6,50,0.95,5,35616,16385,14237,2591,1
tumor_009,1,micro_cluster,0.6,50,0.95,5,35616,16385,14237,2591,1
tumor_009,1,hybrid,0.6,50,0.95,5,35616,16385,14237,2591,1
tumor_010,1,large_component,0.6,50,0.95,5,8835,409,2142,62,1
tumor_010,1,micro_cluster,0.6,50,0.95,5,8835,409,2142,62,1
tumor_010,1,hybrid,0.6,50,0.95,5,8835,409,2142,62,1
normal_001,0,large_component,0.6,50,0.95,5,302,89,104,40,1
normal_001,0,micro_cluster,0.6,50,0.95,5,302,89,104,40,1
normal_001,0,hybrid,0.6,50,0.95,5,302,89,104,40,1
normal_002,0,large_component,0.6,50,0.95,5,851,75,207,29,1
normal_002,0,micro_cluster,0.6,50,0.95,5,851,75,207,29,1
normal_002,0,hybrid,0.6,50,0.95,5,851,75,207,29,1
normal_003,0,large_component,0.6,50,0.95,5,1859,201,513,41,1
normal_003,0,micro_cluster,0.6,50,0.95,5,1859,201,513,41,1
normal_003,0,hybrid,0.6,50,0.95,5,1859,201,513,41,1
normal_004,0,large_component,0.6,50,0.95,5,253,28,28,3,0
normal_004,0,micro_cluster,0.6,50,0.95,5,253,28,28,3,0
normal_004,0,hybrid,0.6,50,0.95,5,253,28,28,3,0
normal_005,0,large_component,0.6,50,0.95,5,289,21,87,6,0
normal_005,0,micro_cluster,0.6,50,0.95,5,289,21,87,6,1
normal_005,0,hybrid,0.6,50,0.95,5,289,21,87,6,1
normal_006,0,large_component,0.6,50,0.95,5,170,27,35,20,0
normal_006,0,micro_cluster,0.6,50,0.95,5,170,27,35,20,1
normal_006,0,hybrid,0.6,50,0.95,5,170,27,35,20,1
normal_007,0,large_component,0.6,50,0.95,5,228,28,70,21,0
normal_007,0,micro_cluster,0.6,50,0.95,5,228,28,70,21,1
normal_007,0,hybrid,0.6,50,0.95,5,228,28,70,21,1
normal_008,0,large_component,0.6,50,0.95,5,251,45,79,11,0
normal_008,0,micro_cluster,0.6,50,0.95,5,251,45,79,11,1
normal_008,0,hybrid,0.6,50,0.95,5,251,45,79,11,1
normal_009,0,large_component,0.6,50,0.95,5,955,32,162,13,0
normal_009,0,micro_cluster,0.6,50,0.95,5,955,32,162,13,1
normal_009,0,hybrid,0.6,50,0.95,5,955,32,162,13,1
normal_010,0,large_component,0.6,50,0.95,5,439,90,68,8,1
normal_010,0,micro_cluster,0.6,50,0.95,5,439,90,68,8,1
normal_010,0,hybrid,0.6,50,0.95,5,439,90,68,8,1
tumor_001,1,large_component,0.5,30,0.99,2,4582,1123,1050,543,1
tumor_001,1,micro_cluster,0.5,30,0.99,2,4582,1123,1050,543,1
tumor_001,1,hybrid,0.5,30,0.99,2,4582,1123,1050,543,1
tumor_002,1,large_component,0.5,30,0.99,2,3302,156,254,16,1
tumor_002,1,micro_cluster,0.5,30,0.99,2,3302,156,254,16,1
tumor_002,1,hybrid,0.5,30,0.99,2,3302,156,254,16,1
tumor_003,1,large_component,0.5,30,0.99,2,1731,322,407,251,1
tumor_003,1,micro_cluster,0.5,30,0.99,2,1731,322,407,251,1
tumor_003,1,hybrid,0.5,30,0.99,2,1731,322,407,251,1
tumor_004,1,large_component,0.5,30,0.99,2,2522,132,263,44,1
tumor_004,1,micro_cluster,0.5,30,0.99,2,2522,132,263,44,1
tumor_004,1,hybrid,0.5,30,0.99,2,2522,132,263,44,1
tumor_005,1,large_component,0.5,30,0.99,2,514,140,129,79,1
tumor_005,1,micro_cluster,0.5,30,0.99,2,514,140,129,79,1
tumor_005,1,hybrid,0.5,30,0.99,2,514,140,129,79,1
tumor_006,1,large_component,0.5,30,0.99,2,5845,139,374,51,1
tumor_006,1,micro_cluster,0.5,30,0.99,2,5845,139,374,51,1
tumor_006,1,hybrid,0.5,30,0.99,2,5845,139,374,51,1
tumor_007,1,large_component,0.5,30,0.99,2,5461,151,300,90,1
tumor_007,1,micro_cluster,0.5,30,0.99,2,5461,151,300,90,1
tumor_007,1,hybrid,0.5,30,0.99,2,5461,151,300,90,1
tumor_008,1,large_component,0.5,30,0.99,2,9261,328,485,10,1
tumor_008,1,micro_cluster,0.5,30,0.99,2,9261,328,485,10,1
tumor_008,1,hybrid,0.5,30,0.99,2,9261,328,485,10,1
tumor_009,1,large_component,0.5,30,0.99,2,39630,18285,6309,502,1
tumor_009,1,micro_cluster,0.5,30,0.99,2,39630,18285,6309,502,1
tumor_009,1,hybrid,0.5,30,0.99,2,39630,18285,6309,502,1
tumor_010,1,large_component,0.5,30,0.99,2,10721,626,733,28,1
tumor_010,1,micro_cluster,0.5,30,0.99,2,10721,626,733,28,1
tumor_010,1,hybrid,0.5,30,0.99,2,10721,626,733,28,1
normal_001,0,large_component,0.5,30,0.99,2,353,120,50,16,1
normal_001,0,micro_cluster,0.5,30,0.99,2,353,120,50,16,1
normal_001,0,hybrid,0.5,30,0.99,2,353,120,50,16,1
normal_002,0,large_component,0.5,30,0.99,2,1031,84,78,11,1
normal_002,0,micro_cluster,0.5,30,0.99,2,1031,84,78,11,1
normal_002,0,hybrid,0.5,30,0.99,2,1031,84,78,11,1
normal_003,0,large_component,0.5,30,0.99,2,2227,221,171,11,1
normal_003,0,micro_cluster,0.5,30,0.99,2,2227,221,171,11,1
normal_003,0,hybrid,0.5,30,0.99,2,2227,221,171,11,1
normal_004,0,large_component,0.5,30,0.99,2,330,31,7,1,1
normal_004,0,micro_cluster,0.5,30,0.99,2,330,31,7,1,0
normal_004,0,hybrid,0.5,30,0.99,2,330,31,7,1,1
normal_005,0,large_component,0.5,30,0.99,2,350,28,33,4,0
normal_005,0,micro_cluster,0.5,30,0.99,2,350,28,33,4,1
normal_005,0,hybrid,0.5,30,0.99,2,350,28,33,4,1
normal_006,0,large_component,0.5,30,0.99,2,215,28,6,6,0
normal_006,0,micro_cluster,0.5,30,0.99,2,215,28,6,6,1
normal_006,0,hybrid,0.5,30,0.99,2,215,28,6,6,1
normal_007,0,large_component,0.5,30,0.99,2,276,50,31,11,1
normal_007,0,micro_cluster,0.5,30,0.99,2,276,50,31,11,1
normal_007,0,hybrid,0.5,30,0.99,2,276,50,31,11,1
normal_008,0,large_component,0.5,30,0.99,2,299,48,28,5,1
normal_008,0,micro_cluster,0.5,30,0.99,2,299,48,28,5,1
normal_008,0,hybrid,0.5,30,0.99,2,299,48,28,5,1
normal_009,0,large_component,0.5,30,0.99,2,1227,38,37,6,1
normal_009,0,micro_cluster,0.5,30,0.99,2,1227,38,37,6,1
normal_009,0,hybrid,0.5,30,0.99,2,1227,38,37,6,1
normal_010,0,large_component,0.5,30,0.99,2,567,112,13,2,1
normal_010,0,micro_cluster,0.5,30,0.99,2,567,112,13,2,1
normal_010,0,hybrid,0.5,30,0.99,2,567,112,13,2,1
tumor_001,1,large_component,0.5,30,0.99,3,4582,1123,1050,543,1
tumor_001,1,micro_cluster,0.5,30,0.99,3,4582,1123,1050,543,1
tumor_001,1,hybrid,0.5,30,0.99,3,4582,1123,1050,543,1
tumor_002,1,large_component,0.5,30,0.99,3,3302,156,254,16,1
tumor_002,1,micro_cluster,0.5,30,0.99,3,3302,156,254,16,1
tumor_002,1,hybrid,0.5,30,0.99,3,3302,156,254,16,1
tumor_003,1,large_component,0.5,30,0.99,3,1731,322,407,251,1
tumor_003,1,micro_cluster,0.5,30,0.99,3,1731,322,407,251,1
tumor_003,1,hybrid,0.5,30,0.99,3,1731,322,407,251,1
tumor_004,1,large_component,0.5,30,0.99,3,2522,132,263,44,1
tumor_004,1,micro_cluster,0.5,30,0.99,3,2522,132,263,44,1
tumor_004,1,hybrid,0.5,30,0.99,3,2522,132,263,44,1
tumor_005,1,large_component,0.5,30,0.99,3,514,140,129,79,1
tumor_005,1,micro_cluster,0.5,30,0.99,3,514,140,129,79,1
tumor_005,1,hybrid,0.5,30,0.99,3,514,140,129,79,1
tumor_006,1,large_component,0.5,30,0.99,3,5845,139,374,51,1
tumor_006,1,micro_cluster,0.5,30,0.99,3,5845,139,374,51,1
tumor_006,1,hybrid,0.5,30,0.99,3,5845,139,374,51,1
tumor_007,1,large_component,0.5,30,0.99,3,5461,151,300,90,1
tumor_007,1,micro_cluster,0.5,30,0.99,3,5461,151,300,90,1
tumor_007,1,hybrid,0.5,30,0.99,3,5461,151,300,90,1
tumor_008,1,large_component,0.5,30,0.99,3,9261,328,485,10,1
tumor_008,1,micro_cluster,0.5,30,0.99,3,9261,328,485,10,1
tumor_008,1,hybrid,0.5,30,0.99,3,9261,328,485,10,1
tumor_009,1,large_component,0.5,30,0.99,3,39630,18285,6309,502,1
tumor_009,1,micro_cluster,0.5,30,0.99,3,39630,18285,6309,502,1
tumor_009,1,hybrid,0.5,30,0.99,3,39630,18285,6309,502,1
tumor_010,1,large_component,0.5,30,0.99,3,10721,626,733,28,1
tumor_010,1,micro_cluster,0.5,30,0.99,3,10721,626,733,28,1
tumor_010,1,hybrid,0.5,30,0.99,3,10721,626,733,28,1
normal_001,0,large_component,0.5,30,0.99,3,353,120,50,16,1
normal_001,0,micro_cluster,0.5,30,0.99,3,353,120,50,16,1
normal_001,0,hybrid,0.5,30,0.99,3,353,120,50,16,1
normal_002,0,large_component,0.5,30,0.99,3,1031,84,78,11,1
normal_002,0,micro_cluster,0.5,30,0.99,3,1031,84,78,11,1
normal_002,0,hybrid,0.5,30,0.99,3,1031,84,78,11,1
normal_003,0,large_component,0.5,30,0.99,3,2227,221,171,11,1
normal_003,0,micro_cluster,0.5,30,0.99,3,2227,221,171,11,1
normal_003,0,hybrid,0.5,30,0.99,3,2227,221,171,11,1
normal_004,0,large_component,0.5,30,0.99,3,330,31,7,1,1
normal_004,0,micro_cluster,0.5,30,0.99,3,330,31,7,1,0
normal_004,0,hybrid,0.5,30,0.99,3,330,31,7,1,1
normal_005,0,large_component,0.5,30,0.99,3,350,28,33,4,0
normal_005,0,micro_cluster,0.5,30,0.99,3,350,28,33,4,1
normal_005,0,hybrid,0.5,30,0.99,3,350,28,33,4,1
normal_006,0,large_component,0.5,30,0.99,3,215,28,6,6,0
normal_006,0,micro_cluster,0.5,30,0.99,3,215,28,6,6,1
normal_006,0,hybrid,0.5,30,0.99,3,215,28,6,6,1
normal_007,0,large_component,0.5,30,0.99,3,276,50,31,11,1
normal_007,0,micro_cluster,0.5,30,0.99,3,276,50,31,11,1
normal_007,0,hybrid,0.5,30,0.99,3,276,50,31,11,1
normal_008,0,large_component,0.5,30,0.99,3,299,48,28,5,1
normal_008,0,micro_cluster,0.5,30,0.99,3,299,48,28,5,1
normal_008,0,hybrid,0.5,30,0.99,3,299,48,28,5,1
normal_009,0,large_component,0.5,30,0.99,3,1227,38,37,6,1
normal_009,0,micro_cluster,0.5,30,0.99,3,1227,38,37,6,1
normal_009,0,hybrid,0.5,30,0.99,3,1227,38,37,6,1
normal_010,0,large_component,0.5,30,0.99,3,567,112,13,2,1
normal_010,0,micro_cluster,0.5,30,0.99,3,567,112,13,2,0
normal_010,0,hybrid,0.5,30,0.99,3,567,112,13,2,1
tumor_001,1,large_component,0.5,30,0.99,5,4582,1123,1050,543,1
tumor_001,1,micro_cluster,0.5,30,0.99,5,4582,1123,1050,543,1
tumor_001,1,hybrid,0.5,30,0.99,5,4582,1123,1050,543,1
tumor_002,1,large_component,0.5,30,0.99,5,3302,156,254,16,1
tumor_002,1,micro_cluster,0.5,30,0.99,5,3302,156,254,16,1
tumor_002,1,hybrid,0.5,30,0.99,5,3302,156,254,16,1
tumor_003,1,large_component,0.5,30,0.99,5,1731,322,407,251,1
tumor_003,1,micro_cluster,0.5,30,0.99,5,1731,322,407,251,1
tumor_003,1,hybrid,0.5,30,0.99,5,1731,322,407,251,1
tumor_004,1,large_component,0.5,30,0.99,5,2522,132,263,44,1
tumor_004,1,micro_cluster,0.5,30,0.99,5,2522,132,263,44,1
tumor_004,1,hybrid,0.5,30,0.99,5,2522,132,263,44,1
tumor_005,1,large_component,0.5,30,0.99,5,514,140,129,79,1
tumor_005,1,micro_cluster,0.5,30,0.99,5,514,140,129,79,1
tumor_005,1,hybrid,0.5,30,0.99,5,514,140,129,79,1
tumor_006,1,large_component,0.5,30,0.99,5,5845,139,374,51,1
tumor_006,1,micro_cluster,0.5,30,0.99,5,5845,139,374,51,1
tumor_006,1,hybrid,0.5,30,0.99,5,5845,139,374,51,1
tumor_007,1,large_component,0.5,30,0.99,5,5461,151,300,90,1
tumor_007,1,micro_cluster,0.5,30,0.99,5,5461,151,300,90,1
tumor_007,1,hybrid,0.5,30,0.99,5,5461,151,300,90,1
tumor_008,1,large_component,0.5,30,0.99,5,9261,328,485,10,1
tumor_008,1,micro_cluster,0.5,30,0.99,5,9261,328,485,10,1
tumor_008,1,hybrid,0.5,30,0.99,5,9261,328,485,10,1
tumor_009,1,large_component,0.5,30,0.99,5,39630,18285,6309,502,1
tumor_009,1,micro_cluster,0.5,30,0.99,5,39630,18285,6309,502,1
tumor_009,1,hybrid,0.5,30,0.99,5,39630,18285,6309,502,1
tumor_010,1,large_component,0.5,30,0.99,5,10721,626,733,28,1
tumor_010,1,micro_cluster,0.5,30,0.99,5,10721,626,733,28,1
tumor_010,1,hybrid,0.5,30,0.99,5,10721,626,733,28,1
normal_001,0,large_component,0.5,30,0.99,5,353,120,50,16,1
normal_001,0,micro_cluster,0.5,30,0.99,5,353,120,50,16,1
normal_001,0,hybrid,0.5,30,0.99,5,353,120,50,16,1
normal_002,0,large_component,0.5,30,0.99,5,1031,84,78,11,1
normal_002,0,micro_cluster,0.5,30,0.99,5,1031,84,78,11,1
normal_002,0,hybrid,0.5,30,0.99,5,1031,84,78,11,1
normal_003,0,large_component,0.5,30,0.99,5,2227,221,171,11,1
normal_003,0,micro_cluster,0.5,30,0.99,5,2227,221,171,11,1
normal_003,0,hybrid,0.5,30,0.99,5,2227,221,171,11,1
normal_004,0,large_component,0.5,30,0.99,5,330,31,7,1,1
normal_004,0,micro_cluster,0.5,30,0.99,5,330,31,7,1,0
normal_004,0,hybrid,0.5,30,0.99,5,330,31,7,1,1
normal_005,0,large_component,0.5,30,0.99,5,350,28,33,4,0
normal_005,0,micro_cluster,0.5,30,0.99,5,350,28,33,4,0
normal_005,0,hybrid,0.5,30,0.99,5,350,28,33,4,0
normal_006,0,large_component,0.5,30,0.99,5,215,28,6,6,0
normal_006,0,micro_cluster,0.5,30,0.99,5,215,28,6,6,1
normal_006,0,hybrid,0.5,30,0.99,5,215,28,6,6,1
normal_007,0,large_component,0.5,30,0.99,5,276,50,31,11,1
normal_007,0,micro_cluster,0.5,30,0.99,5,276,50,31,11,1
normal_007,0,hybrid,0.5,30,0.99,5,276,50,31,11,1
normal_008,0,large_component,0.5,30,0.99,5,299,48,28,5,1
normal_008,0,micro_cluster,0.5,30,0.99,5,299,48,28,5,1
normal_008,0,hybrid,0.5,30,0.99,5,299,48,28,5,1
normal_009,0,large_component,0.5,30,0.99,5,1227,38,37,6,1
normal_009,0,micro_cluster,0.5,30,0.99,5,1227,38,37,6,1
normal_009,0,hybrid,0.5,30,0.99,5,1227,38,37,6,1
normal_010,0,large_component,0.5,30,0.99,5,567,112,13,2,1
normal_010,0,micro_cluster,0.5,30,0.99,5,567,112,13,2,0
normal_010,0,hybrid,0.5,30,0.99,5,567,112,13,2,1
tumor_001,1,large_component,0.5,30,0.98,2,4582,1123,1276,595,1
tumor_001,1,micro_cluster,0.5,30,0.98,2,4582,1123,1276,595,1
tumor_001,1,hybrid,0.5,30,0.98,2,4582,1123,1276,595,1
tumor_002,1,large_component,0.5,30,0.98,2,3302,156,401,19,1
tumor_002,1,micro_cluster,0.5,30,0.98,2,3302,156,401,19,1
tumor_002,1,hybrid,0.5,30,0.98,2,3302,156,401,19,1
tumor_003,1,large_component,0.5,30,0.98,2,1731,322,467,262,1
tumor_003,1,micro_cluster,0.5,30,0.98,2,1731,322,467,262,1
tumor_003,1,hybrid,0.5,30,0.98,2,1731,322,467,262,1
tumor_004,1,large_component,0.5,30,0.98,2,2522,132,373,51,1
tumor_004,1,micro_cluster,0.5,30,0.98,2,2522,132,373,51,1
tumor_004,1,hybrid,0.5,30,0.98,2,2522,132,373,51,1
tumor_005,1,large_component,0.5,30,0.98,2,514,140,148,88,1
tumor_005,1,micro_cluster,0.5,30,0.98,2,514,140,148,88,1
tumor_005,1,hybrid,0.5,30,0.98,2,514,140,148,88,1
tumor_006,1,large_component,0.5,30,0.98,2,5845,139,591,54,1
tumor_006,1,micro_cluster,0.5,30,0.98,2,5845,139,591,54,1
tumor_006,1,hybrid,0.5,30,0.98,2,5845,139,591,54,1
tumor_007,1,large_component,0.5,30,0.98,2,5461,151,464,100,1
tumor_007,1,micro_cluster,0.5,30,0.98,2,5461,151,464,100,1
tumor_007,1,hybrid,0.5,30,0.98,2,5461,151,464,100,1
tumor_008,1,large_component,0.5,30,0.98,2,9261,328,831,40,1
tumor_008,1,micro_cluster,0.5,30,0.98,2,9261,328,831,40,1
tumor_008,1,hybrid,0.5,30,0.98,2,9261,328,831,40,1
tumor_009,1,large_component,0.5,30,0.98,2,39630,18285,9107,896,1
tumor_009,1,micro_cluster,0.5,30,0.98,2,39630,18285,9107,896,1
tumor_009,1,hybrid,0.5,30,0.98,2,39630,18285,9107,896,1
tumor_010,1,large_component,0.5,30,0.98,2,10721,626,1174,29,1
tumor_010,1,micro_cluster,0.5,30,0.98,2,10721,626,1174,29,1
tumor_010,1,hybrid,0.5,30,0.98,2,10721,626,1174,29,1
normal_001,0,large_component,0.5,30,0.98,2,353,120,67,17,1
normal_001,0,micro_cluster,0.5,30,0.98,2,353,120,67,17,1
normal_001,0,hybrid,0.5,30,0.98,2,353,120,67,17,1
normal_002,0,large_component,0.5,30,0.98,2,1031,84,114,18,1
normal_002,0,micro_cluster,0.5,30,0.98,2,1031,84,114,18,1
normal_002,0,hybrid,0.5,30,0.98,2,1031,84,114,18,1
normal_003,0,large_component,0.5,30,0.98,2,2227,221,267,31,1
normal_003,0,micro_cluster,0.5,30,0.98,2,2227,221,267,31,1
normal_003,0,hybrid,0.5,30,0.98,2,2227,221,267,31,1
normal_004,0,large_component,0.5,30,0.98,2,330,31,13,3,1
normal_004,0,micro_cluster,0.5,30,0.98,2,330,31,13,3,1
normal_004,0,hybrid,0.5,30,0.98,2,330,31,13,3,1
normal_005,0,large_component,0.5,30,0.98,2,350,28,48,6,0
normal_005,0,micro_cluster,0.5,30,0.98,2,350,28,48,6,1
normal_005,0,hybrid,0.5,30,0.98,2,350,28,48,6,1
normal_006,0,large_component,0.5,30,0.98,2,215,28,16,9,0
normal_006,0,micro_cluster,0.5,30,0.98,2,215,28,16,9,1
normal_006,0,hybrid,0.5,30,0.98,2,215,28,16,9,1
normal_007,0,large_component,0.5,30,0.98,2,276,50,47,18,1
normal_007,0,micro_cluster,0.5,30,0.98,2,276,50,47,18,1
normal_007,0,hybrid,0.5,30,0.98,2,276,50,47,18,1
normal_008,0,large_component,0.5,30,0.98,2,299,48,41,6,1
normal_008,0,micro_cluster,0.5,30,0.98,2,299,48,41,6,1
normal_008,0,hybrid,0.5,30,0.98,2,299,48,41,6,1
normal_009,0,large_component,0.5,30,0.98,2,1227,38,82,9,1
normal_009,0,micro_cluster,0.5,30,0.98,2,1227,38,82,9,1
normal_009,0,hybrid,0.5,30,0.98,2,1227,38,82,9,1
normal_010,0,large_component,0.5,30,0.98,2,567,112,27,3,1
normal_010,0,micro_cluster,0.5,30,0.98,2,567,112,27,3,1
normal_010,0,hybrid,0.5,30,0.98,2,567,112,27,3,1
tumor_001,1,large_component,0.5,30,0.98,3,4582,1123,1276,595,1
tumor_001,1,micro_cluster,0.5,30,0.98,3,4582,1123,1276,595,1
tumor_001,1,hybrid,0.5,30,0.98,3,4582,1123,1276,595,1
tumor_002,1,large_component,0.5,30,0.98,3,3302,156,401,19,1
tumor_002,1,micro_cluster,0.5,30,0.98,3,3302,156,401,19,1
tumor_002,1,hybrid,0.5,30,0.98,3,3302,156,401,19,1
tumor_003,1,large_component,0.5,30,0.98,3,1731,322,467,262,1
tumor_003,1,micro_cluster,0.5,30,0.98,3,1731,322,467,262,1
tumor_003,1,hybrid,0.5,30,0.98,3,1731,322,467,262,1
tumor_004,1,large_component,0.5,30,0.98,3,2522,132,373,51,1
tumor_004,1,micro_cluster,0.5,30,0.98,3,2522,132,373,51,1
tumor_004,1,hybrid,0.5,30,0.98,3,2522,132,373,51,1
tumor_005,1,large_component,0.5,30,0.98,3,514,140,148,88,1
tumor_005,1,micro_cluster,0.5,30,0.98,3,514,140,148,88,1
tumor_005,1,hybrid,0.5,30,0.98,3,514,140,148,88,1
tumor_006,1,large_component,0.5,30,0.98,3,5845,139,591,54,1
tumor_006,1,micro_cluster,0.5,30,0.98,3,5845,139,591,54,1
tumor_006,1,hybrid,0.5,30,0.98,3,5845,139,591,54,1
tumor_007,1,large_component,0.5,30,0.98,3,5461,151,464,100,1
tumor_007,1,micro_cluster,0.5,30,0.98,3,5461,151,464,100,1
tumor_007,1,hybrid,0.5,30,0.98,3,5461,151,464,100,1
tumor_008,1,large_component,0.5,30,0.98,3,9261,328,831,40,1
tumor_008,1,micro_cluster,0.5,30,0.98,3,9261,328,831,40,1
tumor_008,1,hybrid,0.5,30,0.98,3,9261,328,831,40,1
tumor_009,1,large_component,0.5,30,0.98,3,39630,18285,9107,896,1
tumor_009,1,micro_cluster,0.5,30,0.98,3,39630,18285,9107,896,1
tumor_009,1,hybrid,0.5,30,0.98,3,39630,18285,9107,896,1
tumor_010,1,large_component,0.5,30,0.98,3,10721,626,1174,29,1
tumor_010,1,micro_cluster,0.5,30,0.98,3,10721,626,1174,29,1
tumor_010,1,hybrid,0.5,30,0.98,3,10721,626,1174,29,1
normal_001,0,large_component,0.5,30,0.98,3,353,120,67,17,1
normal_001,0,micro_cluster,0.5,30,0.98,3,353,120,67,17,1
normal_001,0,hybrid,0.5,30,0.98,3,353,120,67,17,1
normal_002,0,large_component,0.5,30,0.98,3,1031,84,114,18,1
normal_002,0,micro_cluster,0.5,30,0.98,3,1031,84,114,18,1
normal_002,0,hybrid,0.5,30,0.98,3,1031,84,114,18,1
normal_003,0,large_component,0.5,30,0.98,3,2227,221,267,31,1
normal_003,0,micro_cluster,0.5,30,0.98,3,2227,221,267,31,1
normal_003,0,hybrid,0.5,30,0.98,3,2227,221,267,31,1
normal_004,0,large_component,0.5,30,0.98,3,330,31,13,3,1
normal_004,0,micro_cluster,0.5,30,0.98,3,330,31,13,3,1
normal_004,0,hybrid,0.5,30,0.98,3,330,31,13,3,1
normal_005,0,large_component,0.5,30,0.98,3,350,28,48,6,0
normal_005,0,micro_cluster,0.5,30,0.98,3,350,28,48,6,1
normal_005,0,hybrid,0.5,30,0.98,3,350,28,48,6,1
normal_006,0,large_component,0.5,30,0.98,3,215,28,16,9,0
normal_006,0,micro_cluster,0.5,30,0.98,3,215,28,16,9,1
normal_006,0,hybrid,0.5,30,0.98,3,215,28,16,9,1
normal_007,0,large_component,0.5,30,0.98,3,276,50,47,18,1
normal_007,0,micro_cluster,0.5,30,0.98,3,276,50,47,18,1
normal_007,0,hybrid,0.5,30,0.98,3,276,50,47,18,1
normal_008,0,large_component,0.5,30,0.98,3,299,48,41,6,1
normal_008,0,micro_cluster,0.5,30,0.98,3,299,48,41,6,1
normal_008,0,hybrid,0.5,30,0.98,3,299,48,41,6,1
normal_009,0,large_component,0.5,30,0.98,3,1227,38,82,9,1
normal_009,0,micro_cluster,0.5,30,0.98,3,1227,38,82,9,1
normal_009,0,hybrid,0.5,30,0.98,3,1227,38,82,9,1
normal_010,0,large_component,0.5,30,0.98,3,567,112,27,3,1
normal_010,0,micro_cluster,0.5,30,0.98,3,567,112,27,3,1
normal_010,0,hybrid,0.5,30,0.98,3,567,112,27,3,1
tumor_001,1,large_component,0.5,30,0.98,5,4582,1123,1276,595,1
tumor_001,1,micro_cluster,0.5,30,0.98,5,4582,1123,1276,595,1
tumor_001,1,hybrid,0.5,30,0.98,5,4582,1123,1276,595,1
tumor_002,1,large_component,0.5,30,0.98,5,3302,156,401,19,1
tumor_002,1,micro_cluster,0.5,30,0.98,5,3302,156,401,19,1
tumor_002,1,hybrid,0.5,30,0.98,5,3302,156,401,19,1
tumor_003,1,large_component,0.5,30,0.98,5,1731,322,467,262,1
tumor_003,1,micro_cluster,0.5,30,0.98,5,1731,322,467,262,1
tumor_003,1,hybrid,0.5,30,0.98,5,1731,322,467,262,1
tumor_004,1,large_component,0.5,30,0.98,5,2522,132,373,51,1
tumor_004,1,micro_cluster,0.5,30,0.98,5,2522,132,373,51,1
tumor_004,1,hybrid,0.5,30,0.98,5,2522,132,373,51,1
tumor_005,1,large_component,0.5,30,0.98,5,514,140,148,88,1
tumor_005,1,micro_cluster,0.5,30,0.98,5,514,140,148,88,1
tumor_005,1,hybrid,0.5,30,0.98,5,514,140,148,88,1
tumor_006,1,large_component,0.5,30,0.98,5,5845,139,591,54,1
tumor_006,1,micro_cluster,0.5,30,0.98,5,5845,139,591,54,1
tumor_006,1,hybrid,0.5,30,0.98,5,5845,139,591,54,1
tumor_007,1,large_component,0.5,30,0.98,5,5461,151,464,100,1
tumor_007,1,micro_cluster,0.5,30,0.98,5,5461,151,464,100,1
tumor_007,1,hybrid,0.5,30,0.98,5,5461,151,464,100,1
tumor_008,1,large_component,0.5,30,0.98,5,9261,328,831,40,1
tumor_008,1,micro_cluster,0.5,30,0.98,5,9261,328,831,40,1
tumor_008,1,hybrid,0.5,30,0.98,5,9261,328,831,40,1
tumor_009,1,large_component,0.5,30,0.98,5,39630,18285,9107,896,1
tumor_009,1,micro_cluster,0.5,30,0.98,5,39630,18285,9107,896,1
tumor_009,1,hybrid,0.5,30,0.98,5,39630,18285,9107,896,1
tumor_010,1,large_component,0.5,30,0.98,5,10721,626,1174,29,1
tumor_010,1,micro_cluster,0.5,30,0.98,5,10721,626,1174,29,1
tumor_010,1,hybrid,0.5,30,0.98,5,10721,626,1174,29,1
normal_001,0,large_component,0.5,30,0.98,5,353,120,67,17,1
normal_001,0,micro_cluster,0.5,30,0.98,5,353,120,67,17,1
normal_001,0,hybrid,0.5,30,0.98,5,353,120,67,17,1
normal_002,0,large_component,0.5,30,0.98,5,1031,84,114,18,1
normal_002,0,micro_cluster,0.5,30,0.98,5,1031,84,114,18,1
normal_002,0,hybrid,0.5,30,0.98,5,1031,84,114,18,1
normal_003,0,large_component,0.5,30,0.98,5,2227,221,267,31,1
normal_003,0,micro_cluster,0.5,30,0.98,5,2227,221,267,31,1
normal_003,0,hybrid,0.5,30,0.98,5,2227,221,267,31,1
normal_004,0,large_component,0.5,30,0.98,5,330,31,13,3,1
normal_004,0,micro_cluster,0.5,30,0.98,5,330,31,13,3,0
normal_004,0,hybrid,0.5,30,0.98,5,330,31,13,3,1
normal_005,0,large_component,0.5,30,0.98,5,350,28,48,6,0
normal_005,0,micro_cluster,0.5,30,0.98,5,350,28,48,6,1
normal_005,0,hybrid,0.5,30,0.98,5,350,28,48,6,1
normal_006,0,large_component,0.5,30,0.98,5,215,28,16,9,0
normal_006,0,micro_cluster,0.5,30,0.98,5,215,28,16,9,1
normal_006,0,hybrid,0.5,30,0.98,5,215,28,16,9,1
normal_007,0,large_component,0.5,30,0.98,5,276,50,47,18,1
normal_007,0,micro_cluster,0.5,30,0.98,5,276,50,47,18,1
normal_007,0,hybrid,0.5,30,0.98,5,276,50,47,18,1
normal_008,0,large_component,0.5,30,0.98,5,299,48,41,6,1
normal_008,0,micro_cluster,0.5,30,0.98,5,299,48,41,6,1
normal_008,0,hybrid,0.5,30,0.98,5,299,48,41,6,1
normal_009,0,large_component,0.5,30,0.98,5,1227,38,82,9,1
normal_009,0,micro_cluster,0.5,30,0.98,5,1227,38,82,9,1
normal_009,0,hybrid,0.5,30,0.98,5,1227,38,82,9,1
normal_010,0,large_component,0.5,30,0.98,5,567,112,27,3,1
normal_010,0,micro_cluster,0.5,30,0.98,5,567,112,27,3,0
normal_010,0,hybrid,0.5,30,0.98,5,567,112,27,3,1
tumor_001,1,large_component,0.5,30,0.95,2,4582,1123,1700,649,1
tumor_001,1,micro_cluster,0.5,30,0.95,2,4582,1123,1700,649,1
tumor_001,1,hybrid,0.5,30,0.95,2,4582,1123,1700,649,1
tumor_002,1,large_component,0.5,30,0.95,2,3302,156,712,22,1
tumor_002,1,micro_cluster,0.5,30,0.95,2,3302,156,712,22,1
tumor_002,1,hybrid,0.5,30,0.95,2,3302,156,712,22,1
tumor_003,1,large_component,0.5,30,0.95,2,1731,322,616,279,1
tumor_003,1,micro_cluster,0.5,30,0.95,2,1731,322,616,279,1
tumor_003,1,hybrid,0.5,30,0.95,2,1731,322,616,279,1
tumor_004,1,large_component,0.5,30,0.95,2,2522,132,583,67,1
tumor_004,1,micro_cluster,0.5,30,0.95,2,2522,132,583,67,1
tumor_004,1,hybrid,0.5,30,0.95,2,2522,132,583,67,1
tumor_005,1,large_component,0.5,30,0.95,2,514,140,187,115,1
tumor_005,1,micro_cluster,0.5,30,0.95,2,514,140,187,115,1
tumor_005,1,hybrid,0.5,30,0.95,2,514,140,187,115,1
tumor_006,1,large_component,0.5,30,0.95,2,5845,139,1006,56,1
tumor_006,1,micro_cluster,0.5,30,0.95,2,5845,139,1006,56,1
tumor_006,1,hybrid,0.5,30,0.95,2,5845,139,1006,56,1
tumor_007,1,large_component,0.5,30,0.95,2,5461,151,866,104,1
tumor_007,1,micro_cluster,0.5,30,0.95,2,5461,151,866,104,1
tumor_007,1,hybrid,0.5,30,0.95,2,5461,151,866,104,1
tumor_008,1,large_component,0.5,30,0.95,2,9261,328,1618,103,1
tumor_008,1,micro_cluster,0.5,30,0.95,2,9261,328,1618,103,1
tumor_008,1,hybrid,0.5,30,0.95,2,9261,328,1618,103,1
tumor_009,1,large_component,0.5,30,0.95,2,39630,18285,14237,2591,1
tumor_009,1,micro_cluster,0.5,30,0.95,2,39630,18285,14237,2591,1
tumor_009,1,hybrid,0.5,30,0.95,2,39630,18285,14237,2591,1
tumor_010,1,large_component,0.5,30,0.95,2,10721,626,2142,62,1
tumor_010,1,micro_cluster,0.5,30,0.95,2,10721,626,2142,62,1
tumor_010,1,hybrid,0.5,30,0.95,2,10721,626,2142,62,1
normal_001,0,large_component,0.5,30,0.95,2,353,120,104,40,1
normal_001,0,micro_cluster,0.5,30,0.95,2,353,120,104,40,1
normal_001,0,hybrid,0.5,30,0.95,2,353,120,104,40,1
normal_002,0,large_component,0.5,30,0.95,2,1031,84,207,29,1
normal_002,0,micro_cluster,0.5,30,0.95,2,1031,84,207,29,1
normal_002,0,hybrid,0.5,30,0.95,2,1031,84,207,29,1
normal_003,0,large_component,0.5,30,0.95,2,2227,221,513,41,1
normal_003,0,micro_cluster,0.5,30,0.95,2,2227,221,513,41,1
normal_003,0,hybrid,0.5,30,0.95,2,2227,221,513,41,1
normal_004,0,large_component,0.5,30,0.95,2,330,31,28,3,1
normal_004,0,micro_cluster,0.5,30,0.95,2,330,31,28,3,1
normal_004,0,hybrid,0.5,30,0.95,2,330,31,28,3,1
normal_005,0,large_component,0.5,30,0.95,2,350,28,87,6,0
normal_005,0,micro_cluster,0.5,30,0.95,2,350,28,87,6,1
normal_005,0,hybrid,0.5,30,0.95,2,350,28,87,6,1
normal_006,0,large_component,0.5,30,0.95,2,215,28,35,20,0
normal_006,0,micro_cluster,0.5,30,0.95,2,215,28,35,20,1
normal_006,0,hybrid,0.5,30,0.95,2,215,28,35,20,1
normal_007,0,large_component,0.5,30,0.95,2,276,50,70,21,1
normal_007,0,micro_cluster,0.5,30,0.95,2,276,50,70,21,1
normal_007,0,hybrid,0.5,30,0.95,2,276,50,70,21,1
normal_008,0,large_component,0.5,30,0.95,2,299,48,79,11,1
normal_008,0,micro_cluster,0.5,30,0.95,2,299,48,79,11,1
normal_008,0,hybrid,0.5,30,0.95,2,299,48,79,11,1
normal_009,0,large_component,0.5,30,0.95,2,1227,38,162,13,1
normal_009,0,micro_cluster,0.5,30,0.95,2,1227,38,162,13,1
normal_009,0,hybrid,0.5,30,0.95,2,1227,38,162,13,1
normal_010,0,large_component,0.5,30,0.95,2,567,112,68,8,1
normal_010,0,micro_cluster,0.5,30,0.95,2,567,112,68,8,1
normal_010,0,hybrid,0.5,30,0.95,2,567,112,68,8,1
tumor_001,1,large_component,0.5,30,0.95,3,4582,1123,1700,649,1
tumor_001,1,micro_cluster,0.5,30,0.95,3,4582,1123,1700,649,1
tumor_001,1,hybrid,0.5,30,0.95,3,4582,1123,1700,649,1
tumor_002,1,large_component,0.5,30,0.95,3,3302,156,712,22,1
tumor_002,1,micro_cluster,0.5,30,0.95,3,3302,156,712,22,1
tumor_002,1,hybrid,0.5,30,0.95,3,3302,156,712,22,1
tumor_003,1,large_component,0.5,30,0.95,3,1731,322,616,279,1
tumor_003,1,micro_cluster,0.5,30,0.95,3,1731,322,616,279,1
tumor_003,1,hybrid,0.5,30,0.95,3,1731,322,616,279,1
tumor_004,1,large_component,0.5,30,0.95,3,2522,132,583,67,1
tumor_004,1,micro_cluster,0.5,30,0.95,3,2522,132,583,67,1
tumor_004,1,hybrid,0.5,30,0.95,3,2522,132,583,67,1
tumor_005,1,large_component,0.5,30,0.95,3,514,140,187,115,1
tumor_005,1,micro_cluster,0.5,30,0.95,3,514,140,187,115,1
tumor_005,1,hybrid,0.5,30,0.95,3,514,140,187,115,1
tumor_006,1,large_component,0.5,30,0.95,3,5845,139,1006,56,1
tumor_006,1,micro_cluster,0.5,30,0.95,3,5845,139,1006,56,1
tumor_006,1,hybrid,0.5,30,0.95,3,5845,139,1006,56,1
tumor_007,1,large_component,0.5,30,0.95,3,5461,151,866,104,1
tumor_007,1,micro_cluster,0.5,30,0.95,3,5461,151,866,104,1
tumor_007,1,hybrid,0.5,30,0.95,3,5461,151,866,104,1
tumor_008,1,large_component,0.5,30,0.95,3,9261,328,1618,103,1
tumor_008,1,micro_cluster,0.5,30,0.95,3,9261,328,1618,103,1
tumor_008,1,hybrid,0.5,30,0.95,3,9261,328,1618,103,1
tumor_009,1,large_component,0.5,30,0.95,3,39630,18285,14237,2591,1
tumor_009,1,micro_cluster,0.5,30,0.95,3,39630,18285,14237,2591,1
tumor_009,1,hybrid,0.5,30,0.95,3,39630,18285,14237,2591,1
tumor_010,1,large_component,0.5,30,0.95,3,10721,626,2142,62,1
tumor_010,1,micro_cluster,0.5,30,0.95,3,10721,626,2142,62,1
tumor_010,1,hybrid,0.5,30,0.95,3,10721,626,2142,62,1
normal_001,0,large_component,0.5,30,0.95,3,353,120,104,40,1
normal_001,0,micro_cluster,0.5,30,0.95,3,353,120,104,40,1
normal_001,0,hybrid,0.5,30,0.95,3,353,120,104,40,1
normal_002,0,large_component,0.5,30,0.95,3,1031,84,207,29,1
normal_002,0,micro_cluster,0.5,30,0.95,3,1031,84,207,29,1
normal_002,0,hybrid,0.5,30,0.95,3,1031,84,207,29,1
normal_003,0,large_component,0.5,30,0.95,3,2227,221,513,41,1
normal_003,0,micro_cluster,0.5,30,0.95,3,2227,221,513,41,1
normal_003,0,hybrid,0.5,30,0.95,3,2227,221,513,41,1
normal_004,0,large_component,0.5,30,0.95,3,330,31,28,3,1
normal_004,0,micro_cluster,0.5,30,0.95,3,330,31,28,3,1
normal_004,0,hybrid,0.5,30,0.95,3,330,31,28,3,1
normal_005,0,large_component,0.5,30,0.95,3,350,28,87,6,0
normal_005,0,micro_cluster,0.5,30,0.95,3,350,28,87,6,1
normal_005,0,hybrid,0.5,30,0.95,3,350,28,87,6,1
normal_006,0,large_component,0.5,30,0.95,3,215,28,35,20,0
normal_006,0,micro_cluster,0.5,30,0.95,3,215,28,35,20,1
normal_006,0,hybrid,0.5,30,0.95,3,215,28,35,20,1
normal_007,0,large_component,0.5,30,0.95,3,276,50,70,21,1
normal_007,0,micro_cluster,0.5,30,0.95,3,276,50,70,21,1
normal_007,0,hybrid,0.5,30,0.95,3,276,50,70,21,1
normal_008,0,large_component,0.5,30,0.95,3,299,48,79,11,1
normal_008,0,micro_cluster,0.5,30,0.95,3,299,48,79,11,1
normal_008,0,hybrid,0.5,30,0.95,3,299,48,79,11,1
normal_009,0,large_component,0.5,30,0.95,3,1227,38,162,13,1
normal_009,0,micro_cluster,0.5,30,0.95,3,1227,38,162,13,1
normal_009,0,hybrid,0.5,30,0.95,3,1227,38,162,13,1
normal_010,0,large_component,0.5,30,0.95,3,567,112,68,8,1
normal_010,0,micro_cluster,0.5,30,0.95,3,567,112,68,8,1
normal_010,0,hybrid,0.5,30,0.95,3,567,112,68,8,1
tumor_001,1,large_component,0.5,30,0.95,5,4582,1123,1700,649,1
tumor_001,1,micro_cluster,0.5,30,0.95,5,4582,1123,1700,649,1
tumor_001,1,hybrid,0.5,30,0.95,5,4582,1123,1700,649,1
tumor_002,1,large_component,0.5,30,0.95,5,3302,156,712,22,1
tumor_002,1,micro_cluster,0.5,30,0.95,5,3302,156,712,22,1
tumor_002,1,hybrid,0.5,30,0.95,5,3302,156,712,22,1
tumor_003,1,large_component,0.5,30,0.95,5,1731,322,616,279,1
tumor_003,1,micro_cluster,0.5,30,0.95,5,1731,322,616,279,1
tumor_003,1,hybrid,0.5,30,0.95,5,1731,322,616,279,1
tumor_004,1,large_component,0.5,30,0.95,5,2522,132,583,67,1
tumor_004,1,micro_cluster,0.5,30,0.95,5,2522,132,583,67,1
tumor_004,1,hybrid,0.5,30,0.95,5,2522,132,583,67,1
tumor_005,1,large_component,0.5,30,0.95,5,514,140,187,115,1
tumor_005,1,micro_cluster,0.5,30,0.95,5,514,140,187,115,1
tumor_005,1,hybrid,0.5,30,0.95,5,514,140,187,115,1
tumor_006,1,large_component,0.5,30,0.95,5,5845,139,1006,56,1
tumor_006,1,micro_cluster,0.5,30,0.95,5,5845,139,1006,56,1
tumor_006,1,hybrid,0.5,30,0.95,5,5845,139,1006,56,1
tumor_007,1,large_component,0.5,30,0.95,5,5461,151,866,104,1
tumor_007,1,micro_cluster,0.5,30,0.95,5,5461,151,866,104,1
tumor_007,1,hybrid,0.5,30,0.95,5,5461,151,866,104,1
tumor_008,1,large_component,0.5,30,0.95,5,9261,328,1618,103,1
tumor_008,1,micro_cluster,0.5,30,0.95,5,9261,328,1618,103,1
tumor_008,1,hybrid,0.5,30,0.95,5,9261,328,1618,103,1
tumor_009,1,large_component,0.5,30,0.95,5,39630,18285,14237,2591,1
tumor_009,1,micro_cluster,0.5,30,0.95,5,39630,18285,14237,2591,1
tumor_009,1,hybrid,0.5,30,0.95,5,39630,18285,14237,2591,1
tumor_010,1,large_component,0.5,30,0.95,5,10721,626,2142,62,1
tumor_010,1,micro_cluster,0.5,30,0.95,5,10721,626,2142,62,1
tumor_010,1,hybrid,0.5,30,0.95,5,10721,626,2142,62,1
normal_001,0,large_component,0.5,30,0.95,5,353,120,104,40,1
normal_001,0,micro_cluster,0.5,30,0.95,5,353,120,104,40,1
normal_001,0,hybrid,0.5,30,0.95,5,353,120,104,40,1
normal_002,0,large_component,0.5,30,0.95,5,1031,84,207,29,1
normal_002,0,micro_cluster,0.5,30,0.95,5,1031,84,207,29,1
normal_002,0,hybrid,0.5,30,0.95,5,1031,84,207,29,1
normal_003,0,large_component,0.5,30,0.95,5,2227,221,513,41,1
normal_003,0,micro_cluster,0.5,30,0.95,5,2227,221,513,41,1
normal_003,0,hybrid,0.5,30,0.95,5,2227,221,513,41,1
normal_004,0,large_component,0.5,30,0.95,5,330,31,28,3,1
normal_004,0,micro_cluster,0.5,30,0.95,5,330,31,28,3,0
normal_004,0,hybrid,0.5,30,0.95,5,330,31,28,3,1
normal_005,0,large_component,0.5,30,0.95,5,350,28,87,6,0
normal_005,0,micro_cluster,0.5,30,0.95,5,350,28,87,6,1
normal_005,0,hybrid,0.5,30,0.95,5,350,28,87,6,1
normal_006,0,large_component,0.5,30,0.95,5,215,28,35,20,0
normal_006,0,micro_cluster,0.5,30,0.95,5,215,28,35,20,1
normal_006,0,hybrid,0.5,30,0.95,5,215,28,35,20,1
normal_007,0,large_component,0.5,30,0.95,5,276,50,70,21,1
normal_007,0,micro_cluster,0.5,30,0.95,5,276,50,70,21,1
normal_007,0,hybrid,0.5,30,0.95,5,276,50,70,21,1
normal_008,0,large_component,0.5,30,0.95,5,299,48,79,11,1
normal_008,0,micro_cluster,0.5,30,0.95,5,299,48,79,11,1
normal_008,0,hybrid,0.5,30,0.95,5,299,48,79,11,1
normal_009,0,large_component,0.5,30,0.95,5,1227,38,162,13,1
normal_009,0,micro_cluster,0.5,30,0.95,5,1227,38,162,13,1
normal_009,0,hybrid,0.5,30,0.95,5,1227,38,162,13,1
normal_010,0,large_component,0.5,30,0.95,5,567,112,68,8,1
normal_010,0,micro_cluster,0.5,30,0.95,5,567,112,68,8,1
normal_010,0,hybrid,0.5,30,0.95,5,567,112,68,8,1
tumor_001,1,large_component,0.5,40,0.99,2,4582,1123,1050,543,1
tumor_001,1,micro_cluster,0.5,40,0.99,2,4582,1123,1050,543,1
tumor_001,1,hybrid,0.5,40,0.99,2,4582,1123,1050,543,1
tumor_002,1,large_component,0.5,40,0.99,2,3302,156,254,16,1
tumor_002,1,micro_cluster,0.5,40,0.99,2,3302,156,254,16,1
tumor_002,1,hybrid,0.5,40,0.99,2,3302,156,254,16,1
tumor_003,1,large_component,0.5,40,0.99,2,1731,322,407,251,1
tumor_003,1,micro_cluster,0.5,40,0.99,2,1731,322,407,251,1
tumor_003,1,hybrid,0.5,40,0.99,2,1731,322,407,251,1
tumor_004,1,large_component,0.5,40,0.99,2,2522,132,263,44,1
tumor_004,1,micro_cluster,0.5,40,0.99,2,2522,132,263,44,1
tumor_004,1,hybrid,0.5,40,0.99,2,2522,132,263,44,1
tumor_005,1,large_component,0.5,40,0.99,2,514,140,129,79,1
tumor_005,1,micro_cluster,0.5,40,0.99,2,514,140,129,79,1
tumor_005,1,hybrid,0.5,40,0.99,2,514,140,129,79,1
tumor_006,1,large_component,0.5,40,0.99,2,5845,139,374,51,1
tumor_006,1,micro_cluster,0.5,40,0.99,2,5845,139,374,51,1
tumor_006,1,hybrid,0.5,40,0.99,2,5845,139,374,51,1
tumor_007,1,large_component,0.5,40,0.99,2,5461,151,300,90,1
tumor_007,1,micro_cluster,0.5,40,0.99,2,5461,151,300,90,1
tumor_007,1,hybrid,0.5,40,0.99,2,5461,151,300,90,1
tumor_008,1,large_component,0.5,40,0.99,2,9261,328,485,10,1
tumor_008,1,micro_cluster,0.5,40,0.99,2,9261,328,485,10,1
tumor_008,1,hybrid,0.5,40,0.99,2,9261,328,485,10,1
tumor_009,1,large_component,0.5,40,0.99,2,39630,18285,6309,502,1
tumor_009,1,micro_cluster,0.5,40,0.99,2,39630,18285,6309,502,1
tumor_009,1,hybrid,0.5,40,0.99,2,39630,18285,6309,502,1
tumor_010,1,large_component,0.5,40,0.99,2,10721,626,733,28,1
tumor_010,1,micro_cluster,0.5,40,0.99,2,10721,626,733,28,1
tumor_010,1,hybrid,0.5,40,0.99,2,10721,626,733,28,1
normal_001,0,large_component,0.5,40,0.99,2,353,120,50,16,1
normal_001,0,micro_cluster,0.5,40,0.99,2,353,120,50,16,1
normal_001,0,hybrid,0.5,40,0.99,2,353,120,50,16,1
normal_002,0,large_component,0.5,40,0.99,2,1031,84,78,11,1
normal_002,0,micro_cluster,0.5,40,0.99,2,1031,84,78,11,1
normal_002,0,hybrid,0.5,40,0.99,2,1031,84,78,11,1
normal_003,0,large_component,0.5,40,0.99,2,2227,221,171,11,1
normal_003,0,micro_cluster,0.5,40,0.99,2,2227,221,171,11,1
normal_003,0,hybrid,0.5,40,0.99,2,2227,221,171,11,1
normal_004,0,large_component,0.5,40,0.99,2,330,31,7,1,0
normal_004,0,micro_cluster,0.5,40,0.99,2,330,31,7,1,0
normal_004,0,hybrid,0.5,40,0.99,2,330,31,7,1,0
normal_005,0,large_component,0.5,40,0.99,2,350,28,33,4,0
normal_005,0,micro_cluster,0.5,40,0.99,2,350,28,33,4,1
normal_005,0,hybrid,0.5,40,0.99,2,350,28,33,4,1
normal_006,0,large_component,0.5,40,0.99,2,215,28,6,6,0
normal_006,0,micro_cluster,0.5,40,0.99,2,215,28,6,6,1
normal_006,0,hybrid,0.5,40,0.99,2,215,28,6,6,1
normal_007,0,large_component,0.5,40,0.99,2,276,50,31,11,1
normal_007,0,micro_cluster,0.5,40,0.99,2,276,50,31,11,1
normal_007,0,hybrid,0.5,40,0.99,2,276,50,31,11,1
normal_008,0,large_component,0.5,40,0.99,2,299,48,28,5,1
normal_008,0,micro_cluster,0.5,40,0.99,2,299,48,28,5,1
normal_008,0,hybrid,0.5,40,0.99,2,299,48,28,5,1
normal_009,0,large_component,0.5,40,0.99,2,1227,38,37,6,0
normal_009,0,micro_cluster,0.5,40,0.99,2,1227,38,37,6,1
normal_009,0,hybrid,0.5,40,0.99,2,1227,38,37,6,1
normal_010,0,large_component,0.5,40,0.99,2,567,112,13,2,1
normal_010,0,micro_cluster,0.5,40,0.99,2,567,112,13,2,1
normal_010,0,hybrid,0.5,40,0.99,2,567,112,13,2,1
tumor_001,1,large_component,0.5,40,0.99,3,4582,1123,1050,543,1
tumor_001,1,micro_cluster,0.5,40,0.99,3,4582,1123,1050,543,1
tumor_001,1,hybrid,0.5,40,0.99,3,4582,1123,1050,543,1
tumor_002,1,large_component,0.5,40,0.99,3,3302,156,254,16,1
tumor_002,1,micro_cluster,0.5,40,0.99,3,3302,156,254,16,1
tumor_002,1,hybrid,0.5,40,0.99,3,3302,156,254,16,1
tumor_003,1,large_component,0.5,40,0.99,3,1731,322,407,251,1
tumor_003,1,micro_cluster,0.5,40,0.99,3,1731,322,407,251,1
tumor_003,1,hybrid,0.5,40,0.99,3,1731,322,407,251,1
tumor_004,1,large_component,0.5,40,0.99,3,2522,132,263,44,1
tumor_004,1,micro_cluster,0.5,40,0.99,3,2522,132,263,44,1
tumor_004,1,hybrid,0.5,40,0.99,3,2522,132,263,44,1
tumor_005,1,large_component,0.5,40,0.99,3,514,140,129,79,1
tumor_005,1,micro_cluster,0.5,40,0.99,3,514,140,129,79,1
tumor_005,1,hybrid,0.5,40,0.99,3,514,140,129,79,1
tumor_006,1,large_component,0.5,40,0.99,3,5845,139,374,51,1
tumor_006,1,micro_cluster,0.5,40,0.99,3,5845,139,374,51,1
tumor_006,1,hybrid,0.5,40,0.99,3,5845,139,374,51,1
tumor_007,1,large_component,0.5,40,0.99,3,5461,151,300,90,1
tumor_007,1,micro_cluster,0.5,40,0.99,3,5461,151,300,90,1
tumor_007,1,hybrid,0.5,40,0.99,3,5461,151,300,90,1
tumor_008,1,large_component,0.5,40,0.99,3,9261,328,485,10,1
tumor_008,1,micro_cluster,0.5,40,0.99,3,9261,328,485,10,1
tumor_008,1,hybrid,0.5,40,0.99,3,9261,328,485,10,1
tumor_009,1,large_component,0.5,40,0.99,3,39630,18285,6309,502,1
tumor_009,1,micro_cluster,0.5,40,0.99,3,39630,18285,6309,502,1
tumor_009,1,hybrid,0.5,40,0.99,3,39630,18285,6309,502,1
tumor_010,1,large_component,0.5,40,0.99,3,10721,626,733,28,1
tumor_010,1,micro_cluster,0.5,40,0.99,3,10721,626,733,28,1
tumor_010,1,hybrid,0.5,40,0.99,3,10721,626,733,28,1
normal_001,0,large_component,0.5,40,0.99,3,353,120,50,16,1
normal_001,0,micro_cluster,0.5,40,0.99,3,353,120,50,16,1
normal_001,0,hybrid,0.5,40,0.99,3,353,120,50,16,1
normal_002,0,large_component,0.5,40,0.99,3,1031,84,78,11,1
normal_002,0,micro_cluster,0.5,40,0.99,3,1031,84,78,11,1
normal_002,0,hybrid,0.5,40,0.99,3,1031,84,78,11,1
normal_003,0,large_component,0.5,40,0.99,3,2227,221,171,11,1
normal_003,0,micro_cluster,0.5,40,0.99,3,2227,221,171,11,1
normal_003,0,hybrid,0.5,40,0.99,3,2227,221,171,11,1
normal_004,0,large_component,0.5,40,0.99,3,330,31,7,1,0
normal_004,0,micro_cluster,0.5,40,0.99,3,330,31,7,1,0
normal_004,0,hybrid,0.5,40,0.99,3,330,31,7,1,0
normal_005,0,large_component,0.5,40,0.99,3,350,28,33,4,0
normal_005,0,micro_cluster,0.5,40,0.99,3,350,28,33,4,1
normal_005,0,hybrid,0.5,40,0.99,3,350,28,33,4,1
normal_006,0,large_component,0.5,40,0.99,3,215,28,6,6,0
normal_006,0,micro_cluster,0.5,40,0.99,3,215,28,6,6,1
normal_006,0,hybrid,0.5,40,0.99,3,215,28,6,6,1
normal_007,0,large_component,0.5,40,0.99,3,276,50,31,11,1
normal_007,0,micro_cluster,0.5,40,0.99,3,276,50,31,11,1
normal_007,0,hybrid,0.5,40,0.99,3,276,50,31,11,1
normal_008,0,large_component,0.5,40,0.99,3,299,48,28,5,1
normal_008,0,micro_cluster,0.5,40,0.99,3,299,48,28,5,1
normal_008,0,hybrid,0.5,40,0.99,3,299,48,28,5,1
normal_009,0,large_component,0.5,40,0.99,3,1227,38,37,6,0
normal_009,0,micro_cluster,0.5,40,0.99,3,1227,38,37,6,1
normal_009,0,hybrid,0.5,40,0.99,3,1227,38,37,6,1
normal_010,0,large_component,0.5,40,0.99,3,567,112,13,2,1
normal_010,0,micro_cluster,0.5,40,0.99,3,567,112,13,2,0
normal_010,0,hybrid,0.5,40,0.99,3,567,112,13,2,1
tumor_001,1,large_component,0.5,40,0.99,5,4582,1123,1050,543,1
tumor_001,1,micro_cluster,0.5,40,0.99,5,4582,1123,1050,543,1
tumor_001,1,hybrid,0.5,40,0.99,5,4582,1123,1050,543,1
tumor_002,1,large_component,0.5,40,0.99,5,3302,156,254,16,1
tumor_002,1,micro_cluster,0.5,40,0.99,5,3302,156,254,16,1
tumor_002,1,hybrid,0.5,40,0.99,5,3302,156,254,16,1
tumor_003,1,large_component,0.5,40,0.99,5,1731,322,407,251,1
tumor_003,1,micro_cluster,0.5,40,0.99,5,1731,322,407,251,1
tumor_003,1,hybrid,0.5,40,0.99,5,1731,322,407,251,1
tumor_004,1,large_component,0.5,40,0.99,5,2522,132,263,44,1
tumor_004,1,micro_cluster,0.5,40,0.99,5,2522,132,263,44,1
tumor_004,1,hybrid,0.5,40,0.99,5,2522,132,263,44,1
tumor_005,1,large_component,0.5,40,0.99,5,514,140,129,79,1
tumor_005,1,micro_cluster,0.5,40,0.99,5,514,140,129,79,1
tumor_005,1,hybrid,0.5,40,0.99,5,514,140,129,79,1
tumor_006,1,large_component,0.5,40,0.99,5,5845,139,374,51,1
tumor_006,1,micro_cluster,0.5,40,0.99,5,5845,139,374,51,1
tumor_006,1,hybrid,0.5,40,0.99,5,5845,139,374,51,1
tumor_007,1,large_component,0.5,40,0.99,5,5461,151,300,90,1
tumor_007,1,micro_cluster,0.5,40,0.99,5,5461,151,300,90,1
tumor_007,1,hybrid,0.5,40,0.99,5,5461,151,300,90,1
tumor_008,1,large_component,0.5,40,0.99,5,9261,328,485,10,1
tumor_008,1,micro_cluster,0.5,40,0.99,5,9261,328,485,10,1
tumor_008,1,hybrid,0.5,40,0.99,5,9261,328,485,10,1
tumor_009,1,large_component,0.5,40,0.99,5,39630,18285,6309,502,1
tumor_009,1,micro_cluster,0.5,40,0.99,5,39630,18285,6309,502,1
tumor_009,1,hybrid,0.5,40,0.99,5,39630,18285,6309,502,1
tumor_010,1,large_component,0.5,40,0.99,5,10721,626,733,28,1
tumor_010,1,micro_cluster,0.5,40,0.99,5,10721,626,733,28,1
tumor_010,1,hybrid,0.5,40,0.99,5,10721,626,733,28,1
normal_001,0,large_component,0.5,40,0.99,5,353,120,50,16,1
normal_001,0,micro_cluster,0.5,40,0.99,5,353,120,50,16,1
normal_001,0,hybrid,0.5,40,0.99,5,353,120,50,16,1
normal_002,0,large_component,0.5,40,0.99,5,1031,84,78,11,1
normal_002,0,micro_cluster,0.5,40,0.99,5,1031,84,78,11,1
normal_002,0,hybrid,0.5,40,0.99,5,1031,84,78,11,1
normal_003,0,large_component,0.5,40,0.99,5,2227,221,171,11,1
normal_003,0,micro_cluster,0.5,40,0.99,5,2227,221,171,11,1
normal_003,0,hybrid,0.5,40,0.99,5,2227,221,171,11,1
normal_004,0,large_component,0.5,40,0.99,5,330,31,7,1,0
normal_004,0,micro_cluster,0.5,40,0.99,5,330,31,7,1,0
normal_004,0,hybrid,0.5,40,0.99,5,330,31,7,1,0
normal_005,0,large_component,0.5,40,0.99,5,350,28,33,4,0
normal_005,0,micro_cluster,0.5,40,0.99,5,350,28,33,4,0
normal_005,0,hybrid,0.5,40,0.99,5,350,28,33,4,0
normal_006,0,large_component,0.5,40,0.99,5,215,28,6,6,0
normal_006,0,micro_cluster,0.5,40,0.99,5,215,28,6,6,1
normal_006,0,hybrid,0.5,40,0.99,5,215,28,6,6,1
normal_007,0,large_component,0.5,40,0.99,5,276,50,31,11,1
normal_007,0,micro_cluster,0.5,40,0.99,5,276,50,31,11,1
normal_007,0,hybrid,0.5,40,0.99,5,276,50,31,11,1
normal_008,0,large_component,0.5,40,0.99,5,299,48,28,5,1
normal_008,0,micro_cluster,0.5,40,0.99,5,299,48,28,5,1
normal_008,0,hybrid,0.5,40,0.99,5,299,48,28,5,1
normal_009,0,large_component,0.5,40,0.99,5,1227,38,37,6,0
normal_009,0,micro_cluster,0.5,40,0.99,5,1227,38,37,6,1
normal_009,0,hybrid,0.5,40,0.99,5,1227,38,37,6,1
normal_010,0,large_component,0.5,40,0.99,5,567,112,13,2,1
normal_010,0,micro_cluster,0.5,40,0.99,5,567,112,13,2,0
normal_010,0,hybrid,0.5,40,0.99,5,567,112,13,2,1
tumor_001,1,large_component,0.5,40,0.98,2,4582,1123,1276,595,1
tumor_001,1,micro_cluster,0.5,40,0.98,2,4582,1123,1276,595,1
tumor_001,1,hybrid,0.5,40,0.98,2,4582,1123,1276,595,1
tumor_002,1,large_component,0.5,40,0.98,2,3302,156,401,19,1
tumor_002,1,micro_cluster,0.5,40,0.98,2,3302,156,401,19,1
tumor_002,1,hybrid,0.5,40,0.98,2,3302,156,401,19,1
tumor_003,1,large_component,0.5,40,0.98,2,1731,322,467,262,1
tumor_003,1,micro_cluster,0.5,40,0.98,2,1731,322,467,262,1
tumor_003,1,hybrid,0.5,40,0.98,2,1731,322,467,262,1
tumor_004,1,large_component,0.5,40,0.98,2,2522,132,373,51,1
tumor_004,1,micro_cluster,0.5,40,0.98,2,2522,132,373,51,1
tumor_004,1,hybrid,0.5,40,0.98,2,2522,132,373,51,1
tumor_005,1,large_component,0.5,40,0.98,2,514,140,148,88,1
tumor_005,1,micro_cluster,0.5,40,0.98,2,514,140,148,88,1
tumor_005,1,hybrid,0.5,40,0.98,2,514,140,148,88,1
tumor_006,1,large_component,0.5,40,0.98,2,5845,139,591,54,1
tumor_006,1,micro_cluster,0.5,40,0.98,2,5845,139,591,54,1
tumor_006,1,hybrid,0.5,40,0.98,2,5845,139,591,54,1
tumor_007,1,large_component,0.5,40,0.98,2,5461,151,464,100,1
tumor_007,1,micro_cluster,0.5,40,0.98,2,5461,151,464,100,1
tumor_007,1,hybrid,0.5,40,0.98,2,5461,151,464,100,1
tumor_008,1,large_component,0.5,40,0.98,2,9261,328,831,40,1
tumor_008,1,micro_cluster,0.5,40,0.98,2,9261,328,831,40,1
tumor_008,1,hybrid,0.5,40,0.98,2,9261,328,831,40,1
tumor_009,1,large_component,0.5,40,0.98,2,39630,18285,9107,896,1
tumor_009,1,micro_cluster,0.5,40,0.98,2,39630,18285,9107,896,1
tumor_009,1,hybrid,0.5,40,0.98,2,39630,18285,9107,896,1
tumor_010,1,large_component,0.5,40,0.98,2,10721,626,1174,29,1
tumor_010,1,micro_cluster,0.5,40,0.98,2,10721,626,1174,29,1
tumor_010,1,hybrid,0.5,40,0.98,2,10721,626,1174,29,1
normal_001,0,large_component,0.5,40,0.98,2,353,120,67,17,1
normal_001,0,micro_cluster,0.5,40,0.98,2,353,120,67,17,1
normal_001,0,hybrid,0.5,40,0.98,2,353,120,67,17,1
normal_002,0,large_component,0.5,40,0.98,2,1031,84,114,18,1
normal_002,0,micro_cluster,0.5,40,0.98,2,1031,84,114,18,1
normal_002,0,hybrid,0.5,40,0.98,2,1031,84,114,18,1
normal_003,0,large_component,0.5,40,0.98,2,2227,221,267,31,1
normal_003,0,micro_cluster,0.5,40,0.98,2,2227,221,267,31,1
normal_003,0,hybrid,0.5,40,0.98,2,2227,221,267,31,1
normal_004,0,large_component,0.5,40,0.98,2,330,31,13,3,0
normal_004,0,micro_cluster,0.5,40,0.98,2,330,31,13,3,1
normal_004,0,hybrid,0.5,40,0.98,2,330,31,13,3,1
normal_005,0,large_component,0.5,40,0.98,2,350,28,48,6,0
normal_005,0,micro_cluster,0.5,40,0.98,2,350,28,48,6,1
normal_005,0,hybrid,0.5,40,0.98,2,350,28,48,6,1
normal_006,0,large_component,0.5,40,0.98,2,215,28,16,9,0
normal_006,0,micro_cluster,0.5,40,0.98,2,215,28,16,9,1
normal_006,0,hybrid,0.5,40,0.98,2,215,28,16,9,1
normal_007,0,large_component,0.5,40,0.98,2,276,50,47,18,1
normal_007,0,micro_cluster,0.5,40,0.98,2,276,50,47,18,1
normal_007,0,hybrid,0.5,40,0.98,2,276,50,47,18,1
normal_008,0,large_component,0.5,40,0.98,2,299,48,41,6,1
normal_008,0,micro_cluster,0.5,40,0.98,2,299,48,41,6,1
normal_008,0,hybrid,0.5,40,0.98,2,299,48,41,6,1
normal_009,0,large_component,0.5,40,0.98,2,1227,38,82,9,0
normal_009,0,micro_cluster,0.5,40,0.98,2,1227,38,82,9,1
normal_009,0,hybrid,0.5,40,0.98,2,1227,38,82,9,1
normal_010,0,large_component,0.5,40,0.98,2,567,112,27,3,1
normal_010,0,micro_cluster,0.5,40,0.98,2,567,112,27,3,1
normal_010,0,hybrid,0.5,40,0.98,2,567,112,27,3,1
tumor_001,1,large_component,0.5,40,0.98,3,4582,1123,1276,595,1
tumor_001,1,micro_cluster,0.5,40,0.98,3,4582,1123,1276,595,1
tumor_001,1,hybrid,0.5,40,0.98,3,4582,1123,1276,595,1
tumor_002,1,large_component,0.5,40,0.98,3,3302,156,401,19,1
tumor_002,1,micro_cluster,0.5,40,0.98,3,3302,156,401,19,1
tumor_002,1,hybrid,0.5,40,0.98,3,3302,156,401,19,1
tumor_003,1,large_component,0.5,40,0.98,3,1731,322,467,262,1
tumor_003,1,micro_cluster,0.5,40,0.98,3,1731,322,467,262,1
tumor_003,1,hybrid,0.5,40,0.98,3,1731,322,467,262,1
tumor_004,1,large_component,0.5,40,0.98,3,2522,132,373,51,1
tumor_004,1,micro_cluster,0.5,40,0.98,3,2522,132,373,51,1
tumor_004,1,hybrid,0.5,40,0.98,3,2522,132,373,51,1
tumor_005,1,large_component,0.5,40,0.98,3,514,140,148,88,1
tumor_005,1,micro_cluster,0.5,40,0.98,3,514,140,148,88,1
tumor_005,1,hybrid,0.5,40,0.98,3,514,140,148,88,1
tumor_006,1,large_component,0.5,40,0.98,3,5845,139,591,54,1
tumor_006,1,micro_cluster,0.5,40,0.98,3,5845,139,591,54,1
tumor_006,1,hybrid,0.5,40,0.98,3,5845,139,591,54,1
tumor_007,1,large_component,0.5,40,0.98,3,5461,151,464,100,1
tumor_007,1,micro_cluster,0.5,40,0.98,3,5461,151,464,100,1
tumor_007,1,hybrid,0.5,40,0.98,3,5461,151,464,100,1
tumor_008,1,large_component,0.5,40,0.98,3,9261,328,831,40,1
tumor_008,1,micro_cluster,0.5,40,0.98,3,9261,328,831,40,1
tumor_008,1,hybrid,0.5,40,0.98,3,9261,328,831,40,1
tumor_009,1,large_component,0.5,40,0.98,3,39630,18285,9107,896,1
tumor_009,1,micro_cluster,0.5,40,0.98,3,39630,18285,9107,896,1
tumor_009,1,hybrid,0.5,40,0.98,3,39630,18285,9107,896,1
tumor_010,1,large_component,0.5,40,0.98,3,10721,626,1174,29,1
tumor_010,1,micro_cluster,0.5,40,0.98,3,10721,626,1174,29,1
tumor_010,1,hybrid,0.5,40,0.98,3,10721,626,1174,29,1
normal_001,0,large_component,0.5,40,0.98,3,353,120,67,17,1
normal_001,0,micro_cluster,0.5,40,0.98,3,353,120,67,17,1
normal_001,0,hybrid,0.5,40,0.98,3,353,120,67,17,1
normal_002,0,large_component,0.5,40,0.98,3,1031,84,114,18,1
normal_002,0,micro_cluster,0.5,40,0.98,3,1031,84,114,18,1
normal_002,0,hybrid,0.5,40,0.98,3,1031,84,114,18,1
normal_003,0,large_component,0.5,40,0.98,3,2227,221,267,31,1
normal_003,0,micro_cluster,0.5,40,0.98,3,2227,221,267,31,1
normal_003,0,hybrid,0.5,40,0.98,3,2227,221,267,31,1
normal_004,0,large_component,0.5,40,0.98,3,330,31,13,3,0
normal_004,0,micro_cluster,0.5,40,0.98,3,330,31,13,3,1
normal_004,0,hybrid,0.5,40,0.98,3,330,31,13,3,1
normal_005,0,large_component,0.5,40,0.98,3,350,28,48,6,0
normal_005,0,micro_cluster,0.5,40,0.98,3,350,28,48,6,1
normal_005,0,hybrid,0.5,40,0.98,3,350,28,48,6,1
normal_006,0,large_component,0.5,40,0.98,3,215,28,16,9,0
normal_006,0,micro_cluster,0.5,40,0.98,3,215,28,16,9,1
normal_006,0,hybrid,0.5,40,0.98,3,215,28,16,9,1
normal_007,0,large_component,0.5,40,0.98,3,276,50,47,18,1
normal_007,0,micro_cluster,0.5,40,0.98,3,276,50,47,18,1
normal_007,0,hybrid,0.5,40,0.98,3,276,50,47,18,1
normal_008,0,large_component,0.5,40,0.98,3,299,48,41,6,1
normal_008,0,micro_cluster,0.5,40,0.98,3,299,48,41,6,1
normal_008,0,hybrid,0.5,40,0.98,3,299,48,41,6,1
normal_009,0,large_component,0.5,40,0.98,3,1227,38,82,9,0
normal_009,0,micro_cluster,0.5,40,0.98,3,1227,38,82,9,1
normal_009,0,hybrid,0.5,40,0.98,3,1227,38,82,9,1
normal_010,0,large_component,0.5,40,0.98,3,567,112,27,3,1
normal_010,0,micro_cluster,0.5,40,0.98,3,567,112,27,3,1
normal_010,0,hybrid,0.5,40,0.98,3,567,112,27,3,1
tumor_001,1,large_component,0.5,40,0.98,5,4582,1123,1276,595,1
tumor_001,1,micro_cluster,0.5,40,0.98,5,4582,1123,1276,595,1
tumor_001,1,hybrid,0.5,40,0.98,5,4582,1123,1276,595,1
tumor_002,1,large_component,0.5,40,0.98,5,3302,156,401,19,1
tumor_002,1,micro_cluster,0.5,40,0.98,5,3302,156,401,19,1
tumor_002,1,hybrid,0.5,40,0.98,5,3302,156,401,19,1
tumor_003,1,large_component,0.5,40,0.98,5,1731,322,467,262,1
tumor_003,1,micro_cluster,0.5,40,0.98,5,1731,322,467,262,1
tumor_003,1,hybrid,0.5,40,0.98,5,1731,322,467,262,1
tumor_004,1,large_component,0.5,40,0.98,5,2522,132,373,51,1
tumor_004,1,micro_cluster,0.5,40,0.98,5,2522,132,373,51,1
tumor_004,1,hybrid,0.5,40,0.98,5,2522,132,373,51,1
tumor_005,1,large_component,0.5,40,0.98,5,514,140,148,88,1
tumor_005,1,micro_cluster,0.5,40,0.98,5,514,140,148,88,1
tumor_005,1,hybrid,0.5,40,0.98,5,514,140,148,88,1
tumor_006,1,large_component,0.5,40,0.98,5,5845,139,591,54,1
tumor_006,1,micro_cluster,0.5,40,0.98,5,5845,139,591,54,1
tumor_006,1,hybrid,0.5,40,0.98,5,5845,139,591,54,1
tumor_007,1,large_component,0.5,40,0.98,5,5461,151,464,100,1
tumor_007,1,micro_cluster,0.5,40,0.98,5,5461,151,464,100,1
tumor_007,1,hybrid,0.5,40,0.98,5,5461,151,464,100,1
tumor_008,1,large_component,0.5,40,0.98,5,9261,328,831,40,1
tumor_008,1,micro_cluster,0.5,40,0.98,5,9261,328,831,40,1
tumor_008,1,hybrid,0.5,40,0.98,5,9261,328,831,40,1
tumor_009,1,large_component,0.5,40,0.98,5,39630,18285,9107,896,1
tumor_009,1,micro_cluster,0.5,40,0.98,5,39630,18285,9107,896,1
tumor_009,1,hybrid,0.5,40,0.98,5,39630,18285,9107,896,1
tumor_010,1,large_component,0.5,40,0.98,5,10721,626,1174,29,1
tumor_010,1,micro_cluster,0.5,40,0.98,5,10721,626,1174,29,1
tumor_010,1,hybrid,0.5,40,0.98,5,10721,626,1174,29,1
normal_001,0,large_component,0.5,40,0.98,5,353,120,67,17,1
normal_001,0,micro_cluster,0.5,40,0.98,5,353,120,67,17,1
normal_001,0,hybrid,0.5,40,0.98,5,353,120,67,17,1
normal_002,0,large_component,0.5,40,0.98,5,1031,84,114,18,1
normal_002,0,micro_cluster,0.5,40,0.98,5,1031,84,114,18,1
normal_002,0,hybrid,0.5,40,0.98,5,1031,84,114,18,1
normal_003,0,large_component,0.5,40,0.98,5,2227,221,267,31,1
normal_003,0,micro_cluster,0.5,40,0.98,5,2227,221,267,31,1
normal_003,0,hybrid,0.5,40,0.98,5,2227,221,267,31,1
normal_004,0,large_component,0.5,40,0.98,5,330,31,13,3,0
normal_004,0,micro_cluster,0.5,40,0.98,5,330,31,13,3,0
normal_004,0,hybrid,0.5,40,0.98,5,330,31,13,3,0
normal_005,0,large_component,0.5,40,0.98,5,350,28,48,6,0
normal_005,0,micro_cluster,0.5,40,0.98,5,350,28,48,6,1
normal_005,0,hybrid,0.5,40,0.98,5,350,28,48,6,1
normal_006,0,large_component,0.5,40,0.98,5,215,28,16,9,0
normal_006,0,micro_cluster,0.5,40,0.98,5,215,28,16,9,1
normal_006,0,hybrid,0.5,40,0.98,5,215,28,16,9,1
normal_007,0,large_component,0.5,40,0.98,5,276,50,47,18,1
normal_007,0,micro_cluster,0.5,40,0.98,5,276,50,47,18,1
normal_007,0,hybrid,0.5,40,0.98,5,276,50,47,18,1
normal_008,0,large_component,0.5,40,0.98,5,299,48,41,6,1
normal_008,0,micro_cluster,0.5,40,0.98,5,299,48,41,6,1
normal_008,0,hybrid,0.5,40,0.98,5,299,48,41,6,1
normal_009,0,large_component,0.5,40,0.98,5,1227,38,82,9,0
normal_009,0,micro_cluster,0.5,40,0.98,5,1227,38,82,9,1
normal_009,0,hybrid,0.5,40,0.98,5,1227,38,82,9,1
normal_010,0,large_component,0.5,40,0.98,5,567,112,27,3,1
normal_010,0,micro_cluster,0.5,40,0.98,5,567,112,27,3,0
normal_010,0,hybrid,0.5,40,0.98,5,567,112,27,3,1
tumor_001,1,large_component,0.5,40,0.95,2,4582,1123,1700,649,1
tumor_001,1,micro_cluster,0.5,40,0.95,2,4582,1123,1700,649,1
tumor_001,1,hybrid,0.5,40,0.95,2,4582,1123,1700,649,1
tumor_002,1,large_component,0.5,40,0.95,2,3302,156,712,22,1
tumor_002,1,micro_cluster,0.5,40,0.95,2,3302,156,712,22,1
tumor_002,1,hybrid,0.5,40,0.95,2,3302,156,712,22,1
tumor_003,1,large_component,0.5,40,0.95,2,1731,322,616,279,1
tumor_003,1,micro_cluster,0.5,40,0.95,2,1731,322,616,279,1
tumor_003,1,hybrid,0.5,40,0.95,2,1731,322,616,279,1
tumor_004,1,large_component,0.5,40,0.95,2,2522,132,583,67,1
tumor_004,1,micro_cluster,0.5,40,0.95,2,2522,132,583,67,1
tumor_004,1,hybrid,0.5,40,0.95,2,2522,132,583,67,1
tumor_005,1,large_component,0.5,40,0.95,2,514,140,187,115,1
tumor_005,1,micro_cluster,0.5,40,0.95,2,514,140,187,115,1
tumor_005,1,hybrid,0.5,40,0.95,2,514,140,187,115,1
tumor_006,1,large_component,0.5,40,0.95,2,5845,139,1006,56,1
tumor_006,1,micro_cluster,0.5,40,0.95,2,5845,139,1006,56,1
tumor_006,1,hybrid,0.5,40,0.95,2,5845,139,1006,56,1
tumor_007,1,large_component,0.5,40,0.95,2,5461,151,866,104,1
tumor_007,1,micro_cluster,0.5,40,0.95,2,5461,151,866,104,1
tumor_007,1,hybrid,0.5,40,0.95,2,5461,151,866,104,1
tumor_008,1,large_component,0.5,40,0.95,2,9261,328,1618,103,1
tumor_008,1,micro_cluster,0.5,40,0.95,2,9261,328,1618,103,1
tumor_008,1,hybrid,0.5,40,0.95,2,9261,328,1618,103,1
tumor_009,1,large_component,0.5,40,0.95,2,39630,18285,14237,2591,1
tumor_009,1,micro_cluster,0.5,40,0.95,2,39630,18285,14237,2591,1
tumor_009,1,hybrid,0.5,40,0.95,2,39630,18285,14237,2591,1
tumor_010,1,large_component,0.5,40,0.95,2,10721,626,2142,62,1
tumor_010,1,micro_cluster,0.5,40,0.95,2,10721,626,2142,62,1
tumor_010,1,hybrid,0.5,40,0.95,2,10721,626,2142,62,1
normal_001,0,large_component,0.5,40,0.95,2,353,120,104,40,1
normal_001,0,micro_cluster,0.5,40,0.95,2,353,120,104,40,1
normal_001,0,hybrid,0.5,40,0.95,2,353,120,104,40,1
normal_002,0,large_component,0.5,40,0.95,2,1031,84,207,29,1
normal_002,0,micro_cluster,0.5,40,0.95,2,1031,84,207,29,1
normal_002,0,hybrid,0.5,40,0.95,2,1031,84,207,29,1
normal_003,0,large_component,0.5,40,0.95,2,2227,221,513,41,1
normal_003,0,micro_cluster,0.5,40,0.95,2,2227,221,513,41,1
normal_003,0,hybrid,0.5,40,0.95,2,2227,221,513,41,1
normal_004,0,large_component,0.5,40,0.95,2,330,31,28,3,0
normal_004,0,micro_cluster,0.5,40,0.95,2,330,31,28,3,1
normal_004,0,hybrid,0.5,40,0.95,2,330,31,28,3,1
normal_005,0,large_component,0.5,40,0.95,2,350,28,87,6,0
normal_005,0,micro_cluster,0.5,40,0.95,2,350,28,87,6,1
normal_005,0,hybrid,0.5,40,0.95,2,350,28,87,6,1
normal_006,0,large_component,0.5,40,0.95,2,215,28,35,20,0
normal_006,0,micro_cluster,0.5,40,0.95,2,215,28,35,20,1
normal_006,0,hybrid,0.5,40,0.95,2,215,28,35,20,1
normal_007,0,large_component,0.5,40,0.95,2,276,50,70,21,1
normal_007,0,micro_cluster,0.5,40,0.95,2,276,50,70,21,1
normal_007,0,hybrid,0.5,40,0.95,2,276,50,70,21,1
normal_008,0,large_component,0.5,40,0.95,2,299,48,79,11,1
normal_008,0,micro_cluster,0.5,40,0.95,2,299,48,79,11,1
normal_008,0,hybrid,0.5,40,0.95,2,299,48,79,11,1
normal_009,0,large_component,0.5,40,0.95,2,1227,38,162,13,0
normal_009,0,micro_cluster,0.5,40,0.95,2,1227,38,162,13,1
normal_009,0,hybrid,0.5,40,0.95,2,1227,38,162,13,1
normal_010,0,large_component,0.5,40,0.95,2,567,112,68,8,1
normal_010,0,micro_cluster,0.5,40,0.95,2,567,112,68,8,1
normal_010,0,hybrid,0.5,40,0.95,2,567,112,68,8,1
tumor_001,1,large_component,0.5,40,0.95,3,4582,1123,1700,649,1
tumor_001,1,micro_cluster,0.5,40,0.95,3,4582,1123,1700,649,1
tumor_001,1,hybrid,0.5,40,0.95,3,4582,1123,1700,649,1
tumor_002,1,large_component,0.5,40,0.95,3,3302,156,712,22,1
tumor_002,1,micro_cluster,0.5,40,0.95,3,3302,156,712,22,1
tumor_002,1,hybrid,0.5,40,0.95,3,3302,156,712,22,1
tumor_003,1,large_component,0.5,40,0.95,3,1731,322,616,279,1
tumor_003,1,micro_cluster,0.5,40,0.95,3,1731,322,616,279,1
tumor_003,1,hybrid,0.5,40,0.95,3,1731,322,616,279,1
tumor_004,1,large_component,0.5,40,0.95,3,2522,132,583,67,1
tumor_004,1,micro_cluster,0.5,40,0.95,3,2522,132,583,67,1
tumor_004,1,hybrid,0.5,40,0.95,3,2522,132,583,67,1
tumor_005,1,large_component,0.5,40,0.95,3,514,140,187,115,1
tumor_005,1,micro_cluster,0.5,40,0.95,3,514,140,187,115,1
tumor_005,1,hybrid,0.5,40,0.95,3,514,140,187,115,1
tumor_006,1,large_component,0.5,40,0.95,3,5845,139,1006,56,1
tumor_006,1,micro_cluster,0.5,40,0.95,3,5845,139,1006,56,1
tumor_006,1,hybrid,0.5,40,0.95,3,5845,139,1006,56,1
tumor_007,1,large_component,0.5,40,0.95,3,5461,151,866,104,1
tumor_007,1,micro_cluster,0.5,40,0.95,3,5461,151,866,104,1
tumor_007,1,hybrid,0.5,40,0.95,3,5461,151,866,104,1
tumor_008,1,large_component,0.5,40,0.95,3,9261,328,1618,103,1
tumor_008,1,micro_cluster,0.5,40,0.95,3,9261,328,1618,103,1
tumor_008,1,hybrid,0.5,40,0.95,3,9261,328,1618,103,1
tumor_009,1,large_component,0.5,40,0.95,3,39630,18285,14237,2591,1
tumor_009,1,micro_cluster,0.5,40,0.95,3,39630,18285,14237,2591,1
tumor_009,1,hybrid,0.5,40,0.95,3,39630,18285,14237,2591,1
tumor_010,1,large_component,0.5,40,0.95,3,10721,626,2142,62,1
tumor_010,1,micro_cluster,0.5,40,0.95,3,10721,626,2142,62,1
tumor_010,1,hybrid,0.5,40,0.95,3,10721,626,2142,62,1
normal_001,0,large_component,0.5,40,0.95,3,353,120,104,40,1
normal_001,0,micro_cluster,0.5,40,0.95,3,353,120,104,40,1
normal_001,0,hybrid,0.5,40,0.95,3,353,120,104,40,1
normal_002,0,large_component,0.5,40,0.95,3,1031,84,207,29,1
normal_002,0,micro_cluster,0.5,40,0.95,3,1031,84,207,29,1
normal_002,0,hybrid,0.5,40,0.95,3,1031,84,207,29,1
normal_003,0,large_component,0.5,40,0.95,3,2227,221,513,41,1
normal_003,0,micro_cluster,0.5,40,0.95,3,2227,221,513,41,1
normal_003,0,hybrid,0.5,40,0.95,3,2227,221,513,41,1
normal_004,0,large_component,0.5,40,0.95,3,330,31,28,3,0
normal_004,0,micro_cluster,0.5,40,0.95,3,330,31,28,3,1
normal_004,0,hybrid,0.5,40,0.95,3,330,31,28,3,1
normal_005,0,large_component,0.5,40,0.95,3,350,28,87,6,0
normal_005,0,micro_cluster,0.5,40,0.95,3,350,28,87,6,1
normal_005,0,hybrid,0.5,40,0.95,3,350,28,87,6,1
normal_006,0,large_component,0.5,40,0.95,3,215,28,35,20,0
normal_006,0,micro_cluster,0.5,40,0.95,3,215,28,35,20,1
normal_006,0,hybrid,0.5,40,0.95,3,215,28,35,20,1
normal_007,0,large_component,0.5,40,0.95,3,276,50,70,21,1
normal_007,0,micro_cluster,0.5,40,0.95,3,276,50,70,21,1
normal_007,0,hybrid,0.5,40,0.95,3,276,50,70,21,1
normal_008,0,large_component,0.5,40,0.95,3,299,48,79,11,1
normal_008,0,micro_cluster,0.5,40,0.95,3,299,48,79,11,1
normal_008,0,hybrid,0.5,40,0.95,3,299,48,79,11,1
normal_009,0,large_component,0.5,40,0.95,3,1227,38,162,13,0
normal_009,0,micro_cluster,0.5,40,0.95,3,1227,38,162,13,1
normal_009,0,hybrid,0.5,40,0.95,3,1227,38,162,13,1
normal_010,0,large_component,0.5,40,0.95,3,567,112,68,8,1
normal_010,0,micro_cluster,0.5,40,0.95,3,567,112,68,8,1
normal_010,0,hybrid,0.5,40,0.95,3,567,112,68,8,1
tumor_001,1,large_component,0.5,40,0.95,5,4582,1123,1700,649,1
tumor_001,1,micro_cluster,0.5,40,0.95,5,4582,1123,1700,649,1
tumor_001,1,hybrid,0.5,40,0.95,5,4582,1123,1700,649,1
tumor_002,1,large_component,0.5,40,0.95,5,3302,156,712,22,1
tumor_002,1,micro_cluster,0.5,40,0.95,5,3302,156,712,22,1
tumor_002,1,hybrid,0.5,40,0.95,5,3302,156,712,22,1
tumor_003,1,large_component,0.5,40,0.95,5,1731,322,616,279,1
tumor_003,1,micro_cluster,0.5,40,0.95,5,1731,322,616,279,1
tumor_003,1,hybrid,0.5,40,0.95,5,1731,322,616,279,1
tumor_004,1,large_component,0.5,40,0.95,5,2522,132,583,67,1
tumor_004,1,micro_cluster,0.5,40,0.95,5,2522,132,583,67,1
tumor_004,1,hybrid,0.5,40,0.95,5,2522,132,583,67,1
tumor_005,1,large_component,0.5,40,0.95,5,514,140,187,115,1
tumor_005,1,micro_cluster,0.5,40,0.95,5,514,140,187,115,1
tumor_005,1,hybrid,0.5,40,0.95,5,514,140,187,115,1
tumor_006,1,large_component,0.5,40,0.95,5,5845,139,1006,56,1
tumor_006,1,micro_cluster,0.5,40,0.95,5,5845,139,1006,56,1
tumor_006,1,hybrid,0.5,40,0.95,5,5845,139,1006,56,1
tumor_007,1,large_component,0.5,40,0.95,5,5461,151,866,104,1
tumor_007,1,micro_cluster,0.5,40,0.95,5,5461,151,866,104,1
tumor_007,1,hybrid,0.5,40,0.95,5,5461,151,866,104,1
tumor_008,1,large_component,0.5,40,0.95,5,9261,328,1618,103,1
tumor_008,1,micro_cluster,0.5,40,0.95,5,9261,328,1618,103,1
tumor_008,1,hybrid,0.5,40,0.95,5,9261,328,1618,103,1
tumor_009,1,large_component,0.5,40,0.95,5,39630,18285,14237,2591,1
tumor_009,1,micro_cluster,0.5,40,0.95,5,39630,18285,14237,2591,1
tumor_009,1,hybrid,0.5,40,0.95,5,39630,18285,14237,2591,1
tumor_010,1,large_component,0.5,40,0.95,5,10721,626,2142,62,1
tumor_010,1,micro_cluster,0.5,40,0.95,5,10721,626,2142,62,1
tumor_010,1,hybrid,0.5,40,0.95,5,10721,626,2142,62,1
normal_001,0,large_component,0.5,40,0.95,5,353,120,104,40,1
normal_001,0,micro_cluster,0.5,40,0.95,5,353,120,104,40,1
normal_001,0,hybrid,0.5,40,0.95,5,353,120,104,40,1
normal_002,0,large_component,0.5,40,0.95,5,1031,84,207,29,1
normal_002,0,micro_cluster,0.5,40,0.95,5,1031,84,207,29,1
normal_002,0,hybrid,0.5,40,0.95,5,1031,84,207,29,1
normal_003,0,large_component,0.5,40,0.95,5,2227,221,513,41,1
normal_003,0,micro_cluster,0.5,40,0.95,5,2227,221,513,41,1
normal_003,0,hybrid,0.5,40,0.95,5,2227,221,513,41,1
normal_004,0,large_component,0.5,40,0.95,5,330,31,28,3,0
normal_004,0,micro_cluster,0.5,40,0.95,5,330,31,28,3,0
normal_004,0,hybrid,0.5,40,0.95,5,330,31,28,3,0
normal_005,0,large_component,0.5,40,0.95,5,350,28,87,6,0
normal_005,0,micro_cluster,0.5,40,0.95,5,350,28,87,6,1
normal_005,0,hybrid,0.5,40,0.95,5,350,28,87,6,1
normal_006,0,large_component,0.5,40,0.95,5,215,28,35,20,0
normal_006,0,micro_cluster,0.5,40,0.95,5,215,28,35,20,1
normal_006,0,hybrid,0.5,40,0.95,5,215,28,35,20,1
normal_007,0,large_component,0.5,40,0.95,5,276,50,70,21,1
normal_007,0,micro_cluster,0.5,40,0.95,5,276,50,70,21,1
normal_007,0,hybrid,0.5,40,0.95,5,276,50,70,21,1
normal_008,0,large_component,0.5,40,0.95,5,299,48,79,11,1
normal_008,0,micro_cluster,0.5,40,0.95,5,299,48,79,11,1
normal_008,0,hybrid,0.5,40,0.95,5,299,48,79,11,1
normal_009,0,large_component,0.5,40,0.95,5,1227,38,162,13,0
normal_009,0,micro_cluster,0.5,40,0.95,5,1227,38,162,13,1
normal_009,0,hybrid,0.5,40,0.95,5,1227,38,162,13,1
normal_010,0,large_component,0.5,40,0.95,5,567,112,68,8,1
normal_010,0,micro_cluster,0.5,40,0.95,5,567,112,68,8,1
normal_010,0,hybrid,0.5,40,0.95,5,567,112,68,8,1
tumor_001,1,large_component,0.5,50,0.99,2,4582,1123,1050,543,1
tumor_001,1,micro_cluster,0.5,50,0.99,2,4582,1123,1050,543,1
tumor_001,1,hybrid,0.5,50,0.99,2,4582,1123,1050,543,1
tumor_002,1,large_component,0.5,50,0.99,2,3302,156,254,16,1
tumor_002,1,micro_cluster,0.5,50,0.99,2,3302,156,254,16,1
tumor_002,1,hybrid,0.5,50,0.99,2,3302,156,254,16,1
tumor_003,1,large_component,0.5,50,0.99,2,1731,322,407,251,1
tumor_003,1,micro_cluster,0.5,50,0.99,2,1731,322,407,251,1
tumor_003,1,hybrid,0.5,50,0.99,2,1731,322,407,251,1
tumor_004,1,large_component,0.5,50,0.99,2,2522,132,263,44,1
tumor_004,1,micro_cluster,0.5,50,0.99,2,2522,132,263,44,1
tumor_004,1,hybrid,0.5,50,0.99,2,2522,132,263,44,1
tumor_005,1,large_component,0.5,50,0.99,2,514,140,129,79,1
tumor_005,1,micro_cluster,0.5,50,0.99,2,514,140,129,79,1
tumor_005,1,hybrid,0.5,50,0.99,2,514,140,129,79,1
tumor_006,1,large_component,0.5,50,0.99,2,5845,139,374,51,1
tumor_006,1,micro_cluster,0.5,50,0.99,2,5845,139,374,51,1
tumor_006,1,hybrid,0.5,50,0.99,2,5845,139,374,51,1
tumor_007,1,large_component,0.5,50,0.99,2,5461,151,300,90,1
tumor_007,1,micro_cluster,0.5,50,0.99,2,5461,151,300,90,1
tumor_007,1,hybrid,0.5,50,0.99,2,5461,151,300,90,1
tumor_008,1,large_component,0.5,50,0.99,2,9261,328,485,10,1
tumor_008,1,micro_cluster,0.5,50,0.99,2,9261,328,485,10,1
tumor_008,1,hybrid,0.5,50,0.99,2,9261,328,485,10,1
tumor_009,1,large_component,0.5,50,0.99,2,39630,18285,6309,502,1
tumor_009,1,micro_cluster,0.5,50,0.99,2,39630,18285,6309,502,1
tumor_009,1,hybrid,0.5,50,0.99,2,39630,18285,6309,502,1
tumor_010,1,large_component,0.5,50,0.99,2,10721,626,733,28,1
tumor_010,1,micro_cluster,0.5,50,0.99,2,10721,626,733,28,1
tumor_010,1,hybrid,0.5,50,0.99,2,10721,626,733,28,1
normal_001,0,large_component,0.5,50,0.99,2,353,120,50,16,1
normal_001,0,micro_cluster,0.5,50,0.99,2,353,120,50,16,1
normal_001,0,hybrid,0.5,50,0.99,2,353,120,50,16,1
normal_002,0,large_component,0.5,50,0.99,2,1031,84,78,11,1
normal_002,0,micro_cluster,0.5,50,0.99,2,1031,84,78,11,1
normal_002,0,hybrid,0.5,50,0.99,2,1031,84,78,11,1
normal_003,0,large_component,0.5,50,0.99,2,2227,221,171,11,1
normal_003,0,micro_cluster,0.5,50,0.99,2,2227,221,171,11,1
normal_003,0,hybrid,0.5,50,0.99,2,2227,221,171,11,1
normal_004,0,large_component,0.5,50,0.99,2,330,31,7,1,0
normal_004,0,micro_cluster,0.5,50,0.99,2,330,31,7,1,0
normal_004,0,hybrid,0.5,50,0.99,2,330,31,7,1,0
normal_005,0,large_component,0.5,50,0.99,2,350,28,33,4,0
normal_005,0,micro_cluster,0.5,50,0.99,2,350,28,33,4,1
normal_005,0,hybrid,0.5,50,0.99,2,350,28,33,4,1
normal_006,0,large_component,0.5,50,0.99,2,215,28,6,6,0
normal_006,0,micro_cluster,0.5,50,0.99,2,215,28,6,6,1
normal_006,0,hybrid,0.5,50,0.99,2,215,28,6,6,1
normal_007,0,large_component,0.5,50,0.99,2,276,50,31,11,1
normal_007,0,micro_cluster,0.5,50,0.99,2,276,50,31,11,1
normal_007,0,hybrid,0.5,50,0.99,2,276,50,31,11,1
normal_008,0,large_component,0.5,50,0.99,2,299,48,28,5,0
normal_008,0,micro_cluster,0.5,50,0.99,2,299,48,28,5,1
normal_008,0,hybrid,0.5,50,0.99,2,299,48,28,5,1
normal_009,0,large_component,0.5,50,0.99,2,1227,38,37,6,0
normal_009,0,micro_cluster,0.5,50,0.99,2,1227,38,37,6,1
normal_009,0,hybrid,0.5,50,0.99,2,1227,38,37,6,1
normal_010,0,large_component,0.5,50,0.99,2,567,112,13,2,1
normal_010,0,micro_cluster,0.5,50,0.99,2,567,112,13,2,1
normal_010,0,hybrid,0.5,50,0.99,2,567,112,13,2,1
tumor_001,1,large_component,0.5,50,0.99,3,4582,1123,1050,543,1
tumor_001,1,micro_cluster,0.5,50,0.99,3,4582,1123,1050,543,1
tumor_001,1,hybrid,0.5,50,0.99,3,4582,1123,1050,543,1
tumor_002,1,large_component,0.5,50,0.99,3,3302,156,254,16,1
tumor_002,1,micro_cluster,0.5,50,0.99,3,3302,156,254,16,1
tumor_002,1,hybrid,0.5,50,0.99,3,3302,156,254,16,1
tumor_003,1,large_component,0.5,50,0.99,3,1731,322,407,251,1
tumor_003,1,micro_cluster,0.5,50,0.99,3,1731,322,407,251,1
tumor_003,1,hybrid,0.5,50,0.99,3,1731,322,407,251,1
tumor_004,1,large_component,0.5,50,0.99,3,2522,132,263,44,1
tumor_004,1,micro_cluster,0.5,50,0.99,3,2522,132,263,44,1
tumor_004,1,hybrid,0.5,50,0.99,3,2522,132,263,44,1
tumor_005,1,large_component,0.5,50,0.99,3,514,140,129,79,1
tumor_005,1,micro_cluster,0.5,50,0.99,3,514,140,129,79,1
tumor_005,1,hybrid,0.5,50,0.99,3,514,140,129,79,1
tumor_006,1,large_component,0.5,50,0.99,3,5845,139,374,51,1
tumor_006,1,micro_cluster,0.5,50,0.99,3,5845,139,374,51,1
tumor_006,1,hybrid,0.5,50,0.99,3,5845,139,374,51,1
tumor_007,1,large_component,0.5,50,0.99,3,5461,151,300,90,1
tumor_007,1,micro_cluster,0.5,50,0.99,3,5461,151,300,90,1
tumor_007,1,hybrid,0.5,50,0.99,3,5461,151,300,90,1
tumor_008,1,large_component,0.5,50,0.99,3,9261,328,485,10,1
tumor_008,1,micro_cluster,0.5,50,0.99,3,9261,328,485,10,1
tumor_008,1,hybrid,0.5,50,0.99,3,9261,328,485,10,1
tumor_009,1,large_component,0.5,50,0.99,3,39630,18285,6309,502,1
tumor_009,1,micro_cluster,0.5,50,0.99,3,39630,18285,6309,502,1
tumor_009,1,hybrid,0.5,50,0.99,3,39630,18285,6309,502,1
tumor_010,1,large_component,0.5,50,0.99,3,10721,626,733,28,1
tumor_010,1,micro_cluster,0.5,50,0.99,3,10721,626,733,28,1
tumor_010,1,hybrid,0.5,50,0.99,3,10721,626,733,28,1
normal_001,0,large_component,0.5,50,0.99,3,353,120,50,16,1
normal_001,0,micro_cluster,0.5,50,0.99,3,353,120,50,16,1
normal_001,0,hybrid,0.5,50,0.99,3,353,120,50,16,1
normal_002,0,large_component,0.5,50,0.99,3,1031,84,78,11,1
normal_002,0,micro_cluster,0.5,50,0.99,3,1031,84,78,11,1
normal_002,0,hybrid,0.5,50,0.99,3,1031,84,78,11,1
normal_003,0,large_component,0.5,50,0.99,3,2227,221,171,11,1
normal_003,0,micro_cluster,0.5,50,0.99,3,2227,221,171,11,1
normal_003,0,hybrid,0.5,50,0.99,3,2227,221,171,11,1
normal_004,0,large_component,0.5,50,0.99,3,330,31,7,1,0
normal_004,0,micro_cluster,0.5,50,0.99,3,330,31,7,1,0
normal_004,0,hybrid,0.5,50,0.99,3,330,31,7,1,0
normal_005,0,large_component,0.5,50,0.99,3,350,28,33,4,0
normal_005,0,micro_cluster,0.5,50,0.99,3,350,28,33,4,1
normal_005,0,hybrid,0.5,50,0.99,3,350,28,33,4,1
normal_006,0,large_component,0.5,50,0.99,3,215,28,6,6,0
normal_006,0,micro_cluster,0.5,50,0.99,3,215,28,6,6,1
normal_006,0,hybrid,0.5,50,0.99,3,215,28,6,6,1
normal_007,0,large_component,0.5,50,0.99,3,276,50,31,11,1
normal_007,0,micro_cluster,0.5,50,0.99,3,276,50,31,11,1
normal_007,0,hybrid,0.5,50,0.99,3,276,50,31,11,1
normal_008,0,large_component,0.5,50,0.99,3,299,48,28,5,0
normal_008,0,micro_cluster,0.5,50,0.99,3,299,48,28,5,1
normal_008,0,hybrid,0.5,50,0.99,3,299,48,28,5,1
normal_009,0,large_component,0.5,50,0.99,3,1227,38,37,6,0
normal_009,0,micro_cluster,0.5,50,0.99,3,1227,38,37,6,1
normal_009,0,hybrid,0.5,50,0.99,3,1227,38,37,6,1
normal_010,0,large_component,0.5,50,0.99,3,567,112,13,2,1
normal_010,0,micro_cluster,0.5,50,0.99,3,567,112,13,2,0
normal_010,0,hybrid,0.5,50,0.99,3,567,112,13,2,1
tumor_001,1,large_component,0.5,50,0.99,5,4582,1123,1050,543,1
tumor_001,1,micro_cluster,0.5,50,0.99,5,4582,1123,1050,543,1
tumor_001,1,hybrid,0.5,50,0.99,5,4582,1123,1050,543,1
tumor_002,1,large_component,0.5,50,0.99,5,3302,156,254,16,1
tumor_002,1,micro_cluster,0.5,50,0.99,5,3302,156,254,16,1
tumor_002,1,hybrid,0.5,50,0.99,5,3302,156,254,16,1
tumor_003,1,large_component,0.5,50,0.99,5,1731,322,407,251,1
tumor_003,1,micro_cluster,0.5,50,0.99,5,1731,322,407,251,1
tumor_003,1,hybrid,0.5,50,0.99,5,1731,322,407,251,1
tumor_004,1,large_component,0.5,50,0.99,5,2522,132,263,44,1
tumor_004,1,micro_cluster,0.5,50,0.99,5,2522,132,263,44,1
tumor_004,1,hybrid,0.5,50,0.99,5,2522,132,263,44,1
tumor_005,1,large_component,0.5,50,0.99,5,514,140,129,79,1
tumor_005,1,micro_cluster,0.5,50,0.99,5,514,140,129,79,1
tumor_005,1,hybrid,0.5,50,0.99,5,514,140,129,79,1
tumor_006,1,large_component,0.5,50,0.99,5,5845,139,374,51,1
tumor_006,1,micro_cluster,0.5,50,0.99,5,5845,139,374,51,1
tumor_006,1,hybrid,0.5,50,0.99,5,5845,139,374,51,1
tumor_007,1,large_component,0.5,50,0.99,5,5461,151,300,90,1
tumor_007,1,micro_cluster,0.5,50,0.99,5,5461,151,300,90,1
tumor_007,1,hybrid,0.5,50,0.99,5,5461,151,300,90,1
tumor_008,1,large_component,0.5,50,0.99,5,9261,328,485,10,1
tumor_008,1,micro_cluster,0.5,50,0.99,5,9261,328,485,10,1
tumor_008,1,hybrid,0.5,50,0.99,5,9261,328,485,10,1
tumor_009,1,large_component,0.5,50,0.99,5,39630,18285,6309,502,1
tumor_009,1,micro_cluster,0.5,50,0.99,5,39630,18285,6309,502,1
tumor_009,1,hybrid,0.5,50,0.99,5,39630,18285,6309,502,1
tumor_010,1,large_component,0.5,50,0.99,5,10721,626,733,28,1
tumor_010,1,micro_cluster,0.5,50,0.99,5,10721,626,733,28,1
tumor_010,1,hybrid,0.5,50,0.99,5,10721,626,733,28,1
normal_001,0,large_component,0.5,50,0.99,5,353,120,50,16,1
normal_001,0,micro_cluster,0.5,50,0.99,5,353,120,50,16,1
normal_001,0,hybrid,0.5,50,0.99,5,353,120,50,16,1
normal_002,0,large_component,0.5,50,0.99,5,1031,84,78,11,1
normal_002,0,micro_cluster,0.5,50,0.99,5,1031,84,78,11,1
normal_002,0,hybrid,0.5,50,0.99,5,1031,84,78,11,1
normal_003,0,large_component,0.5,50,0.99,5,2227,221,171,11,1
normal_003,0,micro_cluster,0.5,50,0.99,5,2227,221,171,11,1
normal_003,0,hybrid,0.5,50,0.99,5,2227,221,171,11,1
normal_004,0,large_component,0.5,50,0.99,5,330,31,7,1,0
normal_004,0,micro_cluster,0.5,50,0.99,5,330,31,7,1,0
normal_004,0,hybrid,0.5,50,0.99,5,330,31,7,1,0
normal_005,0,large_component,0.5,50,0.99,5,350,28,33,4,0
normal_005,0,micro_cluster,0.5,50,0.99,5,350,28,33,4,0
normal_005,0,hybrid,0.5,50,0.99,5,350,28,33,4,0
normal_006,0,large_component,0.5,50,0.99,5,215,28,6,6,0
normal_006,0,micro_cluster,0.5,50,0.99,5,215,28,6,6,1
normal_006,0,hybrid,0.5,50,0.99,5,215,28,6,6,1
normal_007,0,large_component,0.5,50,0.99,5,276,50,31,11,1
normal_007,0,micro_cluster,0.5,50,0.99,5,276,50,31,11,1
normal_007,0,hybrid,0.5,50,0.99,5,276,50,31,11,1
normal_008,0,large_component,0.5,50,0.99,5,299,48,28,5,0
normal_008,0,micro_cluster,0.5,50,0.99,5,299,48,28,5,1
normal_008,0,hybrid,0.5,50,0.99,5,299,48,28,5,1
normal_009,0,large_component,0.5,50,0.99,5,1227,38,37,6,0
normal_009,0,micro_cluster,0.5,50,0.99,5,1227,38,37,6,1
normal_009,0,hybrid,0.5,50,0.99,5,1227,38,37,6,1
normal_010,0,large_component,0.5,50,0.99,5,567,112,13,2,1
normal_010,0,micro_cluster,0.5,50,0.99,5,567,112,13,2,0
normal_010,0,hybrid,0.5,50,0.99,5,567,112,13,2,1
tumor_001,1,large_component,0.5,50,0.98,2,4582,1123,1276,595,1
tumor_001,1,micro_cluster,0.5,50,0.98,2,4582,1123,1276,595,1
tumor_001,1,hybrid,0.5,50,0.98,2,4582,1123,1276,595,1
tumor_002,1,large_component,0.5,50,0.98,2,3302,156,401,19,1
tumor_002,1,micro_cluster,0.5,50,0.98,2,3302,156,401,19,1
tumor_002,1,hybrid,0.5,50,0.98,2,3302,156,401,19,1
tumor_003,1,large_component,0.5,50,0.98,2,1731,322,467,262,1
tumor_003,1,micro_cluster,0.5,50,0.98,2,1731,322,467,262,1
tumor_003,1,hybrid,0.5,50,0.98,2,1731,322,467,262,1
tumor_004,1,large_component,0.5,50,0.98,2,2522,132,373,51,1
tumor_004,1,micro_cluster,0.5,50,0.98,2,2522,132,373,51,1
tumor_004,1,hybrid,0.5,50,0.98,2,2522,132,373,51,1
tumor_005,1,large_component,0.5,50,0.98,2,514,140,148,88,1
tumor_005,1,micro_cluster,0.5,50,0.98,2,514,140,148,88,1
tumor_005,1,hybrid,0.5,50,0.98,2,514,140,148,88,1
tumor_006,1,large_component,0.5,50,0.98,2,5845,139,591,54,1
tumor_006,1,micro_cluster,0.5,50,0.98,2,5845,139,591,54,1
tumor_006,1,hybrid,0.5,50,0.98,2,5845,139,591,54,1
tumor_007,1,large_component,0.5,50,0.98,2,5461,151,464,100,1
tumor_007,1,micro_cluster,0.5,50,0.98,2,5461,151,464,100,1
tumor_007,1,hybrid,0.5,50,0.98,2,5461,151,464,100,1
tumor_008,1,large_component,0.5,50,0.98,2,9261,328,831,40,1
tumor_008,1,micro_cluster,0.5,50,0.98,2,9261,328,831,40,1
tumor_008,1,hybrid,0.5,50,0.98,2,9261,328,831,40,1
tumor_009,1,large_component,0.5,50,0.98,2,39630,18285,9107,896,1
tumor_009,1,micro_cluster,0.5,50,0.98,2,39630,18285,9107,896,1
tumor_009,1,hybrid,0.5,50,0.98,2,39630,18285,9107,896,1
tumor_010,1,large_component,0.5,50,0.98,2,10721,626,1174,29,1
tumor_010,1,micro_cluster,0.5,50,0.98,2,10721,626,1174,29,1
tumor_010,1,hybrid,0.5,50,0.98,2,10721,626,1174,29,1
normal_001,0,large_component,0.5,50,0.98,2,353,120,67,17,1
normal_001,0,micro_cluster,0.5,50,0.98,2,353,120,67,17,1
normal_001,0,hybrid,0.5,50,0.98,2,353,120,67,17,1
normal_002,0,large_component,0.5,50,0.98,2,1031,84,114,18,1
normal_002,0,micro_cluster,0.5,50,0.98,2,1031,84,114,18,1
normal_002,0,hybrid,0.5,50,0.98,2,1031,84,114,18,1
normal_003,0,large_component,0.5,50,0.98,2,2227,221,267,31,1
normal_003,0,micro_cluster,0.5,50,0.98,2,2227,221,267,31,1
normal_003,0,hybrid,0.5,50,0.98,2,2227,221,267,31,1
normal_004,0,large_component,0.5,50,0.98,2,330,31,13,3,0
normal_004,0,micro_cluster,0.5,50,0.98,2,330,31,13,3,1
normal_004,0,hybrid,0.5,50,0.98,2,330,31,13,3,1
normal_005,0,large_component,0.5,50,0.98,2,350,28,48,6,0
normal_005,0,micro_cluster,0.5,50,0.98,2,350,28,48,6,1
normal_005,0,hybrid,0.5,50,0.98,2,350,28,48,6,1
normal_006,0,large_component,0.5,50,0.98,2,215,28,16,9,0
normal_006,0,micro_cluster,0.5,50,0.98,2,215,28,16,9,1
normal_006,0,hybrid,0.5,50,0.98,2,215,28,16,9,1
normal_007,0,large_component,0.5,50,0.98,2,276,50,47,18,1
normal_007,0,micro_cluster,0.5,50,0.98,2,276,50,47,18,1
normal_007,0,hybrid,0.5,50,0.98,2,276,50,47,18,1
normal_008,0,large_component,0.5,50,0.98,2,299,48,41,6,0
normal_008,0,micro_cluster,0.5,50,0.98,2,299,48,41,6,1
normal_008,0,hybrid,0.5,50,0.98,2,299,48,41,6,1
normal_009,0,large_component,0.5,50,0.98,2,1227,38,82,9,0
normal_009,0,micro_cluster,0.5,50,0.98,2,1227,38,82,9,1
normal_009,0,hybrid,0.5,50,0.98,2,1227,38,82,9,1
normal_010,0,large_component,0.5,50,0.98,2,567,112,27,3,1
normal_010,0,micro_cluster,0.5,50,0.98,2,567,112,27,3,1
normal_010,0,hybrid,0.5,50,0.98,2,567,112,27,3,1
tumor_001,1,large_component,0.5,50,0.98,3,4582,1123,1276,595,1
tumor_001,1,micro_cluster,0.5,50,0.98,3,4582,1123,1276,595,1
tumor_001,1,hybrid,0.5,50,0.98,3,4582,1123,1276,595,1
tumor_002,1,large_component,0.5,50,0.98,3,3302,156,401,19,1
tumor_002,1,micro_cluster,0.5,50,0.98,3,3302,156,401,19,1
tumor_002,1,hybrid,0.5,50,0.98,3,3302,156,401,19,1
tumor_003,1,large_component,0.5,50,0.98,3,1731,322,467,262,1
tumor_003,1,micro_cluster,0.5,50,0.98,3,1731,322,467,262,1
tumor_003,1,hybrid,0.5,50,0.98,3,1731,322,467,262,1
tumor_004,1,large_component,0.5,50,0.98,3,2522,132,373,51,1
tumor_004,1,micro_cluster,0.5,50,0.98,3,2522,132,373,51,1
tumor_004,1,hybrid,0.5,50,0.98,3,2522,132,373,51,1
tumor_005,1,large_component,0.5,50,0.98,3,514,140,148,88,1
tumor_005,1,micro_cluster,0.5,50,0.98,3,514,140,148,88,1
tumor_005,1,hybrid,0.5,50,0.98,3,514,140,148,88,1
tumor_006,1,large_component,0.5,50,0.98,3,5845,139,591,54,1
tumor_006,1,micro_cluster,0.5,50,0.98,3,5845,139,591,54,1
tumor_006,1,hybrid,0.5,50,0.98,3,5845,139,591,54,1
tumor_007,1,large_component,0.5,50,0.98,3,5461,151,464,100,1
tumor_007,1,micro_cluster,0.5,50,0.98,3,5461,151,464,100,1
tumor_007,1,hybrid,0.5,50,0.98,3,5461,151,464,100,1
tumor_008,1,large_component,0.5,50,0.98,3,9261,328,831,40,1
tumor_008,1,micro_cluster,0.5,50,0.98,3,9261,328,831,40,1
tumor_008,1,hybrid,0.5,50,0.98,3,9261,328,831,40,1
tumor_009,1,large_component,0.5,50,0.98,3,39630,18285,9107,896,1
tumor_009,1,micro_cluster,0.5,50,0.98,3,39630,18285,9107,896,1
tumor_009,1,hybrid,0.5,50,0.98,3,39630,18285,9107,896,1
tumor_010,1,large_component,0.5,50,0.98,3,10721,626,1174,29,1
tumor_010,1,micro_cluster,0.5,50,0.98,3,10721,626,1174,29,1
tumor_010,1,hybrid,0.5,50,0.98,3,10721,626,1174,29,1
normal_001,0,large_component,0.5,50,0.98,3,353,120,67,17,1
normal_001,0,micro_cluster,0.5,50,0.98,3,353,120,67,17,1
normal_001,0,hybrid,0.5,50,0.98,3,353,120,67,17,1
normal_002,0,large_component,0.5,50,0.98,3,1031,84,114,18,1
normal_002,0,micro_cluster,0.5,50,0.98,3,1031,84,114,18,1
normal_002,0,hybrid,0.5,50,0.98,3,1031,84,114,18,1
normal_003,0,large_component,0.5,50,0.98,3,2227,221,267,31,1
normal_003,0,micro_cluster,0.5,50,0.98,3,2227,221,267,31,1
normal_003,0,hybrid,0.5,50,0.98,3,2227,221,267,31,1
normal_004,0,large_component,0.5,50,0.98,3,330,31,13,3,0
normal_004,0,micro_cluster,0.5,50,0.98,3,330,31,13,3,1
normal_004,0,hybrid,0.5,50,0.98,3,330,31,13,3,1
normal_005,0,large_component,0.5,50,0.98,3,350,28,48,6,0
normal_005,0,micro_cluster,0.5,50,0.98,3,350,28,48,6,1
normal_005,0,hybrid,0.5,50,0.98,3,350,28,48,6,1
normal_006,0,large_component,0.5,50,0.98,3,215,28,16,9,0
normal_006,0,micro_cluster,0.5,50,0.98,3,215,28,16,9,1
normal_006,0,hybrid,0.5,50,0.98,3,215,28,16,9,1
normal_007,0,large_component,0.5,50,0.98,3,276,50,47,18,1
normal_007,0,micro_cluster,0.5,50,0.98,3,276,50,47,18,1
normal_007,0,hybrid,0.5,50,0.98,3,276,50,47,18,1
normal_008,0,large_component,0.5,50,0.98,3,299,48,41,6,0
normal_008,0,micro_cluster,0.5,50,0.98,3,299,48,41,6,1
normal_008,0,hybrid,0.5,50,0.98,3,299,48,41,6,1
normal_009,0,large_component,0.5,50,0.98,3,1227,38,82,9,0
normal_009,0,micro_cluster,0.5,50,0.98,3,1227,38,82,9,1
normal_009,0,hybrid,0.5,50,0.98,3,1227,38,82,9,1
normal_010,0,large_component,0.5,50,0.98,3,567,112,27,3,1
normal_010,0,micro_cluster,0.5,50,0.98,3,567,112,27,3,1
normal_010,0,hybrid,0.5,50,0.98,3,567,112,27,3,1
tumor_001,1,large_component,0.5,50,0.98,5,4582,1123,1276,595,1
tumor_001,1,micro_cluster,0.5,50,0.98,5,4582,1123,1276,595,1
tumor_001,1,hybrid,0.5,50,0.98,5,4582,1123,1276,595,1
tumor_002,1,large_component,0.5,50,0.98,5,3302,156,401,19,1
tumor_002,1,micro_cluster,0.5,50,0.98,5,3302,156,401,19,1
tumor_002,1,hybrid,0.5,50,0.98,5,3302,156,401,19,1
tumor_003,1,large_component,0.5,50,0.98,5,1731,322,467,262,1
tumor_003,1,micro_cluster,0.5,50,0.98,5,1731,322,467,262,1
tumor_003,1,hybrid,0.5,50,0.98,5,1731,322,467,262,1
tumor_004,1,large_component,0.5,50,0.98,5,2522,132,373,51,1
tumor_004,1,micro_cluster,0.5,50,0.98,5,2522,132,373,51,1
tumor_004,1,hybrid,0.5,50,0.98,5,2522,132,373,51,1
tumor_005,1,large_component,0.5,50,0.98,5,514,140,148,88,1
tumor_005,1,micro_cluster,0.5,50,0.98,5,514,140,148,88,1
tumor_005,1,hybrid,0.5,50,0.98,5,514,140,148,88,1
tumor_006,1,large_component,0.5,50,0.98,5,5845,139,591,54,1
tumor_006,1,micro_cluster,0.5,50,0.98,5,5845,139,591,54,1
tumor_006,1,hybrid,0.5,50,0.98,5,5845,139,591,54,1
tumor_007,1,large_component,0.5,50,0.98,5,5461,151,464,100,1
tumor_007,1,micro_cluster,0.5,50,0.98,5,5461,151,464,100,1
tumor_007,1,hybrid,0.5,50,0.98,5,5461,151,464,100,1
tumor_008,1,large_component,0.5,50,0.98,5,9261,328,831,40,1
tumor_008,1,micro_cluster,0.5,50,0.98,5,9261,328,831,40,1
tumor_008,1,hybrid,0.5,50,0.98,5,9261,328,831,40,1
tumor_009,1,large_component,0.5,50,0.98,5,39630,18285,9107,896,1
tumor_009,1,micro_cluster,0.5,50,0.98,5,39630,18285,9107,896,1
tumor_009,1,hybrid,0.5,50,0.98,5,39630,18285,9107,896,1
tumor_010,1,large_component,0.5,50,0.98,5,10721,626,1174,29,1
tumor_010,1,micro_cluster,0.5,50,0.98,5,10721,626,1174,29,1
tumor_010,1,hybrid,0.5,50,0.98,5,10721,626,1174,29,1
normal_001,0,large_component,0.5,50,0.98,5,353,120,67,17,1
normal_001,0,micro_cluster,0.5,50,0.98,5,353,120,67,17,1
normal_001,0,hybrid,0.5,50,0.98,5,353,120,67,17,1
normal_002,0,large_component,0.5,50,0.98,5,1031,84,114,18,1
normal_002,0,micro_cluster,0.5,50,0.98,5,1031,84,114,18,1
normal_002,0,hybrid,0.5,50,0.98,5,1031,84,114,18,1
normal_003,0,large_component,0.5,50,0.98,5,2227,221,267,31,1
normal_003,0,micro_cluster,0.5,50,0.98,5,2227,221,267,31,1
normal_003,0,hybrid,0.5,50,0.98,5,2227,221,267,31,1
normal_004,0,large_component,0.5,50,0.98,5,330,31,13,3,0
normal_004,0,micro_cluster,0.5,50,0.98,5,330,31,13,3,0
normal_004,0,hybrid,0.5,50,0.98,5,330,31,13,3,0
normal_005,0,large_component,0.5,50,0.98,5,350,28,48,6,0
normal_005,0,micro_cluster,0.5,50,0.98,5,350,28,48,6,1
normal_005,0,hybrid,0.5,50,0.98,5,350,28,48,6,1
normal_006,0,large_component,0.5,50,0.98,5,215,28,16,9,0
normal_006,0,micro_cluster,0.5,50,0.98,5,215,28,16,9,1
normal_006,0,hybrid,0.5,50,0.98,5,215,28,16,9,1
normal_007,0,large_component,0.5,50,0.98,5,276,50,47,18,1
normal_007,0,micro_cluster,0.5,50,0.98,5,276,50,47,18,1
normal_007,0,hybrid,0.5,50,0.98,5,276,50,47,18,1
normal_008,0,large_component,0.5,50,0.98,5,299,48,41,6,0
normal_008,0,micro_cluster,0.5,50,0.98,5,299,48,41,6,1
normal_008,0,hybrid,0.5,50,0.98,5,299,48,41,6,1
normal_009,0,large_component,0.5,50,0.98,5,1227,38,82,9,0
normal_009,0,micro_cluster,0.5,50,0.98,5,1227,38,82,9,1
normal_009,0,hybrid,0.5,50,0.98,5,1227,38,82,9,1
normal_010,0,large_component,0.5,50,0.98,5,567,112,27,3,1
normal_010,0,micro_cluster,0.5,50,0.98,5,567,112,27,3,0
normal_010,0,hybrid,0.5,50,0.98,5,567,112,27,3,1
tumor_001,1,large_component,0.5,50,0.95,2,4582,1123,1700,649,1
tumor_001,1,micro_cluster,0.5,50,0.95,2,4582,1123,1700,649,1
tumor_001,1,hybrid,0.5,50,0.95,2,4582,1123,1700,649,1
tumor_002,1,large_component,0.5,50,0.95,2,3302,156,712,22,1
tumor_002,1,micro_cluster,0.5,50,0.95,2,3302,156,712,22,1
tumor_002,1,hybrid,0.5,50,0.95,2,3302,156,712,22,1
tumor_003,1,large_component,0.5,50,0.95,2,1731,322,616,279,1
tumor_003,1,micro_cluster,0.5,50,0.95,2,1731,322,616,279,1
tumor_003,1,hybrid,0.5,50,0.95,2,1731,322,616,279,1
tumor_004,1,large_component,0.5,50,0.95,2,2522,132,583,67,1
tumor_004,1,micro_cluster,0.5,50,0.95,2,2522,132,583,67,1
tumor_004,1,hybrid,0.5,50,0.95,2,2522,132,583,67,1
tumor_005,1,large_component,0.5,50,0.95,2,514,140,187,115,1
tumor_005,1,micro_cluster,0.5,50,0.95,2,514,140,187,115,1
tumor_005,1,hybrid,0.5,50,0.95,2,514,140,187,115,1
tumor_006,1,large_component,0.5,50,0.95,2,5845,139,1006,56,1
tumor_006,1,micro_cluster,0.5,50,0.95,2,5845,139,1006,56,1
tumor_006,1,hybrid,0.5,50,0.95,2,5845,139,1006,56,1
tumor_007,1,large_component,0.5,50,0.95,2,5461,151,866,104,1
tumor_007,1,micro_cluster,0.5,50,0.95,2,5461,151,866,104,1
tumor_007,1,hybrid,0.5,50,0.95,2,5461,151,866,104,1
tumor_008,1,large_component,0.5,50,0.95,2,9261,328,1618,103,1
tumor_008,1,micro_cluster,0.5,50,0.95,2,9261,328,1618,103,1
tumor_008,1,hybrid,0.5,50,0.95,2,9261,328,1618,103,1
tumor_009,1,large_component,0.5,50,0.95,2,39630,18285,14237,2591,1
tumor_009,1,micro_cluster,0.5,50,0.95,2,39630,18285,14237,2591,1
tumor_009,1,hybrid,0.5,50,0.95,2,39630,18285,14237,2591,1
tumor_010,1,large_component,0.5,50,0.95,2,10721,626,2142,62,1
tumor_010,1,micro_cluster,0.5,50,0.95,2,10721,626,2142,62,1
tumor_010,1,hybrid,0.5,50,0.95,2,10721,626,2142,62,1
normal_001,0,large_component,0.5,50,0.95,2,353,120,104,40,1
normal_001,0,micro_cluster,0.5,50,0.95,2,353,120,104,40,1
normal_001,0,hybrid,0.5,50,0.95,2,353,120,104,40,1
normal_002,0,large_component,0.5,50,0.95,2,1031,84,207,29,1
normal_002,0,micro_cluster,0.5,50,0.95,2,1031,84,207,29,1
normal_002,0,hybrid,0.5,50,0.95,2,1031,84,207,29,1
normal_003,0,large_component,0.5,50,0.95,2,2227,221,513,41,1
normal_003,0,micro_cluster,0.5,50,0.95,2,2227,221,513,41,1
normal_003,0,hybrid,0.5,50,0.95,2,2227,221,513,41,1
normal_004,0,large_component,0.5,50,0.95,2,330,31,28,3,0
normal_004,0,micro_cluster,0.5,50,0.95,2,330,31,28,3,1
normal_004,0,hybrid,0.5,50,0.95,2,330,31,28,3,1
normal_005,0,large_component,0.5,50,0.95,2,350,28,87,6,0
normal_005,0,micro_cluster,0.5,50,0.95,2,350,28,87,6,1
normal_005,0,hybrid,0.5,50,0.95,2,350,28,87,6,1
normal_006,0,large_component,0.5,50,0.95,2,215,28,35,20,0
normal_006,0,micro_cluster,0.5,50,0.95,2,215,28,35,20,1
normal_006,0,hybrid,0.5,50,0.95,2,215,28,35,20,1
normal_007,0,large_component,0.5,50,0.95,2,276,50,70,21,1
normal_007,0,micro_cluster,0.5,50,0.95,2,276,50,70,21,1
normal_007,0,hybrid,0.5,50,0.95,2,276,50,70,21,1
normal_008,0,large_component,0.5,50,0.95,2,299,48,79,11,0
normal_008,0,micro_cluster,0.5,50,0.95,2,299,48,79,11,1
normal_008,0,hybrid,0.5,50,0.95,2,299,48,79,11,1
normal_009,0,large_component,0.5,50,0.95,2,1227,38,162,13,0
normal_009,0,micro_cluster,0.5,50,0.95,2,1227,38,162,13,1
normal_009,0,hybrid,0.5,50,0.95,2,1227,38,162,13,1
normal_010,0,large_component,0.5,50,0.95,2,567,112,68,8,1
normal_010,0,micro_cluster,0.5,50,0.95,2,567,112,68,8,1
normal_010,0,hybrid,0.5,50,0.95,2,567,112,68,8,1
tumor_001,1,large_component,0.5,50,0.95,3,4582,1123,1700,649,1
tumor_001,1,micro_cluster,0.5,50,0.95,3,4582,1123,1700,649,1
tumor_001,1,hybrid,0.5,50,0.95,3,4582,1123,1700,649,1
tumor_002,1,large_component,0.5,50,0.95,3,3302,156,712,22,1
tumor_002,1,micro_cluster,0.5,50,0.95,3,3302,156,712,22,1
tumor_002,1,hybrid,0.5,50,0.95,3,3302,156,712,22,1
tumor_003,1,large_component,0.5,50,0.95,3,1731,322,616,279,1
tumor_003,1,micro_cluster,0.5,50,0.95,3,1731,322,616,279,1
tumor_003,1,hybrid,0.5,50,0.95,3,1731,322,616,279,1
tumor_004,1,large_component,0.5,50,0.95,3,2522,132,583,67,1
tumor_004,1,micro_cluster,0.5,50,0.95,3,2522,132,583,67,1
tumor_004,1,hybrid,0.5,50,0.95,3,2522,132,583,67,1
tumor_005,1,large_component,0.5,50,0.95,3,514,140,187,115,1
tumor_005,1,micro_cluster,0.5,50,0.95,3,514,140,187,115,1
tumor_005,1,hybrid,0.5,50,0.95,3,514,140,187,115,1
tumor_006,1,large_component,0.5,50,0.95,3,5845,139,1006,56,1
tumor_006,1,micro_cluster,0.5,50,0.95,3,5845,139,1006,56,1
tumor_006,1,hybrid,0.5,50,0.95,3,5845,139,1006,56,1
tumor_007,1,large_component,0.5,50,0.95,3,5461,151,866,104,1
tumor_007,1,micro_cluster,0.5,50,0.95,3,5461,151,866,104,1
tumor_007,1,hybrid,0.5,50,0.95,3,5461,151,866,104,1
tumor_008,1,large_component,0.5,50,0.95,3,9261,328,1618,103,1
tumor_008,1,micro_cluster,0.5,50,0.95,3,9261,328,1618,103,1
tumor_008,1,hybrid,0.5,50,0.95,3,9261,328,1618,103,1
tumor_009,1,large_component,0.5,50,0.95,3,39630,18285,14237,2591,1
tumor_009,1,micro_cluster,0.5,50,0.95,3,39630,18285,14237,2591,1
tumor_009,1,hybrid,0.5,50,0.95,3,39630,18285,14237,2591,1
tumor_010,1,large_component,0.5,50,0.95,3,10721,626,2142,62,1
tumor_010,1,micro_cluster,0.5,50,0.95,3,10721,626,2142,62,1
tumor_010,1,hybrid,0.5,50,0.95,3,10721,626,2142,62,1
normal_001,0,large_component,0.5,50,0.95,3,353,120,104,40,1
normal_001,0,micro_cluster,0.5,50,0.95,3,353,120,104,40,1
normal_001,0,hybrid,0.5,50,0.95,3,353,120,104,40,1
normal_002,0,large_component,0.5,50,0.95,3,1031,84,207,29,1
normal_002,0,micro_cluster,0.5,50,0.95,3,1031,84,207,29,1
normal_002,0,hybrid,0.5,50,0.95,3,1031,84,207,29,1
normal_003,0,large_component,0.5,50,0.95,3,2227,221,513,41,1
normal_003,0,micro_cluster,0.5,50,0.95,3,2227,221,513,41,1
normal_003,0,hybrid,0.5,50,0.95,3,2227,221,513,41,1
normal_004,0,large_component,0.5,50,0.95,3,330,31,28,3,0
normal_004,0,micro_cluster,0.5,50,0.95,3,330,31,28,3,1
normal_004,0,hybrid,0.5,50,0.95,3,330,31,28,3,1
normal_005,0,large_component,0.5,50,0.95,3,350,28,87,6,0
normal_005,0,micro_cluster,0.5,50,0.95,3,350,28,87,6,1
normal_005,0,hybrid,0.5,50,0.95,3,350,28,87,6,1
normal_006,0,large_component,0.5,50,0.95,3,215,28,35,20,0
normal_006,0,micro_cluster,0.5,50,0.95,3,215,28,35,20,1
normal_006,0,hybrid,0.5,50,0.95,3,215,28,35,20,1
normal_007,0,large_component,0.5,50,0.95,3,276,50,70,21,1
normal_007,0,micro_cluster,0.5,50,0.95,3,276,50,70,21,1
normal_007,0,hybrid,0.5,50,0.95,3,276,50,70,21,1
normal_008,0,large_component,0.5,50,0.95,3,299,48,79,11,0
normal_008,0,micro_cluster,0.5,50,0.95,3,299,48,79,11,1
normal_008,0,hybrid,0.5,50,0.95,3,299,48,79,11,1
normal_009,0,large_component,0.5,50,0.95,3,1227,38,162,13,0
normal_009,0,micro_cluster,0.5,50,0.95,3,1227,38,162,13,1
normal_009,0,hybrid,0.5,50,0.95,3,1227,38,162,13,1
normal_010,0,large_component,0.5,50,0.95,3,567,112,68,8,1
normal_010,0,micro_cluster,0.5,50,0.95,3,567,112,68,8,1
normal_010,0,hybrid,0.5,50,0.95,3,567,112,68,8,1
tumor_001,1,large_component,0.5,50,0.95,5,4582,1123,1700,649,1
tumor_001,1,micro_cluster,0.5,50,0.95,5,4582,1123,1700,649,1
tumor_001,1,hybrid,0.5,50,0.95,5,4582,1123,1700,649,1
tumor_002,1,large_component,0.5,50,0.95,5,3302,156,712,22,1
tumor_002,1,micro_cluster,0.5,50,0.95,5,3302,156,712,22,1
tumor_002,1,hybrid,0.5,50,0.95,5,3302,156,712,22,1
tumor_003,1,large_component,0.5,50,0.95,5,1731,322,616,279,1
tumor_003,1,micro_cluster,0.5,50,0.95,5,1731,322,616,279,1
tumor_003,1,hybrid,0.5,50,0.95,5,1731,322,616,279,1
tumor_004,1,large_component,0.5,50,0.95,5,2522,132,583,67,1
tumor_004,1,micro_cluster,0.5,50,0.95,5,2522,132,583,67,1
tumor_004,1,hybrid,0.5,50,0.95,5,2522,132,583,67,1
tumor_005,1,large_component,0.5,50,0.95,5,514,140,187,115,1
tumor_005,1,micro_cluster,0.5,50,0.95,5,514,140,187,115,1
tumor_005,1,hybrid,0.5,50,0.95,5,514,140,187,115,1
tumor_006,1,large_component,0.5,50,0.95,5,5845,139,1006,56,1
tumor_006,1,micro_cluster,0.5,50,0.95,5,5845,139,1006,56,1
tumor_006,1,hybrid,0.5,50,0.95,5,5845,139,1006,56,1
tumor_007,1,large_component,0.5,50,0.95,5,5461,151,866,104,1
tumor_007,1,micro_cluster,0.5,50,0.95,5,5461,151,866,104,1
tumor_007,1,hybrid,0.5,50,0.95,5,5461,151,866,104,1
tumor_008,1,large_component,0.5,50,0.95,5,9261,328,1618,103,1
tumor_008,1,micro_cluster,0.5,50,0.95,5,9261,328,1618,103,1
tumor_008,1,hybrid,0.5,50,0.95,5,9261,328,1618,103,1
tumor_009,1,large_component,0.5,50,0.95,5,39630,18285,14237,2591,1
tumor_009,1,micro_cluster,0.5,50,0.95,5,39630,18285,14237,2591,1
tumor_009,1,hybrid,0.5,50,0.95,5,39630,18285,14237,2591,1
tumor_010,1,large_component,0.5,50,0.95,5,10721,626,2142,62,1
tumor_010,1,micro_cluster,0.5,50,0.95,5,10721,626,2142,62,1
tumor_010,1,hybrid,0.5,50,0.95,5,10721,626,2142,62,1
normal_001,0,large_component,0.5,50,0.95,5,353,120,104,40,1
normal_001,0,micro_cluster,0.5,50,0.95,5,353,120,104,40,1
normal_001,0,hybrid,0.5,50,0.95,5,353,120,104,40,1
normal_002,0,large_component,0.5,50,0.95,5,1031,84,207,29,1
normal_002,0,micro_cluster,0.5,50,0.95,5,1031,84,207,29,1
normal_002,0,hybrid,0.5,50,0.95,5,1031,84,207,29,1
normal_003,0,large_component,0.5,50,0.95,5,2227,221,513,41,1
normal_003,0,micro_cluster,0.5,50,0.95,5,2227,221,513,41,1
normal_003,0,hybrid,0.5,50,0.95,5,2227,221,513,41,1
normal_004,0,large_component,0.5,50,0.95,5,330,31,28,3,0
normal_004,0,micro_cluster,0.5,50,0.95,5,330,31,28,3,0
normal_004,0,hybrid,0.5,50,0.95,5,330,31,28,3,0
normal_005,0,large_component,0.5,50,0.95,5,350,28,87,6,0
normal_005,0,micro_cluster,0.5,50,0.95,5,350,28,87,6,1
normal_005,0,hybrid,0.5,50,0.95,5,350,28,87,6,1
normal_006,0,large_component,0.5,50,0.95,5,215,28,35,20,0
normal_006,0,micro_cluster,0.5,50,0.95,5,215,28,35,20,1
normal_006,0,hybrid,0.5,50,0.95,5,215,28,35,20,1
normal_007,0,large_component,0.5,50,0.95,5,276,50,70,21,1
normal_007,0,micro_cluster,0.5,50,0.95,5,276,50,70,21,1
normal_007,0,hybrid,0.5,50,0.95,5,276,50,70,21,1
normal_008,0,large_component,0.5,50,0.95,5,299,48,79,11,0
normal_008,0,micro_cluster,0.5,50,0.95,5,299,48,79,11,1
normal_008,0,hybrid,0.5,50,0.95,5,299,48,79,11,1
normal_009,0,large_component,0.5,50,0.95,5,1227,38,162,13,0
normal_009,0,micro_cluster,0.5,50,0.95,5,1227,38,162,13,1
normal_009,0,hybrid,0.5,50,0.95,5,1227,38,162,13,1
normal_010,0,large_component,0.5,50,0.95,5,567,112,68,8,1
normal_010,0,micro_cluster,0.5,50,0.95,5,567,112,68,8,1
normal_010,0,hybrid,0.5,50,0.95,5,567,112,68,8,1
