slide_id,component_id,review_category,selection_rank,source_path,dest_path
normal_036,1,sinus_histiocytosis,1,E:\camelyon16_project\data\review\iter8_hn_train_stratified40_fp_components\normal_036\component_01\normal_036_c01_p01_prob1.000_x50944_y127104.png,E:\camelyon16_project\data\patches_iter8\train\normal\iter8_hn_normal_036_c01_r01_normal_036_c01_p01_prob1.000_x50944_y127104.png
normal_036,2,sinus_histiocytosis,1,E:\camelyon16_project\data\review\iter8_hn_train_stratified40_fp_components\normal_036\component_02\normal_036_c02_p01_prob0.998_x50816_y136704.png,E:\camelyon16_project\data\patches_iter8\train\normal\iter8_hn_normal_036_c02_r01_normal_036_c02_p01_prob0.998_x50816_y136704.png
normal_036,3,sinus_histiocytosis,1,E:\camelyon16_project\data\review\iter8_hn_train_stratified40_fp_components\normal_036\component_03\normal_036_c03_p01_prob0.977_x42752_y168704.png,E:\camelyon16_project\data\patches_iter8\train\normal\iter8_hn_normal_036_c03_r01_normal_036_c03_p01_prob0.977_x42752_y168704.png
normal_036,4,sinus_histiocytosis,1,E:\camelyon16_project\data\review\iter8_hn_train_stratified40_fp_components\normal_036\component_04\normal_036_c04_p01_prob0.937_x49792_y174080.png,E:\camelyon16_project\data\patches_iter8\train\normal\iter8_hn_normal_036_c04_r01_normal_036_c04_p01_prob0.937_x49792_y174080.png
normal_036,5,sinus_histiocytosis,1,E:\camelyon16_project\data\review\iter8_hn_train_stratified40_fp_components\normal_036\component_05\normal_036_c05_p01_prob0.986_x59392_y170624.png,E:\camelyon16_project\data\patches_iter8\train\normal\iter8_hn_normal_036_c05_r01_normal_036_c05_p01_prob0.986_x59392_y170624.png
normal_036,1,sinus_histiocytosis,2,E:\camelyon16_project\data\review\iter8_hn_train_stratified40_fp_components\normal_036\component_01\normal_036_c01_p02_prob0.996_x50432_y127232.png,E:\camelyon16_project\data\patches_iter8\train\normal\iter8_hn_normal_036_c01_r02_normal_036_c01_p02_prob0.996_x50432_y127232.png
normal_036,2,sinus_histiocytosis,2,E:\camelyon16_project\data\review\iter8_hn_train_stratified40_fp_components\normal_036\component_02\normal_036_c02_p02_prob0.996_x51072_y136960.png,E:\camelyon16_project\data\patches_iter8\train\normal\iter8_hn_normal_036_c02_r02_normal_036_c02_p02_prob0.996_x51072_y136960.png
normal_036,3,sinus_histiocytosis,2,E:\camelyon16_project\data\review\iter8_hn_train_stratified40_fp_components\normal_036\component_03\normal_036_c03_p02_prob0.966_x42880_y168576.png,E:\camelyon16_project\data\patches_iter8\train\normal\iter8_hn_normal_036_c03_r02_normal_036_c03_p02_prob0.966_x42880_y168576.png
normal_036,4,sinus_histiocytosis,2,E:\camelyon16_project\data\review\iter8_hn_train_stratified40_fp_components\normal_036\component_04\normal_036_c04_p02_prob0.908_x50176_y173824.png,E:\camelyon16_project\data\patches_iter8\train\normal\iter8_hn_normal_036_c04_r02_normal_036_c04_p02_prob0.908_x50176_y173824.png
normal_036,5,sinus_histiocytosis,2,E:\camelyon16_project\data\review\iter8_hn_train_stratified40_fp_components\normal_036\component_05\normal_036_c05_p02_prob0.985_x59392_y170752.png,E:\camelyon16_project\data\patches_iter8\train\normal\iter8_hn_normal_036_c05_r02_normal_036_c05_p02_prob0.985_x59392_y170752.png
normal_036,1,sinus_histiocytosis,3,E:\camelyon16_project\data\review\iter8_hn_train_stratified40_fp_components\normal_036\component_01\normal_036_c01_p03_prob0.988_x50944_y126976.png,E:\camelyon16_project\data\patches_iter8\train\normal\iter8_hn_normal_036_c01_r03_normal_036_c01_p03_prob0.988_x50944_y126976.png
normal_036,2,sinus_histiocytosis,3,E:\camelyon16_project\data\review\iter8_hn_train_stratified40_fp_components\normal_036\component_02\normal_036_c02_p03_prob0.996_x50944_y136704.png,E:\camelyon16_project\data\patches_iter8\train\normal\iter8_hn_normal_036_c02_r03_normal_036_c02_p03_prob0.996_x50944_y136704.png
normal_036,3,sinus_histiocytosis,3,E:\camelyon16_project\data\review\iter8_hn_train_stratified40_fp_components\normal_036\component_03\normal_036_c03_p03_prob0.951_x42496_y168320.png,E:\camelyon16_project\data\patches_iter8\train\normal\iter8_hn_normal_036_c03_r03_normal_036_c03_p03_prob0.951_x42496_y168320.png
normal_036,4,sinus_histiocytosis,3,E:\camelyon16_project\data\review\iter8_hn_train_stratified40_fp_components\normal_036\component_04\normal_036_c04_p03_prob0.867_x49920_y174080.png,E:\camelyon16_project\data\patches_iter8\train\normal\iter8_hn_normal_036_c04_r03_normal_036_c04_p03_prob0.867_x49920_y174080.png
normal_036,5,sinus_histiocytosis,3,E:\camelyon16_project\data\review\iter8_hn_train_stratified40_fp_components\normal_036\component_05\normal_036_c05_p03_prob0.967_x59392_y170880.png,E:\camelyon16_project\data\patches_iter8\train\normal\iter8_hn_normal_036_c05_r03_normal_036_c05_p03_prob0.967_x59392_y170880.png
normal_036,1,sinus_histiocytosis,4,E:\camelyon16_project\data\review\iter8_hn_train_stratified40_fp_components\normal_036\component_01\normal_036_c01_p04_prob0.981_x50176_y126976.png,E:\camelyon16_project\data\patches_iter8\train\normal\iter8_hn_normal_036_c01_r04_normal_036_c01_p04_prob0.981_x50176_y126976.png
normal_036,2,sinus_histiocytosis,4,E:\camelyon16_project\data\review\iter8_hn_train_stratified40_fp_components\normal_036\component_02\normal_036_c02_p04_prob0.995_x50944_y136832.png,E:\camelyon16_project\data\patches_iter8\train\normal\iter8_hn_normal_036_c02_r04_normal_036_c02_p04_prob0.995_x50944_y136832.png
normal_036,3,sinus_histiocytosis,4,E:\camelyon16_project\data\review\iter8_hn_train_stratified40_fp_components\normal_036\component_03\normal_036_c03_p04_prob0.950_x42880_y168448.png,E:\camelyon16_project\data\patches_iter8\train\normal\iter8_hn_normal_036_c03_r04_normal_036_c03_p04_prob0.950_x42880_y168448.png
normal_036,4,sinus_histiocytosis,4,E:\camelyon16_project\data\review\iter8_hn_train_stratified40_fp_components\normal_036\component_04\normal_036_c04_p04_prob0.861_x50048_y174080.png,E:\camelyon16_project\data\patches_iter8\train\normal\iter8_hn_normal_036_c04_r04_normal_036_c04_p04_prob0.861_x50048_y174080.png
normal_036,5,sinus_histiocytosis,4,E:\camelyon16_project\data\review\iter8_hn_train_stratified40_fp_components\normal_036\component_05\normal_036_c05_p04_prob0.926_x59264_y170880.png,E:\camelyon16_project\data\patches_iter8\train\normal\iter8_hn_normal_036_c05_r04_normal_036_c05_p04_prob0.926_x59264_y170880.png
normal_038,1,sinus_histiocytosis,1,E:\camelyon16_project\data\review\iter8_hn_train_stratified40_fp_components\normal_038\component_01\normal_038_c01_p01_prob0.998_x27648_y145920.png,E:\camelyon16_project\data\patches_iter8\train\normal\iter8_hn_normal_038_c01_r01_normal_038_c01_p01_prob0.998_x27648_y145920.png
normal_038,2,macrophage_histiocyte,1,E:\camelyon16_project\data\review\iter8_hn_train_stratified40_fp_components\normal_038\component_02\normal_038_c02_p01_prob0.992_x25856_y141312.png,E:\camelyon16_project\data\patches_iter8\train\normal\iter8_hn_normal_038_c02_r01_normal_038_c02_p01_prob0.992_x25856_y141312.png
normal_038,3,sinus_histiocytosis,1,E:\camelyon16_project\data\review\iter8_hn_train_stratified40_fp_components\normal_038\component_03\normal_038_c03_p01_prob0.995_x25344_y145536.png,E:\camelyon16_project\data\patches_iter8\train\normal\iter8_hn_normal_038_c03_r01_normal_038_c03_p01_prob0.995_x25344_y145536.png
normal_038,1,sinus_histiocytosis,2,E:\camelyon16_project\data\review\iter8_hn_train_stratified40_fp_components\normal_038\component_01\normal_038_c01_p02_prob0.997_x28160_y145792.png,E:\camelyon16_project\data\patches_iter8\train\normal\iter8_hn_normal_038_c01_r02_normal_038_c01_p02_prob0.997_x28160_y145792.png
normal_038,2,macrophage_histiocyte,2,E:\camelyon16_project\data\review\iter8_hn_train_stratified40_fp_components\normal_038\component_02\normal_038_c02_p02_prob0.988_x25984_y141312.png,E:\camelyon16_project\data\patches_iter8\train\normal\iter8_hn_normal_038_c02_r02_normal_038_c02_p02_prob0.988_x25984_y141312.png
normal_038,3,sinus_histiocytosis,2,E:\camelyon16_project\data\review\iter8_hn_train_stratified40_fp_components\normal_038\component_03\normal_038_c03_p02_prob0.968_x25856_y145408.png,E:\camelyon16_project\data\patches_iter8\train\normal\iter8_hn_normal_038_c03_r02_normal_038_c03_p02_prob0.968_x25856_y145408.png
normal_038,1,sinus_histiocytosis,3,E:\camelyon16_project\data\review\iter8_hn_train_stratified40_fp_components\normal_038\component_01\normal_038_c01_p03_prob0.994_x27648_y146048.png,E:\camelyon16_project\data\patches_iter8\train\normal\iter8_hn_normal_038_c01_r03_normal_038_c01_p03_prob0.994_x27648_y146048.png
normal_038,2,macrophage_histiocyte,3,E:\camelyon16_project\data\review\iter8_hn_train_stratified40_fp_components\normal_038\component_02\normal_038_c02_p03_prob0.976_x25600_y141440.png,E:\camelyon16_project\data\patches_iter8\train\normal\iter8_hn_normal_038_c02_r03_normal_038_c02_p03_prob0.976_x25600_y141440.png
normal_038,3,sinus_histiocytosis,3,E:\camelyon16_project\data\review\iter8_hn_train_stratified40_fp_components\normal_038\component_03\normal_038_c03_p03_prob0.964_x25472_y145536.png,E:\camelyon16_project\data\patches_iter8\train\normal\iter8_hn_normal_038_c03_r03_normal_038_c03_p03_prob0.964_x25472_y145536.png
normal_038,1,sinus_histiocytosis,4,E:\camelyon16_project\data\review\iter8_hn_train_stratified40_fp_components\normal_038\component_01\normal_038_c01_p04_prob0.991_x28160_y145920.png,E:\camelyon16_project\data\patches_iter8\train\normal\iter8_hn_normal_038_c01_r04_normal_038_c01_p04_prob0.991_x28160_y145920.png
normal_038,2,macrophage_histiocyte,4,E:\camelyon16_project\data\review\iter8_hn_train_stratified40_fp_components\normal_038\component_02\normal_038_c02_p04_prob0.974_x25856_y141184.png,E:\camelyon16_project\data\patches_iter8\train\normal\iter8_hn_normal_038_c02_r04_normal_038_c02_p04_prob0.974_x25856_y141184.png
normal_038,3,sinus_histiocytosis,4,E:\camelyon16_project\data\review\iter8_hn_train_stratified40_fp_components\normal_038\component_03\normal_038_c03_p04_prob0.961_x25728_y145408.png,E:\camelyon16_project\data\patches_iter8\train\normal\iter8_hn_normal_038_c03_r04_normal_038_c03_p04_prob0.961_x25728_y145408.png
normal_045,1,fibrosis_stroma_benign,1,E:\camelyon16_project\data\review\iter8_hn_train_stratified40_fp_components\normal_045\component_01\normal_045_c01_p01_prob1.000_x81280_y58752.png,E:\camelyon16_project\data\patches_iter8\train\normal\iter8_hn_normal_045_c01_r01_normal_045_c01_p01_prob1.000_x81280_y58752.png
normal_045,2,fibrosis_stroma_benign,1,E:\camelyon16_project\data\review\iter8_hn_train_stratified40_fp_components\normal_045\component_02\normal_045_c02_p01_prob1.000_x82560_y142464.png,E:\camelyon16_project\data\patches_iter8\train\normal\iter8_hn_normal_045_c02_r01_normal_045_c02_p01_prob1.000_x82560_y142464.png
normal_045,3,fibrosis_stroma_benign,1,E:\camelyon16_project\data\review\iter8_hn_train_stratified40_fp_components\normal_045\component_03\normal_045_c03_p01_prob0.999_x65792_y71168.png,E:\camelyon16_project\data\patches_iter8\train\normal\iter8_hn_normal_045_c03_r01_normal_045_c03_p01_prob0.999_x65792_y71168.png
normal_045,1,fibrosis_stroma_benign,2,E:\camelyon16_project\data\review\iter8_hn_train_stratified40_fp_components\normal_045\component_01\normal_045_c01_p02_prob1.000_x80640_y58240.png,E:\camelyon16_project\data\patches_iter8\train\normal\iter8_hn_normal_045_c01_r02_normal_045_c01_p02_prob1.000_x80640_y58240.png
normal_045,2,fibrosis_stroma_benign,2,E:\camelyon16_project\data\review\iter8_hn_train_stratified40_fp_components\normal_045\component_02\normal_045_c02_p02_prob0.997_x82688_y142464.png,E:\camelyon16_project\data\patches_iter8\train\normal\iter8_hn_normal_045_c02_r02_normal_045_c02_p02_prob0.997_x82688_y142464.png
normal_045,3,fibrosis_stroma_benign,2,E:\camelyon16_project\data\review\iter8_hn_train_stratified40_fp_components\normal_045\component_03\normal_045_c03_p02_prob0.988_x65920_y71168.png,E:\camelyon16_project\data\patches_iter8\train\normal\iter8_hn_normal_045_c03_r02_normal_045_c03_p02_prob0.988_x65920_y71168.png
normal_045,1,fibrosis_stroma_benign,3,E:\camelyon16_project\data\review\iter8_hn_train_stratified40_fp_components\normal_045\component_01\normal_045_c01_p03_prob0.999_x80768_y58112.png,E:\camelyon16_project\data\patches_iter8\train\normal\iter8_hn_normal_045_c01_r03_normal_045_c01_p03_prob0.999_x80768_y58112.png
normal_045,2,fibrosis_stroma_benign,3,E:\camelyon16_project\data\review\iter8_hn_train_stratified40_fp_components\normal_045\component_02\normal_045_c02_p03_prob0.990_x82304_y141952.png,E:\camelyon16_project\data\patches_iter8\train\normal\iter8_hn_normal_045_c02_r03_normal_045_c02_p03_prob0.990_x82304_y141952.png
normal_045,3,fibrosis_stroma_benign,3,E:\camelyon16_project\data\review\iter8_hn_train_stratified40_fp_components\normal_045\component_03\normal_045_c03_p03_prob0.984_x66048_y70656.png,E:\camelyon16_project\data\patches_iter8\train\normal\iter8_hn_normal_045_c03_r03_normal_045_c03_p03_prob0.984_x66048_y70656.png
normal_045,1,fibrosis_stroma_benign,4,E:\camelyon16_project\data\review\iter8_hn_train_stratified40_fp_components\normal_045\component_01\normal_045_c01_p04_prob0.997_x80896_y58624.png,E:\camelyon16_project\data\patches_iter8\train\normal\iter8_hn_normal_045_c01_r04_normal_045_c01_p04_prob0.997_x80896_y58624.png
normal_045,2,fibrosis_stroma_benign,4,E:\camelyon16_project\data\review\iter8_hn_train_stratified40_fp_components\normal_045\component_02\normal_045_c02_p04_prob0.977_x82176_y141952.png,E:\camelyon16_project\data\patches_iter8\train\normal\iter8_hn_normal_045_c02_r04_normal_045_c02_p04_prob0.977_x82176_y141952.png
normal_045,3,fibrosis_stroma_benign,4,E:\camelyon16_project\data\review\iter8_hn_train_stratified40_fp_components\normal_045\component_03\normal_045_c03_p04_prob0.984_x65792_y71296.png,E:\camelyon16_project\data\patches_iter8\train\normal\iter8_hn_normal_045_c03_r04_normal_045_c03_p04_prob0.984_x65792_y71296.png
normal_048,1,vessel_lumen,1,E:\camelyon16_project\data\review\iter8_hn_train_stratified40_fp_components\normal_048\component_01\normal_048_c01_p01_prob0.999_x57728_y138368.png,E:\camelyon16_project\data\patches_iter8\train\normal\iter8_hn_normal_048_c01_r01_normal_048_c01_p01_prob0.999_x57728_y138368.png
normal_048,2,vessel_lumen,1,E:\camelyon16_project\data\review\iter8_hn_train_stratified40_fp_components\normal_048\component_02\normal_048_c02_p01_prob0.999_x56064_y136832.png,E:\camelyon16_project\data\patches_iter8\train\normal\iter8_hn_normal_048_c02_r01_normal_048_c02_p01_prob0.999_x56064_y136832.png
normal_048,1,vessel_lumen,2,E:\camelyon16_project\data\review\iter8_hn_train_stratified40_fp_components\normal_048\component_01\normal_048_c01_p02_prob0.999_x56448_y137216.png,E:\camelyon16_project\data\patches_iter8\train\normal\iter8_hn_normal_048_c01_r02_normal_048_c01_p02_prob0.999_x56448_y137216.png
normal_048,2,vessel_lumen,2,E:\camelyon16_project\data\review\iter8_hn_train_stratified40_fp_components\normal_048\component_02\normal_048_c02_p02_prob0.998_x56064_y136960.png,E:\camelyon16_project\data\patches_iter8\train\normal\iter8_hn_normal_048_c02_r02_normal_048_c02_p02_prob0.998_x56064_y136960.png
normal_048,1,vessel_lumen,3,E:\camelyon16_project\data\review\iter8_hn_train_stratified40_fp_components\normal_048\component_01\normal_048_c01_p03_prob0.999_x57472_y138368.png,E:\camelyon16_project\data\patches_iter8\train\normal\iter8_hn_normal_048_c01_r03_normal_048_c01_p03_prob0.999_x57472_y138368.png
normal_048,2,vessel_lumen,3,E:\camelyon16_project\data\review\iter8_hn_train_stratified40_fp_components\normal_048\component_02\normal_048_c02_p03_prob0.997_x56192_y136832.png,E:\camelyon16_project\data\patches_iter8\train\normal\iter8_hn_normal_048_c02_r03_normal_048_c02_p03_prob0.997_x56192_y136832.png
normal_048,1,vessel_lumen,4,E:\camelyon16_project\data\review\iter8_hn_train_stratified40_fp_components\normal_048\component_01\normal_048_c01_p04_prob0.999_x57600_y138368.png,E:\camelyon16_project\data\patches_iter8\train\normal\iter8_hn_normal_048_c01_r04_normal_048_c01_p04_prob0.999_x57600_y138368.png
normal_048,2,vessel_lumen,4,E:\camelyon16_project\data\review\iter8_hn_train_stratified40_fp_components\normal_048\component_02\normal_048_c02_p04_prob0.994_x55296_y136448.png,E:\camelyon16_project\data\patches_iter8\train\normal\iter8_hn_normal_048_c02_r04_normal_048_c02_p04_prob0.994_x55296_y136448.png
normal_052,1,vessel_lumen,1,E:\camelyon16_project\data\review\iter8_hn_train_stratified40_fp_components\normal_052\component_01\normal_052_c01_p01_prob1.000_x48384_y145792.png,E:\camelyon16_project\data\patches_iter8\train\normal\iter8_hn_normal_052_c01_r01_normal_052_c01_p01_prob1.000_x48384_y145792.png
normal_052,2,vessel_lumen,1,E:\camelyon16_project\data\review\iter8_hn_train_stratified40_fp_components\normal_052\component_02\normal_052_c02_p01_prob0.999_x58368_y150656.png,E:\camelyon16_project\data\patches_iter8\train\normal\iter8_hn_normal_052_c02_r01_normal_052_c02_p01_prob0.999_x58368_y150656.png
normal_052,3,vessel_lumen,1,E:\camelyon16_project\data\review\iter8_hn_train_stratified40_fp_components\normal_052\component_03\normal_052_c03_p01_prob1.000_x47488_y146688.png,E:\camelyon16_project\data\patches_iter8\train\normal\iter8_hn_normal_052_c03_r01_normal_052_c03_p01_prob1.000_x47488_y146688.png
normal_052,4,vessel_lumen,1,E:\camelyon16_project\data\review\iter8_hn_train_stratified40_fp_components\normal_052\component_04\normal_052_c04_p01_prob0.989_x52864_y147584.png,E:\camelyon16_project\data\patches_iter8\train\normal\iter8_hn_normal_052_c04_r01_normal_052_c04_p01_prob0.989_x52864_y147584.png
normal_052,5,sinus_histiocytosis,1,E:\camelyon16_project\data\review\iter8_hn_train_stratified40_fp_components\normal_052\component_05\normal_052_c05_p01_prob1.000_x81408_y93824.png,E:\camelyon16_project\data\patches_iter8\train\normal\iter8_hn_normal_052_c05_r01_normal_052_c05_p01_prob1.000_x81408_y93824.png
normal_052,1,vessel_lumen,2,E:\camelyon16_project\data\review\iter8_hn_train_stratified40_fp_components\normal_052\component_01\normal_052_c01_p02_prob1.000_x49024_y145920.png,E:\camelyon16_project\data\patches_iter8\train\normal\iter8_hn_normal_052_c01_r02_normal_052_c01_p02_prob1.000_x49024_y145920.png
normal_052,2,vessel_lumen,2,E:\camelyon16_project\data\review\iter8_hn_train_stratified40_fp_components\normal_052\component_02\normal_052_c02_p02_prob0.999_x58240_y150656.png,E:\camelyon16_project\data\patches_iter8\train\normal\iter8_hn_normal_052_c02_r02_normal_052_c02_p02_prob0.999_x58240_y150656.png
normal_052,3,vessel_lumen,2,E:\camelyon16_project\data\review\iter8_hn_train_stratified40_fp_components\normal_052\component_03\normal_052_c03_p02_prob1.000_x47488_y146816.png,E:\camelyon16_project\data\patches_iter8\train\normal\iter8_hn_normal_052_c03_r02_normal_052_c03_p02_prob1.000_x47488_y146816.png
normal_052,4,vessel_lumen,2,E:\camelyon16_project\data\review\iter8_hn_train_stratified40_fp_components\normal_052\component_04\normal_052_c04_p02_prob0.971_x53376_y147840.png,E:\camelyon16_project\data\patches_iter8\train\normal\iter8_hn_normal_052_c04_r02_normal_052_c04_p02_prob0.971_x53376_y147840.png
normal_052,5,sinus_histiocytosis,2,E:\camelyon16_project\data\review\iter8_hn_train_stratified40_fp_components\normal_052\component_05\normal_052_c05_p02_prob1.000_x81280_y93824.png,E:\camelyon16_project\data\patches_iter8\train\normal\iter8_hn_normal_052_c05_r02_normal_052_c05_p02_prob1.000_x81280_y93824.png
normal_052,1,vessel_lumen,3,E:\camelyon16_project\data\review\iter8_hn_train_stratified40_fp_components\normal_052\component_01\normal_052_c01_p03_prob1.000_x49536_y146304.png,E:\camelyon16_project\data\patches_iter8\train\normal\iter8_hn_normal_052_c01_r03_normal_052_c01_p03_prob1.000_x49536_y146304.png
normal_052,2,vessel_lumen,3,E:\camelyon16_project\data\review\iter8_hn_train_stratified40_fp_components\normal_052\component_02\normal_052_c02_p03_prob0.996_x58368_y151168.png,E:\camelyon16_project\data\patches_iter8\train\normal\iter8_hn_normal_052_c02_r03_normal_052_c02_p03_prob0.996_x58368_y151168.png
normal_052,3,vessel_lumen,3,E:\camelyon16_project\data\review\iter8_hn_train_stratified40_fp_components\normal_052\component_03\normal_052_c03_p03_prob1.000_x47360_y146688.png,E:\camelyon16_project\data\patches_iter8\train\normal\iter8_hn_normal_052_c03_r03_normal_052_c03_p03_prob1.000_x47360_y146688.png
normal_052,4,vessel_lumen,3,E:\camelyon16_project\data\review\iter8_hn_train_stratified40_fp_components\normal_052\component_04\normal_052_c04_p03_prob0.954_x53632_y147840.png,E:\camelyon16_project\data\patches_iter8\train\normal\iter8_hn_normal_052_c04_r03_normal_052_c04_p03_prob0.954_x53632_y147840.png
normal_052,5,sinus_histiocytosis,3,E:\camelyon16_project\data\review\iter8_hn_train_stratified40_fp_components\normal_052\component_05\normal_052_c05_p03_prob1.000_x81280_y94464.png,E:\camelyon16_project\data\patches_iter8\train\normal\iter8_hn_normal_052_c05_r03_normal_052_c05_p03_prob1.000_x81280_y94464.png
normal_052,1,vessel_lumen,4,E:\camelyon16_project\data\review\iter8_hn_train_stratified40_fp_components\normal_052\component_01\normal_052_c01_p04_prob1.000_x49024_y146048.png,E:\camelyon16_project\data\patches_iter8\train\normal\iter8_hn_normal_052_c01_r04_normal_052_c01_p04_prob1.000_x49024_y146048.png
normal_052,2,vessel_lumen,4,E:\camelyon16_project\data\review\iter8_hn_train_stratified40_fp_components\normal_052\component_02\normal_052_c02_p04_prob0.995_x58240_y150784.png,E:\camelyon16_project\data\patches_iter8\train\normal\iter8_hn_normal_052_c02_r04_normal_052_c02_p04_prob0.995_x58240_y150784.png
normal_052,3,vessel_lumen,4,E:\camelyon16_project\data\review\iter8_hn_train_stratified40_fp_components\normal_052\component_03\normal_052_c03_p04_prob1.000_x47616_y146944.png,E:\camelyon16_project\data\patches_iter8\train\normal\iter8_hn_normal_052_c03_r04_normal_052_c03_p04_prob1.000_x47616_y146944.png
normal_052,4,vessel_lumen,4,E:\camelyon16_project\data\review\iter8_hn_train_stratified40_fp_components\normal_052\component_04\normal_052_c04_p04_prob0.954_x53248_y147456.png,E:\camelyon16_project\data\patches_iter8\train\normal\iter8_hn_normal_052_c04_r04_normal_052_c04_p04_prob0.954_x53248_y147456.png
normal_052,5,sinus_histiocytosis,4,E:\camelyon16_project\data\review\iter8_hn_train_stratified40_fp_components\normal_052\component_05\normal_052_c05_p04_prob1.000_x81408_y93696.png,E:\camelyon16_project\data\patches_iter8\train\normal\iter8_hn_normal_052_c05_r04_normal_052_c05_p04_prob1.000_x81408_y93696.png
normal_055,1,fibrosis_stroma_benign,1,E:\camelyon16_project\data\review\iter8_hn_train_stratified40_fp_components\normal_055\component_01\normal_055_c01_p01_prob1.000_x52352_y131200.png,E:\camelyon16_project\data\patches_iter8\train\normal\iter8_hn_normal_055_c01_r01_normal_055_c01_p01_prob1.000_x52352_y131200.png
normal_055,2,vessel_lumen,1,E:\camelyon16_project\data\review\iter8_hn_train_stratified40_fp_components\normal_055\component_02\normal_055_c02_p01_prob1.000_x57856_y130176.png,E:\camelyon16_project\data\patches_iter8\train\normal\iter8_hn_normal_055_c02_r01_normal_055_c02_p01_prob1.000_x57856_y130176.png
normal_055,3,fibrosis_stroma_benign,1,E:\camelyon16_project\data\review\iter8_hn_train_stratified40_fp_components\normal_055\component_03\normal_055_c03_p01_prob0.999_x49536_y140928.png,E:\camelyon16_project\data\patches_iter8\train\normal\iter8_hn_normal_055_c03_r01_normal_055_c03_p01_prob0.999_x49536_y140928.png
normal_055,4,fibrosis_stroma_benign,1,E:\camelyon16_project\data\review\iter8_hn_train_stratified40_fp_components\normal_055\component_04\normal_055_c04_p01_prob1.000_x50816_y142976.png,E:\camelyon16_project\data\patches_iter8\train\normal\iter8_hn_normal_055_c04_r01_normal_055_c04_p01_prob1.000_x50816_y142976.png
normal_055,5,vessel_lumen,1,E:\camelyon16_project\data\review\iter8_hn_train_stratified40_fp_components\normal_055\component_05\normal_055_c05_p01_prob1.000_x61184_y131584.png,E:\camelyon16_project\data\patches_iter8\train\normal\iter8_hn_normal_055_c05_r01_normal_055_c05_p01_prob1.000_x61184_y131584.png
normal_055,1,fibrosis_stroma_benign,2,E:\camelyon16_project\data\review\iter8_hn_train_stratified40_fp_components\normal_055\component_01\normal_055_c01_p02_prob1.000_x50816_y131584.png,E:\camelyon16_project\data\patches_iter8\train\normal\iter8_hn_normal_055_c01_r02_normal_055_c01_p02_prob1.000_x50816_y131584.png
normal_055,2,vessel_lumen,2,E:\camelyon16_project\data\review\iter8_hn_train_stratified40_fp_components\normal_055\component_02\normal_055_c02_p02_prob0.997_x57856_y130304.png,E:\camelyon16_project\data\patches_iter8\train\normal\iter8_hn_normal_055_c02_r02_normal_055_c02_p02_prob0.997_x57856_y130304.png
normal_055,3,fibrosis_stroma_benign,2,E:\camelyon16_project\data\review\iter8_hn_train_stratified40_fp_components\normal_055\component_03\normal_055_c03_p02_prob0.999_x49792_y140672.png,E:\camelyon16_project\data\patches_iter8\train\normal\iter8_hn_normal_055_c03_r02_normal_055_c03_p02_prob0.999_x49792_y140672.png
normal_055,4,fibrosis_stroma_benign,2,E:\camelyon16_project\data\review\iter8_hn_train_stratified40_fp_components\normal_055\component_04\normal_055_c04_p02_prob1.000_x50816_y143104.png,E:\camelyon16_project\data\patches_iter8\train\normal\iter8_hn_normal_055_c04_r02_normal_055_c04_p02_prob1.000_x50816_y143104.png
normal_055,5,vessel_lumen,2,E:\camelyon16_project\data\review\iter8_hn_train_stratified40_fp_components\normal_055\component_05\normal_055_c05_p02_prob0.998_x61184_y131072.png,E:\camelyon16_project\data\patches_iter8\train\normal\iter8_hn_normal_055_c05_r02_normal_055_c05_p02_prob0.998_x61184_y131072.png
normal_055,1,fibrosis_stroma_benign,3,E:\camelyon16_project\data\review\iter8_hn_train_stratified40_fp_components\normal_055\component_01\normal_055_c01_p03_prob1.000_x51712_y131584.png,E:\camelyon16_project\data\patches_iter8\train\normal\iter8_hn_normal_055_c01_r03_normal_055_c01_p03_prob1.000_x51712_y131584.png
normal_055,2,vessel_lumen,3,E:\camelyon16_project\data\review\iter8_hn_train_stratified40_fp_components\normal_055\component_02\normal_055_c02_p03_prob0.996_x58368_y130176.png,E:\camelyon16_project\data\patches_iter8\train\normal\iter8_hn_normal_055_c02_r03_normal_055_c02_p03_prob0.996_x58368_y130176.png
normal_055,3,fibrosis_stroma_benign,3,E:\camelyon16_project\data\review\iter8_hn_train_stratified40_fp_components\normal_055\component_03\normal_055_c03_p03_prob0.997_x48896_y140928.png,E:\camelyon16_project\data\patches_iter8\train\normal\iter8_hn_normal_055_c03_r03_normal_055_c03_p03_prob0.997_x48896_y140928.png
normal_055,4,fibrosis_stroma_benign,3,E:\camelyon16_project\data\review\iter8_hn_train_stratified40_fp_components\normal_055\component_04\normal_055_c04_p03_prob0.998_x50560_y142848.png,E:\camelyon16_project\data\patches_iter8\train\normal\iter8_hn_normal_055_c04_r03_normal_055_c04_p03_prob0.998_x50560_y142848.png
normal_055,5,vessel_lumen,3,E:\camelyon16_project\data\review\iter8_hn_train_stratified40_fp_components\normal_055\component_05\normal_055_c05_p03_prob0.995_x61312_y131584.png,E:\camelyon16_project\data\patches_iter8\train\normal\iter8_hn_normal_055_c05_r03_normal_055_c05_p03_prob0.995_x61312_y131584.png
normal_055,1,fibrosis_stroma_benign,4,E:\camelyon16_project\data\review\iter8_hn_train_stratified40_fp_components\normal_055\component_01\normal_055_c01_p04_prob1.000_x51072_y132096.png,E:\camelyon16_project\data\patches_iter8\train\normal\iter8_hn_normal_055_c01_r04_normal_055_c01_p04_prob1.000_x51072_y132096.png
normal_055,2,vessel_lumen,4,E:\camelyon16_project\data\review\iter8_hn_train_stratified40_fp_components\normal_055\component_02\normal_055_c02_p04_prob0.994_x57600_y129536.png,E:\camelyon16_project\data\patches_iter8\train\normal\iter8_hn_normal_055_c02_r04_normal_055_c02_p04_prob0.994_x57600_y129536.png
normal_055,3,fibrosis_stroma_benign,4,E:\camelyon16_project\data\review\iter8_hn_train_stratified40_fp_components\normal_055\component_03\normal_055_c03_p04_prob0.995_x49792_y140800.png,E:\camelyon16_project\data\patches_iter8\train\normal\iter8_hn_normal_055_c03_r04_normal_055_c03_p04_prob0.995_x49792_y140800.png
normal_055,4,fibrosis_stroma_benign,4,E:\camelyon16_project\data\review\iter8_hn_train_stratified40_fp_components\normal_055\component_04\normal_055_c04_p04_prob0.997_x50432_y142976.png,E:\camelyon16_project\data\patches_iter8\train\normal\iter8_hn_normal_055_c04_r04_normal_055_c04_p04_prob0.997_x50432_y142976.png
normal_055,5,vessel_lumen,4,E:\camelyon16_project\data\review\iter8_hn_train_stratified40_fp_components\normal_055\component_05\normal_055_c05_p04_prob0.993_x61056_y131072.png,E:\camelyon16_project\data\patches_iter8\train\normal\iter8_hn_normal_055_c05_r04_normal_055_c05_p04_prob0.993_x61056_y131072.png
normal_067,1,fibrosis_stroma_benign,1,E:\camelyon16_project\data\review\iter8_hn_train_stratified40_fp_components\normal_067\component_01\normal_067_c01_p01_prob1.000_x65024_y139008.png,E:\camelyon16_project\data\patches_iter8\train\normal\iter8_hn_normal_067_c01_r01_normal_067_c01_p01_prob1.000_x65024_y139008.png
normal_067,2,fibrosis_stroma_benign,1,E:\camelyon16_project\data\review\iter8_hn_train_stratified40_fp_components\normal_067\component_02\normal_067_c02_p01_prob1.000_x65792_y135168.png,E:\camelyon16_project\data\patches_iter8\train\normal\iter8_hn_normal_067_c02_r01_normal_067_c02_p01_prob1.000_x65792_y135168.png
normal_067,3,fibrosis_stroma_benign,1,E:\camelyon16_project\data\review\iter8_hn_train_stratified40_fp_components\normal_067\component_03\normal_067_c03_p01_prob1.000_x41984_y177408.png,E:\camelyon16_project\data\patches_iter8\train\normal\iter8_hn_normal_067_c03_r01_normal_067_c03_p01_prob1.000_x41984_y177408.png
normal_067,4,necrosis_coagulation_benign,1,E:\camelyon16_project\data\review\iter8_hn_train_stratified40_fp_components\normal_067\component_04\normal_067_c04_p01_prob1.000_x64896_y136960.png,E:\camelyon16_project\data\patches_iter8\train\normal\iter8_hn_normal_067_c04_r01_normal_067_c04_p01_prob1.000_x64896_y136960.png
normal_067,5,vessel_lumen,1,E:\camelyon16_project\data\review\iter8_hn_train_stratified40_fp_components\normal_067\component_05\normal_067_c05_p01_prob1.000_x61440_y104064.png,E:\camelyon16_project\data\patches_iter8\train\normal\iter8_hn_normal_067_c05_r01_normal_067_c05_p01_prob1.000_x61440_y104064.png
normal_067,1,fibrosis_stroma_benign,2,E:\camelyon16_project\data\review\iter8_hn_train_stratified40_fp_components\normal_067\component_01\normal_067_c01_p02_prob1.000_x63616_y138624.png,E:\camelyon16_project\data\patches_iter8\train\normal\iter8_hn_normal_067_c01_r02_normal_067_c01_p02_prob1.000_x63616_y138624.png
normal_067,2,fibrosis_stroma_benign,2,E:\camelyon16_project\data\review\iter8_hn_train_stratified40_fp_components\normal_067\component_02\normal_067_c02_p02_prob1.000_x65792_y135296.png,E:\camelyon16_project\data\patches_iter8\train\normal\iter8_hn_normal_067_c02_r02_normal_067_c02_p02_prob1.000_x65792_y135296.png
normal_067,3,fibrosis_stroma_benign,2,E:\camelyon16_project\data\review\iter8_hn_train_stratified40_fp_components\normal_067\component_03\normal_067_c03_p02_prob0.999_x41984_y177280.png,E:\camelyon16_project\data\patches_iter8\train\normal\iter8_hn_normal_067_c03_r02_normal_067_c03_p02_prob0.999_x41984_y177280.png
normal_067,4,necrosis_coagulation_benign,2,E:\camelyon16_project\data\review\iter8_hn_train_stratified40_fp_components\normal_067\component_04\normal_067_c04_p02_prob1.000_x65024_y136704.png,E:\camelyon16_project\data\patches_iter8\train\normal\iter8_hn_normal_067_c04_r02_normal_067_c04_p02_prob1.000_x65024_y136704.png
normal_067,5,vessel_lumen,2,E:\camelyon16_project\data\review\iter8_hn_train_stratified40_fp_components\normal_067\component_05\normal_067_c05_p02_prob0.999_x60800_y104192.png,E:\camelyon16_project\data\patches_iter8\train\normal\iter8_hn_normal_067_c05_r02_normal_067_c05_p02_prob0.999_x60800_y104192.png
normal_067,1,fibrosis_stroma_benign,3,E:\camelyon16_project\data\review\iter8_hn_train_stratified40_fp_components\normal_067\component_01\normal_067_c01_p03_prob1.000_x65024_y139136.png,E:\camelyon16_project\data\patches_iter8\train\normal\iter8_hn_normal_067_c01_r03_normal_067_c01_p03_prob1.000_x65024_y139136.png
normal_067,2,fibrosis_stroma_benign,3,E:\camelyon16_project\data\review\iter8_hn_train_stratified40_fp_components\normal_067\component_02\normal_067_c02_p03_prob0.999_x66176_y135040.png,E:\camelyon16_project\data\patches_iter8\train\normal\iter8_hn_normal_067_c02_r03_normal_067_c02_p03_prob0.999_x66176_y135040.png
normal_067,3,fibrosis_stroma_benign,3,E:\camelyon16_project\data\review\iter8_hn_train_stratified40_fp_components\normal_067\component_03\normal_067_c03_p03_prob0.996_x41856_y177408.png,E:\camelyon16_project\data\patches_iter8\train\normal\iter8_hn_normal_067_c03_r03_normal_067_c03_p03_prob0.996_x41856_y177408.png
normal_067,4,necrosis_coagulation_benign,3,E:\camelyon16_project\data\review\iter8_hn_train_stratified40_fp_components\normal_067\component_04\normal_067_c04_p03_prob0.999_x65024_y136832.png,E:\camelyon16_project\data\patches_iter8\train\normal\iter8_hn_normal_067_c04_r03_normal_067_c04_p03_prob0.999_x65024_y136832.png
normal_067,5,vessel_lumen,3,E:\camelyon16_project\data\review\iter8_hn_train_stratified40_fp_components\normal_067\component_05\normal_067_c05_p03_prob0.999_x61568_y104064.png,E:\camelyon16_project\data\patches_iter8\train\normal\iter8_hn_normal_067_c05_r03_normal_067_c05_p03_prob0.999_x61568_y104064.png
normal_067,1,fibrosis_stroma_benign,4,E:\camelyon16_project\data\review\iter8_hn_train_stratified40_fp_components\normal_067\component_01\normal_067_c01_p04_prob1.000_x63488_y138624.png,E:\camelyon16_project\data\patches_iter8\train\normal\iter8_hn_normal_067_c01_r04_normal_067_c01_p04_prob1.000_x63488_y138624.png
normal_067,2,fibrosis_stroma_benign,4,E:\camelyon16_project\data\review\iter8_hn_train_stratified40_fp_components\normal_067\component_02\normal_067_c02_p04_prob0.999_x65664_y135296.png,E:\camelyon16_project\data\patches_iter8\train\normal\iter8_hn_normal_067_c02_r04_normal_067_c02_p04_prob0.999_x65664_y135296.png
normal_067,3,fibrosis_stroma_benign,4,E:\camelyon16_project\data\review\iter8_hn_train_stratified40_fp_components\normal_067\component_03\normal_067_c03_p04_prob0.995_x41216_y176512.png,E:\camelyon16_project\data\patches_iter8\train\normal\iter8_hn_normal_067_c03_r04_normal_067_c03_p04_prob0.995_x41216_y176512.png
normal_067,4,necrosis_coagulation_benign,4,E:\camelyon16_project\data\review\iter8_hn_train_stratified40_fp_components\normal_067\component_04\normal_067_c04_p04_prob0.999_x64640_y136576.png,E:\camelyon16_project\data\patches_iter8\train\normal\iter8_hn_normal_067_c04_r04_normal_067_c04_p04_prob0.999_x64640_y136576.png
normal_067,5,vessel_lumen,4,E:\camelyon16_project\data\review\iter8_hn_train_stratified40_fp_components\normal_067\component_05\normal_067_c05_p04_prob0.999_x60288_y104320.png,E:\camelyon16_project\data\patches_iter8\train\normal\iter8_hn_normal_067_c05_r04_normal_067_c05_p04_prob0.999_x60288_y104320.png
normal_070,1,fibrosis_stroma_benign,1,E:\camelyon16_project\data\review\iter8_hn_train_stratified40_fp_components\normal_070\component_01\normal_070_c01_p01_prob1.000_x24064_y155776.png,E:\camelyon16_project\data\patches_iter8\train\normal\iter8_hn_normal_070_c01_r01_normal_070_c01_p01_prob1.000_x24064_y155776.png
normal_070,2,fibrosis_stroma_benign,1,E:\camelyon16_project\data\review\iter8_hn_train_stratified40_fp_components\normal_070\component_02\normal_070_c02_p01_prob0.997_x22400_y153984.png,E:\camelyon16_project\data\patches_iter8\train\normal\iter8_hn_normal_070_c02_r01_normal_070_c02_p01_prob0.997_x22400_y153984.png
normal_070,3,vessel_lumen,1,E:\camelyon16_project\data\review\iter8_hn_train_stratified40_fp_components\normal_070\component_03\normal_070_c03_p01_prob1.000_x32384_y145152.png,E:\camelyon16_project\data\patches_iter8\train\normal\iter8_hn_normal_070_c03_r01_normal_070_c03_p01_prob1.000_x32384_y145152.png
normal_070,4,fibrosis_stroma_benign,1,E:\camelyon16_project\data\review\iter8_hn_train_stratified40_fp_components\normal_070\component_04\normal_070_c04_p01_prob1.000_x27392_y162688.png,E:\camelyon16_project\data\patches_iter8\train\normal\iter8_hn_normal_070_c04_r01_normal_070_c04_p01_prob1.000_x27392_y162688.png
normal_070,1,fibrosis_stroma_benign,2,E:\camelyon16_project\data\review\iter8_hn_train_stratified40_fp_components\normal_070\component_01\normal_070_c01_p02_prob0.999_x22912_y155904.png,E:\camelyon16_project\data\patches_iter8\train\normal\iter8_hn_normal_070_c01_r02_normal_070_c01_p02_prob0.999_x22912_y155904.png
normal_070,2,fibrosis_stroma_benign,2,E:\camelyon16_project\data\review\iter8_hn_train_stratified40_fp_components\normal_070\component_02\normal_070_c02_p02_prob0.996_x22912_y154496.png,E:\camelyon16_project\data\patches_iter8\train\normal\iter8_hn_normal_070_c02_r02_normal_070_c02_p02_prob0.996_x22912_y154496.png
normal_070,3,vessel_lumen,2,E:\camelyon16_project\data\review\iter8_hn_train_stratified40_fp_components\normal_070\component_03\normal_070_c03_p02_prob1.000_x32256_y145280.png,E:\camelyon16_project\data\patches_iter8\train\normal\iter8_hn_normal_070_c03_r02_normal_070_c03_p02_prob1.000_x32256_y145280.png
normal_070,4,fibrosis_stroma_benign,2,E:\camelyon16_project\data\review\iter8_hn_train_stratified40_fp_components\normal_070\component_04\normal_070_c04_p02_prob0.999_x27392_y162560.png,E:\camelyon16_project\data\patches_iter8\train\normal\iter8_hn_normal_070_c04_r02_normal_070_c04_p02_prob0.999_x27392_y162560.png
normal_070,1,fibrosis_stroma_benign,3,E:\camelyon16_project\data\review\iter8_hn_train_stratified40_fp_components\normal_070\component_01\normal_070_c01_p03_prob0.999_x23040_y155776.png,E:\camelyon16_project\data\patches_iter8\train\normal\iter8_hn_normal_070_c01_r03_normal_070_c01_p03_prob0.999_x23040_y155776.png
normal_070,2,fibrosis_stroma_benign,3,E:\camelyon16_project\data\review\iter8_hn_train_stratified40_fp_components\normal_070\component_02\normal_070_c02_p03_prob0.995_x23040_y154112.png,E:\camelyon16_project\data\patches_iter8\train\normal\iter8_hn_normal_070_c02_r03_normal_070_c02_p03_prob0.995_x23040_y154112.png
normal_070,3,vessel_lumen,3,E:\camelyon16_project\data\review\iter8_hn_train_stratified40_fp_components\normal_070\component_03\normal_070_c03_p03_prob0.999_x32256_y145152.png,E:\camelyon16_project\data\patches_iter8\train\normal\iter8_hn_normal_070_c03_r03_normal_070_c03_p03_prob0.999_x32256_y145152.png
normal_070,4,fibrosis_stroma_benign,3,E:\camelyon16_project\data\review\iter8_hn_train_stratified40_fp_components\normal_070\component_04\normal_070_c04_p03_prob0.999_x27264_y162432.png,E:\camelyon16_project\data\patches_iter8\train\normal\iter8_hn_normal_070_c04_r03_normal_070_c04_p03_prob0.999_x27264_y162432.png
normal_070,1,fibrosis_stroma_benign,4,E:\camelyon16_project\data\review\iter8_hn_train_stratified40_fp_components\normal_070\component_01\normal_070_c01_p04_prob0.999_x23424_y155520.png,E:\camelyon16_project\data\patches_iter8\train\normal\iter8_hn_normal_070_c01_r04_normal_070_c01_p04_prob0.999_x23424_y155520.png
normal_070,2,fibrosis_stroma_benign,4,E:\camelyon16_project\data\review\iter8_hn_train_stratified40_fp_components\normal_070\component_02\normal_070_c02_p04_prob0.993_x22784_y154368.png,E:\camelyon16_project\data\patches_iter8\train\normal\iter8_hn_normal_070_c02_r04_normal_070_c02_p04_prob0.993_x22784_y154368.png
normal_070,3,vessel_lumen,4,E:\camelyon16_project\data\review\iter8_hn_train_stratified40_fp_components\normal_070\component_03\normal_070_c03_p04_prob0.998_x32512_y145152.png,E:\camelyon16_project\data\patches_iter8\train\normal\iter8_hn_normal_070_c03_r04_normal_070_c03_p04_prob0.998_x32512_y145152.png
normal_070,4,fibrosis_stroma_benign,4,E:\camelyon16_project\data\review\iter8_hn_train_stratified40_fp_components\normal_070\component_04\normal_070_c04_p04_prob0.998_x27264_y162304.png,E:\camelyon16_project\data\patches_iter8\train\normal\iter8_hn_normal_070_c04_r04_normal_070_c04_p04_prob0.998_x27264_y162304.png
normal_077,1,vessel_lumen,1,E:\camelyon16_project\data\review\iter8_hn_train_stratified40_fp_components\normal_077\component_01\normal_077_c01_p01_prob1.000_x56064_y138624.png,E:\camelyon16_project\data\patches_iter8\train\normal\iter8_hn_normal_077_c01_r01_normal_077_c01_p01_prob1.000_x56064_y138624.png
normal_077,1,vessel_lumen,2,E:\camelyon16_project\data\review\iter8_hn_train_stratified40_fp_components\normal_077\component_01\normal_077_c01_p02_prob0.999_x55936_y138624.png,E:\camelyon16_project\data\patches_iter8\train\normal\iter8_hn_normal_077_c01_r02_normal_077_c01_p02_prob0.999_x55936_y138624.png
normal_077,1,vessel_lumen,3,E:\camelyon16_project\data\review\iter8_hn_train_stratified40_fp_components\normal_077\component_01\normal_077_c01_p03_prob0.986_x56320_y138752.png,E:\camelyon16_project\data\patches_iter8\train\normal\iter8_hn_normal_077_c01_r03_normal_077_c01_p03_prob0.986_x56320_y138752.png
normal_077,1,vessel_lumen,4,E:\camelyon16_project\data\review\iter8_hn_train_stratified40_fp_components\normal_077\component_01\normal_077_c01_p04_prob0.984_x56832_y139008.png,E:\camelyon16_project\data\patches_iter8\train\normal\iter8_hn_normal_077_c01_r04_normal_077_c01_p04_prob0.984_x56832_y139008.png
normal_080,1,vessel_lumen,1,E:\camelyon16_project\data\review\iter8_hn_train_stratified40_fp_components\normal_080\component_01\normal_080_c01_p01_prob0.997_x20608_y187520.png,E:\camelyon16_project\data\patches_iter8\train\normal\iter8_hn_normal_080_c01_r01_normal_080_c01_p01_prob0.997_x20608_y187520.png
normal_080,1,vessel_lumen,2,E:\camelyon16_project\data\review\iter8_hn_train_stratified40_fp_components\normal_080\component_01\normal_080_c01_p02_prob0.991_x20480_y187904.png,E:\camelyon16_project\data\patches_iter8\train\normal\iter8_hn_normal_080_c01_r02_normal_080_c01_p02_prob0.991_x20480_y187904.png
normal_080,1,vessel_lumen,3,E:\camelyon16_project\data\review\iter8_hn_train_stratified40_fp_components\normal_080\component_01\normal_080_c01_p03_prob0.971_x20480_y187776.png,E:\camelyon16_project\data\patches_iter8\train\normal\iter8_hn_normal_080_c01_r03_normal_080_c01_p03_prob0.971_x20480_y187776.png
normal_080,1,vessel_lumen,4,E:\camelyon16_project\data\review\iter8_hn_train_stratified40_fp_components\normal_080\component_01\normal_080_c01_p04_prob0.968_x20480_y187648.png,E:\camelyon16_project\data\patches_iter8\train\normal\iter8_hn_normal_080_c01_r04_normal_080_c01_p04_prob0.968_x20480_y187648.png
normal_087,1,fibrosis_stroma_benign,1,E:\camelyon16_project\data\review\iter8_hn_train_stratified40_fp_components\normal_087\component_01\normal_087_c01_p01_prob1.000_x32000_y84096.png,E:\camelyon16_project\data\patches_iter8\train\normal\iter8_hn_normal_087_c01_r01_normal_087_c01_p01_prob1.000_x32000_y84096.png
normal_087,2,fibrosis_stroma_benign,1,E:\camelyon16_project\data\review\iter8_hn_train_stratified40_fp_components\normal_087\component_02\normal_087_c02_p01_prob0.998_x42752_y113280.png,E:\camelyon16_project\data\patches_iter8\train\normal\iter8_hn_normal_087_c02_r01_normal_087_c02_p01_prob0.998_x42752_y113280.png
normal_087,3,electrocoagulation_artifact,1,E:\camelyon16_project\data\review\iter8_hn_train_stratified40_fp_components\normal_087\component_03\normal_087_c03_p01_prob1.000_x90496_y129920.png,E:\camelyon16_project\data\patches_iter8\train\normal\iter8_hn_normal_087_c03_r01_normal_087_c03_p01_prob1.000_x90496_y129920.png
normal_087,4,vessel_lumen,1,E:\camelyon16_project\data\review\iter8_hn_train_stratified40_fp_components\normal_087\component_04\normal_087_c04_p01_prob1.000_x36352_y96512.png,E:\camelyon16_project\data\patches_iter8\train\normal\iter8_hn_normal_087_c04_r01_normal_087_c04_p01_prob1.000_x36352_y96512.png
normal_087,5,fibrosis_stroma_benign,1,E:\camelyon16_project\data\review\iter8_hn_train_stratified40_fp_components\normal_087\component_05\normal_087_c05_p01_prob0.999_x25344_y128128.png,E:\camelyon16_project\data\patches_iter8\train\normal\iter8_hn_normal_087_c05_r01_normal_087_c05_p01_prob0.999_x25344_y128128.png
normal_087,1,fibrosis_stroma_benign,2,E:\camelyon16_project\data\review\iter8_hn_train_stratified40_fp_components\normal_087\component_01\normal_087_c01_p02_prob0.998_x30976_y82560.png,E:\camelyon16_project\data\patches_iter8\train\normal\iter8_hn_normal_087_c01_r02_normal_087_c01_p02_prob0.998_x30976_y82560.png
normal_087,2,fibrosis_stroma_benign,2,E:\camelyon16_project\data\review\iter8_hn_train_stratified40_fp_components\normal_087\component_02\normal_087_c02_p02_prob0.996_x43136_y113536.png,E:\camelyon16_project\data\patches_iter8\train\normal\iter8_hn_normal_087_c02_r02_normal_087_c02_p02_prob0.996_x43136_y113536.png
normal_087,3,electrocoagulation_artifact,2,E:\camelyon16_project\data\review\iter8_hn_train_stratified40_fp_components\normal_087\component_03\normal_087_c03_p02_prob0.996_x90624_y129280.png,E:\camelyon16_project\data\patches_iter8\train\normal\iter8_hn_normal_087_c03_r02_normal_087_c03_p02_prob0.996_x90624_y129280.png
normal_087,4,vessel_lumen,2,E:\camelyon16_project\data\review\iter8_hn_train_stratified40_fp_components\normal_087\component_04\normal_087_c04_p02_prob1.000_x36352_y96640.png,E:\camelyon16_project\data\patches_iter8\train\normal\iter8_hn_normal_087_c04_r02_normal_087_c04_p02_prob1.000_x36352_y96640.png
normal_087,5,fibrosis_stroma_benign,2,E:\camelyon16_project\data\review\iter8_hn_train_stratified40_fp_components\normal_087\component_05\normal_087_c05_p02_prob0.996_x25472_y128128.png,E:\camelyon16_project\data\patches_iter8\train\normal\iter8_hn_normal_087_c05_r02_normal_087_c05_p02_prob0.996_x25472_y128128.png
normal_087,1,fibrosis_stroma_benign,3,E:\camelyon16_project\data\review\iter8_hn_train_stratified40_fp_components\normal_087\component_01\normal_087_c01_p03_prob0.996_x31104_y82688.png,E:\camelyon16_project\data\patches_iter8\train\normal\iter8_hn_normal_087_c01_r03_normal_087_c01_p03_prob0.996_x31104_y82688.png
normal_087,2,fibrosis_stroma_benign,3,E:\camelyon16_project\data\review\iter8_hn_train_stratified40_fp_components\normal_087\component_02\normal_087_c02_p03_prob0.983_x42880_y113536.png,E:\camelyon16_project\data\patches_iter8\train\normal\iter8_hn_normal_087_c02_r03_normal_087_c02_p03_prob0.983_x42880_y113536.png
normal_087,3,electrocoagulation_artifact,3,E:\camelyon16_project\data\review\iter8_hn_train_stratified40_fp_components\normal_087\component_03\normal_087_c03_p03_prob0.989_x90624_y129408.png,E:\camelyon16_project\data\patches_iter8\train\normal\iter8_hn_normal_087_c03_r03_normal_087_c03_p03_prob0.989_x90624_y129408.png
normal_087,4,vessel_lumen,3,E:\camelyon16_project\data\review\iter8_hn_train_stratified40_fp_components\normal_087\component_04\normal_087_c04_p03_prob0.999_x36352_y96384.png,E:\camelyon16_project\data\patches_iter8\train\normal\iter8_hn_normal_087_c04_r03_normal_087_c04_p03_prob0.999_x36352_y96384.png
normal_087,5,fibrosis_stroma_benign,3,E:\camelyon16_project\data\review\iter8_hn_train_stratified40_fp_components\normal_087\component_05\normal_087_c05_p03_prob0.995_x24704_y127744.png,E:\camelyon16_project\data\patches_iter8\train\normal\iter8_hn_normal_087_c05_r03_normal_087_c05_p03_prob0.995_x24704_y127744.png
normal_087,1,fibrosis_stroma_benign,4,E:\camelyon16_project\data\review\iter8_hn_train_stratified40_fp_components\normal_087\component_01\normal_087_c01_p04_prob0.996_x30848_y82432.png,E:\camelyon16_project\data\patches_iter8\train\normal\iter8_hn_normal_087_c01_r04_normal_087_c01_p04_prob0.996_x30848_y82432.png
normal_087,2,fibrosis_stroma_benign,4,E:\camelyon16_project\data\review\iter8_hn_train_stratified40_fp_components\normal_087\component_02\normal_087_c02_p04_prob0.981_x42624_y113664.png,E:\camelyon16_project\data\patches_iter8\train\normal\iter8_hn_normal_087_c02_r04_normal_087_c02_p04_prob0.981_x42624_y113664.png
normal_087,3,electrocoagulation_artifact,4,E:\camelyon16_project\data\review\iter8_hn_train_stratified40_fp_components\normal_087\component_03\normal_087_c03_p04_prob0.985_x90496_y129280.png,E:\camelyon16_project\data\patches_iter8\train\normal\iter8_hn_normal_087_c03_r04_normal_087_c03_p04_prob0.985_x90496_y129280.png
normal_087,4,vessel_lumen,4,E:\camelyon16_project\data\review\iter8_hn_train_stratified40_fp_components\normal_087\component_04\normal_087_c04_p04_prob0.998_x36224_y96512.png,E:\camelyon16_project\data\patches_iter8\train\normal\iter8_hn_normal_087_c04_r04_normal_087_c04_p04_prob0.998_x36224_y96512.png
normal_087,5,fibrosis_stroma_benign,4,E:\camelyon16_project\data\review\iter8_hn_train_stratified40_fp_components\normal_087\component_05\normal_087_c05_p04_prob0.991_x25216_y128128.png,E:\camelyon16_project\data\patches_iter8\train\normal\iter8_hn_normal_087_c05_r04_normal_087_c05_p04_prob0.991_x25216_y128128.png
normal_089,1,generic_artifact,1,E:\camelyon16_project\data\review\iter8_hn_train_stratified40_fp_components\normal_089\component_01\normal_089_c01_p01_prob1.000_x47616_y133376.png,E:\camelyon16_project\data\patches_iter8\train\normal\iter8_hn_normal_089_c01_r01_normal_089_c01_p01_prob1.000_x47616_y133376.png
normal_089,2,generic_artifact,1,E:\camelyon16_project\data\review\iter8_hn_train_stratified40_fp_components\normal_089\component_02\normal_089_c02_p01_prob0.999_x51712_y132864.png,E:\camelyon16_project\data\patches_iter8\train\normal\iter8_hn_normal_089_c02_r01_normal_089_c02_p01_prob0.999_x51712_y132864.png
normal_089,3,vessel_lumen,1,E:\camelyon16_project\data\review\iter8_hn_train_stratified40_fp_components\normal_089\component_03\normal_089_c03_p01_prob1.000_x21376_y82304.png,E:\camelyon16_project\data\patches_iter8\train\normal\iter8_hn_normal_089_c03_r01_normal_089_c03_p01_prob1.000_x21376_y82304.png
normal_089,4,vessel_lumen,1,E:\camelyon16_project\data\review\iter8_hn_train_stratified40_fp_components\normal_089\component_04\normal_089_c04_p01_prob0.999_x16640_y78336.png,E:\camelyon16_project\data\patches_iter8\train\normal\iter8_hn_normal_089_c04_r01_normal_089_c04_p01_prob0.999_x16640_y78336.png
normal_089,5,fibrosis_stroma_benign,1,E:\camelyon16_project\data\review\iter8_hn_train_stratified40_fp_components\normal_089\component_05\normal_089_c05_p01_prob1.000_x64256_y141056.png,E:\camelyon16_project\data\patches_iter8\train\normal\iter8_hn_normal_089_c05_r01_normal_089_c05_p01_prob1.000_x64256_y141056.png
normal_089,1,generic_artifact,2,E:\camelyon16_project\data\review\iter8_hn_train_stratified40_fp_components\normal_089\component_01\normal_089_c01_p02_prob0.999_x48000_y133504.png,E:\camelyon16_project\data\patches_iter8\train\normal\iter8_hn_normal_089_c01_r02_normal_089_c01_p02_prob0.999_x48000_y133504.png
normal_089,2,generic_artifact,2,E:\camelyon16_project\data\review\iter8_hn_train_stratified40_fp_components\normal_089\component_02\normal_089_c02_p02_prob0.999_x52608_y133376.png,E:\camelyon16_project\data\patches_iter8\train\normal\iter8_hn_normal_089_c02_r02_normal_089_c02_p02_prob0.999_x52608_y133376.png
normal_089,3,vessel_lumen,2,E:\camelyon16_project\data\review\iter8_hn_train_stratified40_fp_components\normal_089\component_03\normal_089_c03_p02_prob1.000_x21248_y82816.png,E:\camelyon16_project\data\patches_iter8\train\normal\iter8_hn_normal_089_c03_r02_normal_089_c03_p02_prob1.000_x21248_y82816.png
normal_089,4,vessel_lumen,2,E:\camelyon16_project\data\review\iter8_hn_train_stratified40_fp_components\normal_089\component_04\normal_089_c04_p02_prob0.996_x16640_y77952.png,E:\camelyon16_project\data\patches_iter8\train\normal\iter8_hn_normal_089_c04_r02_normal_089_c04_p02_prob0.996_x16640_y77952.png
normal_089,5,fibrosis_stroma_benign,2,E:\camelyon16_project\data\review\iter8_hn_train_stratified40_fp_components\normal_089\component_05\normal_089_c05_p02_prob1.000_x64512_y141312.png,E:\camelyon16_project\data\patches_iter8\train\normal\iter8_hn_normal_089_c05_r02_normal_089_c05_p02_prob1.000_x64512_y141312.png
normal_089,1,generic_artifact,3,E:\camelyon16_project\data\review\iter8_hn_train_stratified40_fp_components\normal_089\component_01\normal_089_c01_p03_prob0.998_x47616_y133504.png,E:\camelyon16_project\data\patches_iter8\train\normal\iter8_hn_normal_089_c01_r03_normal_089_c01_p03_prob0.998_x47616_y133504.png
normal_089,2,generic_artifact,3,E:\camelyon16_project\data\review\iter8_hn_train_stratified40_fp_components\normal_089\component_02\normal_089_c02_p03_prob0.999_x51584_y132864.png,E:\camelyon16_project\data\patches_iter8\train\normal\iter8_hn_normal_089_c02_r03_normal_089_c02_p03_prob0.999_x51584_y132864.png
normal_089,3,vessel_lumen,3,E:\camelyon16_project\data\review\iter8_hn_train_stratified40_fp_components\normal_089\component_03\normal_089_c03_p03_prob0.999_x21760_y82176.png,E:\camelyon16_project\data\patches_iter8\train\normal\iter8_hn_normal_089_c03_r03_normal_089_c03_p03_prob0.999_x21760_y82176.png
normal_089,4,vessel_lumen,3,E:\camelyon16_project\data\review\iter8_hn_train_stratified40_fp_components\normal_089\component_04\normal_089_c04_p03_prob0.993_x16512_y77952.png,E:\camelyon16_project\data\patches_iter8\train\normal\iter8_hn_normal_089_c04_r03_normal_089_c04_p03_prob0.993_x16512_y77952.png
normal_089,5,fibrosis_stroma_benign,3,E:\camelyon16_project\data\review\iter8_hn_train_stratified40_fp_components\normal_089\component_05\normal_089_c05_p03_prob0.999_x64384_y141056.png,E:\camelyon16_project\data\patches_iter8\train\normal\iter8_hn_normal_089_c05_r03_normal_089_c05_p03_prob0.999_x64384_y141056.png
normal_089,1,generic_artifact,4,E:\camelyon16_project\data\review\iter8_hn_train_stratified40_fp_components\normal_089\component_01\normal_089_c01_p04_prob0.997_x47872_y133376.png,E:\camelyon16_project\data\patches_iter8\train\normal\iter8_hn_normal_089_c01_r04_normal_089_c01_p04_prob0.997_x47872_y133376.png
normal_089,2,generic_artifact,4,E:\camelyon16_project\data\review\iter8_hn_train_stratified40_fp_components\normal_089\component_02\normal_089_c02_p04_prob0.998_x52224_y133376.png,E:\camelyon16_project\data\patches_iter8\train\normal\iter8_hn_normal_089_c02_r04_normal_089_c02_p04_prob0.998_x52224_y133376.png
normal_089,3,vessel_lumen,4,E:\camelyon16_project\data\review\iter8_hn_train_stratified40_fp_components\normal_089\component_03\normal_089_c03_p04_prob0.998_x21632_y82176.png,E:\camelyon16_project\data\patches_iter8\train\normal\iter8_hn_normal_089_c03_r04_normal_089_c03_p04_prob0.998_x21632_y82176.png
normal_089,4,vessel_lumen,4,E:\camelyon16_project\data\review\iter8_hn_train_stratified40_fp_components\normal_089\component_04\normal_089_c04_p04_prob0.981_x16640_y77824.png,E:\camelyon16_project\data\patches_iter8\train\normal\iter8_hn_normal_089_c04_r04_normal_089_c04_p04_prob0.981_x16640_y77824.png
normal_089,5,fibrosis_stroma_benign,4,E:\camelyon16_project\data\review\iter8_hn_train_stratified40_fp_components\normal_089\component_05\normal_089_c05_p04_prob0.999_x64384_y141184.png,E:\camelyon16_project\data\patches_iter8\train\normal\iter8_hn_normal_089_c05_r04_normal_089_c05_p04_prob0.999_x64384_y141184.png
normal_096,1,vessel_lumen,1,E:\camelyon16_project\data\review\iter8_hn_train_stratified40_fp_components\normal_096\component_01\normal_096_c01_p01_prob0.999_x80384_y99968.png,E:\camelyon16_project\data\patches_iter8\train\normal\iter8_hn_normal_096_c01_r01_normal_096_c01_p01_prob0.999_x80384_y99968.png
normal_096,2,vessel_lumen,1,E:\camelyon16_project\data\review\iter8_hn_train_stratified40_fp_components\normal_096\component_02\normal_096_c02_p01_prob0.955_x24320_y181120.png,E:\camelyon16_project\data\patches_iter8\train\normal\iter8_hn_normal_096_c02_r01_normal_096_c02_p01_prob0.955_x24320_y181120.png
normal_096,3,vessel_lumen,1,E:\camelyon16_project\data\review\iter8_hn_train_stratified40_fp_components\normal_096\component_03\normal_096_c03_p01_prob0.999_x41216_y117248.png,E:\camelyon16_project\data\patches_iter8\train\normal\iter8_hn_normal_096_c03_r01_normal_096_c03_p01_prob0.999_x41216_y117248.png
normal_096,1,vessel_lumen,2,E:\camelyon16_project\data\review\iter8_hn_train_stratified40_fp_components\normal_096\component_01\normal_096_c01_p02_prob0.997_x80768_y98688.png,E:\camelyon16_project\data\patches_iter8\train\normal\iter8_hn_normal_096_c01_r02_normal_096_c01_p02_prob0.997_x80768_y98688.png
normal_096,2,vessel_lumen,2,E:\camelyon16_project\data\review\iter8_hn_train_stratified40_fp_components\normal_096\component_02\normal_096_c02_p02_prob0.942_x23936_y180736.png,E:\camelyon16_project\data\patches_iter8\train\normal\iter8_hn_normal_096_c02_r02_normal_096_c02_p02_prob0.942_x23936_y180736.png
normal_096,3,vessel_lumen,2,E:\camelyon16_project\data\review\iter8_hn_train_stratified40_fp_components\normal_096\component_03\normal_096_c03_p02_prob0.999_x41088_y117120.png,E:\camelyon16_project\data\patches_iter8\train\normal\iter8_hn_normal_096_c03_r02_normal_096_c03_p02_prob0.999_x41088_y117120.png
normal_096,1,vessel_lumen,3,E:\camelyon16_project\data\review\iter8_hn_train_stratified40_fp_components\normal_096\component_01\normal_096_c01_p03_prob0.996_x80256_y99584.png,E:\camelyon16_project\data\patches_iter8\train\normal\iter8_hn_normal_096_c01_r03_normal_096_c01_p03_prob0.996_x80256_y99584.png
normal_096,2,vessel_lumen,3,E:\camelyon16_project\data\review\iter8_hn_train_stratified40_fp_components\normal_096\component_02\normal_096_c02_p03_prob0.915_x23680_y180480.png,E:\camelyon16_project\data\patches_iter8\train\normal\iter8_hn_normal_096_c02_r03_normal_096_c02_p03_prob0.915_x23680_y180480.png
normal_096,3,vessel_lumen,3,E:\camelyon16_project\data\review\iter8_hn_train_stratified40_fp_components\normal_096\component_03\normal_096_c03_p03_prob0.999_x41344_y116736.png,E:\camelyon16_project\data\patches_iter8\train\normal\iter8_hn_normal_096_c03_r03_normal_096_c03_p03_prob0.999_x41344_y116736.png
normal_096,1,vessel_lumen,4,E:\camelyon16_project\data\review\iter8_hn_train_stratified40_fp_components\normal_096\component_01\normal_096_c01_p04_prob0.993_x80512_y98944.png,E:\camelyon16_project\data\patches_iter8\train\normal\iter8_hn_normal_096_c01_r04_normal_096_c01_p04_prob0.993_x80512_y98944.png
normal_096,2,vessel_lumen,4,E:\camelyon16_project\data\review\iter8_hn_train_stratified40_fp_components\normal_096\component_02\normal_096_c02_p04_prob0.909_x24320_y180992.png,E:\camelyon16_project\data\patches_iter8\train\normal\iter8_hn_normal_096_c02_r04_normal_096_c02_p04_prob0.909_x24320_y180992.png
normal_096,3,vessel_lumen,4,E:\camelyon16_project\data\review\iter8_hn_train_stratified40_fp_components\normal_096\component_03\normal_096_c03_p04_prob0.997_x41216_y117376.png,E:\camelyon16_project\data\patches_iter8\train\normal\iter8_hn_normal_096_c03_r04_normal_096_c03_p04_prob0.997_x41216_y117376.png
normal_103,1,sinus_histiocytosis,1,E:\camelyon16_project\data\review\iter8_hn_train_stratified40_fp_components\normal_103\component_01\normal_103_c01_p01_prob1.000_x79616_y24192.png,E:\camelyon16_project\data\patches_iter8\train\normal\iter8_hn_normal_103_c01_r01_normal_103_c01_p01_prob1.000_x79616_y24192.png
normal_103,2,macrophage_histiocyte,1,E:\camelyon16_project\data\review\iter8_hn_train_stratified40_fp_components\normal_103\component_02\normal_103_c02_p01_prob1.000_x35584_y14976.png,E:\camelyon16_project\data\patches_iter8\train\normal\iter8_hn_normal_103_c02_r01_normal_103_c02_p01_prob1.000_x35584_y14976.png
normal_103,3,macrophage_histiocyte,1,E:\camelyon16_project\data\review\iter8_hn_train_stratified40_fp_components\normal_103\component_03\normal_103_c03_p01_prob1.000_x84736_y36736.png,E:\camelyon16_project\data\patches_iter8\train\normal\iter8_hn_normal_103_c03_r01_normal_103_c03_p01_prob1.000_x84736_y36736.png
normal_103,4,macrophage_histiocyte,1,E:\camelyon16_project\data\review\iter8_hn_train_stratified40_fp_components\normal_103\component_04\normal_103_c04_p01_prob1.000_x75136_y18688.png,E:\camelyon16_project\data\patches_iter8\train\normal\iter8_hn_normal_103_c04_r01_normal_103_c04_p01_prob1.000_x75136_y18688.png
normal_103,5,macrophage_histiocyte,1,E:\camelyon16_project\data\review\iter8_hn_train_stratified40_fp_components\normal_103\component_05\normal_103_c05_p01_prob1.000_x40960_y23424.png,E:\camelyon16_project\data\patches_iter8\train\normal\iter8_hn_normal_103_c05_r01_normal_103_c05_p01_prob1.000_x40960_y23424.png
normal_103,1,sinus_histiocytosis,2,E:\camelyon16_project\data\review\iter8_hn_train_stratified40_fp_components\normal_103\component_01\normal_103_c01_p02_prob1.000_x78720_y24704.png,E:\camelyon16_project\data\patches_iter8\train\normal\iter8_hn_normal_103_c01_r02_normal_103_c01_p02_prob1.000_x78720_y24704.png
normal_103,2,macrophage_histiocyte,2,E:\camelyon16_project\data\review\iter8_hn_train_stratified40_fp_components\normal_103\component_02\normal_103_c02_p02_prob1.000_x35328_y15872.png,E:\camelyon16_project\data\patches_iter8\train\normal\iter8_hn_normal_103_c02_r02_normal_103_c02_p02_prob1.000_x35328_y15872.png
normal_103,3,macrophage_histiocyte,2,E:\camelyon16_project\data\review\iter8_hn_train_stratified40_fp_components\normal_103\component_03\normal_103_c03_p02_prob0.999_x82304_y36480.png,E:\camelyon16_project\data\patches_iter8\train\normal\iter8_hn_normal_103_c03_r02_normal_103_c03_p02_prob0.999_x82304_y36480.png
normal_103,4,macrophage_histiocyte,2,E:\camelyon16_project\data\review\iter8_hn_train_stratified40_fp_components\normal_103\component_04\normal_103_c04_p02_prob0.998_x76800_y18560.png,E:\camelyon16_project\data\patches_iter8\train\normal\iter8_hn_normal_103_c04_r02_normal_103_c04_p02_prob0.998_x76800_y18560.png
normal_103,5,macrophage_histiocyte,2,E:\camelyon16_project\data\review\iter8_hn_train_stratified40_fp_components\normal_103\component_05\normal_103_c05_p02_prob1.000_x39808_y23168.png,E:\camelyon16_project\data\patches_iter8\train\normal\iter8_hn_normal_103_c05_r02_normal_103_c05_p02_prob1.000_x39808_y23168.png
normal_103,1,sinus_histiocytosis,3,E:\camelyon16_project\data\review\iter8_hn_train_stratified40_fp_components\normal_103\component_01\normal_103_c01_p03_prob1.000_x80512_y22656.png,E:\camelyon16_project\data\patches_iter8\train\normal\iter8_hn_normal_103_c01_r03_normal_103_c01_p03_prob1.000_x80512_y22656.png
normal_103,2,macrophage_histiocyte,3,E:\camelyon16_project\data\review\iter8_hn_train_stratified40_fp_components\normal_103\component_02\normal_103_c02_p03_prob1.000_x39168_y15744.png,E:\camelyon16_project\data\patches_iter8\train\normal\iter8_hn_normal_103_c02_r03_normal_103_c02_p03_prob1.000_x39168_y15744.png
normal_103,3,macrophage_histiocyte,3,E:\camelyon16_project\data\review\iter8_hn_train_stratified40_fp_components\normal_103\component_03\normal_103_c03_p03_prob0.999_x84736_y36864.png,E:\camelyon16_project\data\patches_iter8\train\normal\iter8_hn_normal_103_c03_r03_normal_103_c03_p03_prob0.999_x84736_y36864.png
normal_103,4,macrophage_histiocyte,3,E:\camelyon16_project\data\review\iter8_hn_train_stratified40_fp_components\normal_103\component_04\normal_103_c04_p03_prob0.998_x75008_y19712.png,E:\camelyon16_project\data\patches_iter8\train\normal\iter8_hn_normal_103_c04_r03_normal_103_c04_p03_prob0.998_x75008_y19712.png
normal_103,5,macrophage_histiocyte,3,E:\camelyon16_project\data\review\iter8_hn_train_stratified40_fp_components\normal_103\component_05\normal_103_c05_p03_prob1.000_x41088_y23424.png,E:\camelyon16_project\data\patches_iter8\train\normal\iter8_hn_normal_103_c05_r03_normal_103_c05_p03_prob1.000_x41088_y23424.png
normal_103,1,sinus_histiocytosis,4,E:\camelyon16_project\data\review\iter8_hn_train_stratified40_fp_components\normal_103\component_01\normal_103_c01_p04_prob1.000_x79616_y22016.png,E:\camelyon16_project\data\patches_iter8\train\normal\iter8_hn_normal_103_c01_r04_normal_103_c01_p04_prob1.000_x79616_y22016.png
normal_103,2,macrophage_histiocyte,4,E:\camelyon16_project\data\review\iter8_hn_train_stratified40_fp_components\normal_103\component_02\normal_103_c02_p04_prob0.999_x39168_y15616.png,E:\camelyon16_project\data\patches_iter8\train\normal\iter8_hn_normal_103_c02_r04_normal_103_c02_p04_prob0.999_x39168_y15616.png
normal_103,3,macrophage_histiocyte,4,E:\camelyon16_project\data\review\iter8_hn_train_stratified40_fp_components\normal_103\component_03\normal_103_c03_p04_prob0.999_x84352_y36992.png,E:\camelyon16_project\data\patches_iter8\train\normal\iter8_hn_normal_103_c03_r04_normal_103_c03_p04_prob0.999_x84352_y36992.png
normal_103,4,macrophage_histiocyte,4,E:\camelyon16_project\data\review\iter8_hn_train_stratified40_fp_components\normal_103\component_04\normal_103_c04_p04_prob0.997_x76544_y20224.png,E:\camelyon16_project\data\patches_iter8\train\normal\iter8_hn_normal_103_c04_r04_normal_103_c04_p04_prob0.997_x76544_y20224.png
normal_103,5,macrophage_histiocyte,4,E:\camelyon16_project\data\review\iter8_hn_train_stratified40_fp_components\normal_103\component_05\normal_103_c05_p04_prob1.000_x39808_y22912.png,E:\camelyon16_project\data\patches_iter8\train\normal\iter8_hn_normal_103_c05_r04_normal_103_c05_p04_prob1.000_x39808_y22912.png
normal_106,1,fibrosis_stroma_benign,1,E:\camelyon16_project\data\review\iter8_hn_train_stratified40_fp_components\normal_106\component_01\normal_106_c01_p01_prob1.000_x24576_y66816.png,E:\camelyon16_project\data\patches_iter8\train\normal\iter8_hn_normal_106_c01_r01_normal_106_c01_p01_prob1.000_x24576_y66816.png
normal_106,2,fibrosis_stroma_benign,1,E:\camelyon16_project\data\review\iter8_hn_train_stratified40_fp_components\normal_106\component_02\normal_106_c02_p01_prob1.000_x19072_y58240.png,E:\camelyon16_project\data\patches_iter8\train\normal\iter8_hn_normal_106_c02_r01_normal_106_c02_p01_prob1.000_x19072_y58240.png
normal_106,3,fibrosis_stroma_benign,1,E:\camelyon16_project\data\review\iter8_hn_train_stratified40_fp_components\normal_106\component_03\normal_106_c03_p01_prob1.000_x62464_y9472.png,E:\camelyon16_project\data\patches_iter8\train\normal\iter8_hn_normal_106_c03_r01_normal_106_c03_p01_prob1.000_x62464_y9472.png
normal_106,4,fibrosis_stroma_benign,1,E:\camelyon16_project\data\review\iter8_hn_train_stratified40_fp_components\normal_106\component_04\normal_106_c04_p01_prob1.000_x19712_y69632.png,E:\camelyon16_project\data\patches_iter8\train\normal\iter8_hn_normal_106_c04_r01_normal_106_c04_p01_prob1.000_x19712_y69632.png
normal_106,5,fibrosis_stroma_benign,1,E:\camelyon16_project\data\review\iter8_hn_train_stratified40_fp_components\normal_106\component_05\normal_106_c05_p01_prob1.000_x100480_y28800.png,E:\camelyon16_project\data\patches_iter8\train\normal\iter8_hn_normal_106_c05_r01_normal_106_c05_p01_prob1.000_x100480_y28800.png
normal_106,1,fibrosis_stroma_benign,2,E:\camelyon16_project\data\review\iter8_hn_train_stratified40_fp_components\normal_106\component_01\normal_106_c01_p02_prob1.000_x22784_y67072.png,E:\camelyon16_project\data\patches_iter8\train\normal\iter8_hn_normal_106_c01_r02_normal_106_c01_p02_prob1.000_x22784_y67072.png
normal_106,2,fibrosis_stroma_benign,2,E:\camelyon16_project\data\review\iter8_hn_train_stratified40_fp_components\normal_106\component_02\normal_106_c02_p02_prob1.000_x20096_y56192.png,E:\camelyon16_project\data\patches_iter8\train\normal\iter8_hn_normal_106_c02_r02_normal_106_c02_p02_prob1.000_x20096_y56192.png
normal_106,3,fibrosis_stroma_benign,2,E:\camelyon16_project\data\review\iter8_hn_train_stratified40_fp_components\normal_106\component_03\normal_106_c03_p02_prob1.000_x62592_y9472.png,E:\camelyon16_project\data\patches_iter8\train\normal\iter8_hn_normal_106_c03_r02_normal_106_c03_p02_prob1.000_x62592_y9472.png
normal_106,4,fibrosis_stroma_benign,2,E:\camelyon16_project\data\review\iter8_hn_train_stratified40_fp_components\normal_106\component_04\normal_106_c04_p02_prob1.000_x20352_y67712.png,E:\camelyon16_project\data\patches_iter8\train\normal\iter8_hn_normal_106_c04_r02_normal_106_c04_p02_prob1.000_x20352_y67712.png
normal_106,5,fibrosis_stroma_benign,2,E:\camelyon16_project\data\review\iter8_hn_train_stratified40_fp_components\normal_106\component_05\normal_106_c05_p02_prob1.000_x100608_y29056.png,E:\camelyon16_project\data\patches_iter8\train\normal\iter8_hn_normal_106_c05_r02_normal_106_c05_p02_prob1.000_x100608_y29056.png
normal_106,1,fibrosis_stroma_benign,3,E:\camelyon16_project\data\review\iter8_hn_train_stratified40_fp_components\normal_106\component_01\normal_106_c01_p03_prob1.000_x22144_y66304.png,E:\camelyon16_project\data\patches_iter8\train\normal\iter8_hn_normal_106_c01_r03_normal_106_c01_p03_prob1.000_x22144_y66304.png
normal_106,2,fibrosis_stroma_benign,3,E:\camelyon16_project\data\review\iter8_hn_train_stratified40_fp_components\normal_106\component_02\normal_106_c02_p03_prob1.000_x19584_y56064.png,E:\camelyon16_project\data\patches_iter8\train\normal\iter8_hn_normal_106_c02_r03_normal_106_c02_p03_prob1.000_x19584_y56064.png
normal_106,3,fibrosis_stroma_benign,3,E:\camelyon16_project\data\review\iter8_hn_train_stratified40_fp_components\normal_106\component_03\normal_106_c03_p03_prob1.000_x62464_y9600.png,E:\camelyon16_project\data\patches_iter8\train\normal\iter8_hn_normal_106_c03_r03_normal_106_c03_p03_prob1.000_x62464_y9600.png
normal_106,4,fibrosis_stroma_benign,3,E:\camelyon16_project\data\review\iter8_hn_train_stratified40_fp_components\normal_106\component_04\normal_106_c04_p03_prob1.000_x19584_y69632.png,E:\camelyon16_project\data\patches_iter8\train\normal\iter8_hn_normal_106_c04_r03_normal_106_c04_p03_prob1.000_x19584_y69632.png
normal_106,5,fibrosis_stroma_benign,3,E:\camelyon16_project\data\review\iter8_hn_train_stratified40_fp_components\normal_106\component_05\normal_106_c05_p03_prob1.000_x100608_y29184.png,E:\camelyon16_project\data\patches_iter8\train\normal\iter8_hn_normal_106_c05_r03_normal_106_c05_p03_prob1.000_x100608_y29184.png
normal_106,1,fibrosis_stroma_benign,4,E:\camelyon16_project\data\review\iter8_hn_train_stratified40_fp_components\normal_106\component_01\normal_106_c01_p04_prob1.000_x21760_y66816.png,E:\camelyon16_project\data\patches_iter8\train\normal\iter8_hn_normal_106_c01_r04_normal_106_c01_p04_prob1.000_x21760_y66816.png
normal_106,2,fibrosis_stroma_benign,4,E:\camelyon16_project\data\review\iter8_hn_train_stratified40_fp_components\normal_106\component_02\normal_106_c02_p04_prob1.000_x20480_y54912.png,E:\camelyon16_project\data\patches_iter8\train\normal\iter8_hn_normal_106_c02_r04_normal_106_c02_p04_prob1.000_x20480_y54912.png
normal_106,3,fibrosis_stroma_benign,4,E:\camelyon16_project\data\review\iter8_hn_train_stratified40_fp_components\normal_106\component_03\normal_106_c03_p04_prob1.000_x62336_y9216.png,E:\camelyon16_project\data\patches_iter8\train\normal\iter8_hn_normal_106_c03_r04_normal_106_c03_p04_prob1.000_x62336_y9216.png
normal_106,4,fibrosis_stroma_benign,4,E:\camelyon16_project\data\review\iter8_hn_train_stratified40_fp_components\normal_106\component_04\normal_106_c04_p04_prob1.000_x20096_y68224.png,E:\camelyon16_project\data\patches_iter8\train\normal\iter8_hn_normal_106_c04_r04_normal_106_c04_p04_prob1.000_x20096_y68224.png
normal_106,5,fibrosis_stroma_benign,4,E:\camelyon16_project\data\review\iter8_hn_train_stratified40_fp_components\normal_106\component_05\normal_106_c05_p04_prob1.000_x99200_y27008.png,E:\camelyon16_project\data\patches_iter8\train\normal\iter8_hn_normal_106_c05_r04_normal_106_c05_p04_prob1.000_x99200_y27008.png
normal_108,1,macrophage_histiocyte,1,E:\camelyon16_project\data\review\iter8_hn_train_stratified40_fp_components\normal_108\component_01\normal_108_c01_p01_prob1.000_x32256_y22784.png,E:\camelyon16_project\data\patches_iter8\train\normal\iter8_hn_normal_108_c01_r01_normal_108_c01_p01_prob1.000_x32256_y22784.png
normal_108,2,macrophage_histiocyte,1,E:\camelyon16_project\data\review\iter8_hn_train_stratified40_fp_components\normal_108\component_02\normal_108_c02_p01_prob1.000_x33536_y18048.png,E:\camelyon16_project\data\patches_iter8\train\normal\iter8_hn_normal_108_c02_r01_normal_108_c02_p01_prob1.000_x33536_y18048.png
normal_108,3,macrophage_histiocyte,1,E:\camelyon16_project\data\review\iter8_hn_train_stratified40_fp_components\normal_108\component_03\normal_108_c03_p01_prob0.999_x32000_y16256.png,E:\camelyon16_project\data\patches_iter8\train\normal\iter8_hn_normal_108_c03_r01_normal_108_c03_p01_prob0.999_x32000_y16256.png
normal_108,4,vessel_lumen,1,E:\camelyon16_project\data\review\iter8_hn_train_stratified40_fp_components\normal_108\component_04\normal_108_c04_p01_prob0.994_x27520_y21120.png,E:\camelyon16_project\data\patches_iter8\train\normal\iter8_hn_normal_108_c04_r01_normal_108_c04_p01_prob0.994_x27520_y21120.png
normal_108,5,sinus_histiocytosis,1,E:\camelyon16_project\data\review\iter8_hn_train_stratified40_fp_components\normal_108\component_05\normal_108_c05_p01_prob1.000_x30592_y17152.png,E:\camelyon16_project\data\patches_iter8\train\normal\iter8_hn_normal_108_c05_r01_normal_108_c05_p01_prob1.000_x30592_y17152.png
normal_108,1,macrophage_histiocyte,2,E:\camelyon16_project\data\review\iter8_hn_train_stratified40_fp_components\normal_108\component_01\normal_108_c01_p02_prob1.000_x30720_y23424.png,E:\camelyon16_project\data\patches_iter8\train\normal\iter8_hn_normal_108_c01_r02_normal_108_c01_p02_prob1.000_x30720_y23424.png
normal_108,2,macrophage_histiocyte,2,E:\camelyon16_project\data\review\iter8_hn_train_stratified40_fp_components\normal_108\component_02\normal_108_c02_p02_prob1.000_x33536_y18176.png,E:\camelyon16_project\data\patches_iter8\train\normal\iter8_hn_normal_108_c02_r02_normal_108_c02_p02_prob1.000_x33536_y18176.png
normal_108,3,macrophage_histiocyte,2,E:\camelyon16_project\data\review\iter8_hn_train_stratified40_fp_components\normal_108\component_03\normal_108_c03_p02_prob0.999_x32000_y16128.png,E:\camelyon16_project\data\patches_iter8\train\normal\iter8_hn_normal_108_c03_r02_normal_108_c03_p02_prob0.999_x32000_y16128.png
normal_108,4,vessel_lumen,2,E:\camelyon16_project\data\review\iter8_hn_train_stratified40_fp_components\normal_108\component_04\normal_108_c04_p02_prob0.993_x27776_y21248.png,E:\camelyon16_project\data\patches_iter8\train\normal\iter8_hn_normal_108_c04_r02_normal_108_c04_p02_prob0.993_x27776_y21248.png
normal_108,5,sinus_histiocytosis,2,E:\camelyon16_project\data\review\iter8_hn_train_stratified40_fp_components\normal_108\component_05\normal_108_c05_p02_prob0.999_x30720_y17152.png,E:\camelyon16_project\data\patches_iter8\train\normal\iter8_hn_normal_108_c05_r02_normal_108_c05_p02_prob0.999_x30720_y17152.png
normal_108,1,macrophage_histiocyte,3,E:\camelyon16_project\data\review\iter8_hn_train_stratified40_fp_components\normal_108\component_01\normal_108_c01_p03_prob1.000_x32128_y22784.png,E:\camelyon16_project\data\patches_iter8\train\normal\iter8_hn_normal_108_c01_r03_normal_108_c01_p03_prob1.000_x32128_y22784.png
normal_108,2,macrophage_histiocyte,3,E:\camelyon16_project\data\review\iter8_hn_train_stratified40_fp_components\normal_108\component_02\normal_108_c02_p03_prob1.000_x33664_y18176.png,E:\camelyon16_project\data\patches_iter8\train\normal\iter8_hn_normal_108_c02_r03_normal_108_c02_p03_prob1.000_x33664_y18176.png
normal_108,3,macrophage_histiocyte,3,E:\camelyon16_project\data\review\iter8_hn_train_stratified40_fp_components\normal_108\component_03\normal_108_c03_p03_prob0.998_x32128_y16384.png,E:\camelyon16_project\data\patches_iter8\train\normal\iter8_hn_normal_108_c03_r03_normal_108_c03_p03_prob0.998_x32128_y16384.png
normal_108,4,vessel_lumen,3,E:\camelyon16_project\data\review\iter8_hn_train_stratified40_fp_components\normal_108\component_04\normal_108_c04_p03_prob0.988_x27264_y20480.png,E:\camelyon16_project\data\patches_iter8\train\normal\iter8_hn_normal_108_c04_r03_normal_108_c04_p03_prob0.988_x27264_y20480.png
normal_108,5,sinus_histiocytosis,3,E:\camelyon16_project\data\review\iter8_hn_train_stratified40_fp_components\normal_108\component_05\normal_108_c05_p03_prob0.998_x30592_y17024.png,E:\camelyon16_project\data\patches_iter8\train\normal\iter8_hn_normal_108_c05_r03_normal_108_c05_p03_prob0.998_x30592_y17024.png
normal_108,1,macrophage_histiocyte,4,E:\camelyon16_project\data\review\iter8_hn_train_stratified40_fp_components\normal_108\component_01\normal_108_c01_p04_prob1.000_x32128_y22912.png,E:\camelyon16_project\data\patches_iter8\train\normal\iter8_hn_normal_108_c01_r04_normal_108_c01_p04_prob1.000_x32128_y22912.png
normal_108,2,macrophage_histiocyte,4,E:\camelyon16_project\data\review\iter8_hn_train_stratified40_fp_components\normal_108\component_02\normal_108_c02_p04_prob1.000_x33664_y18048.png,E:\camelyon16_project\data\patches_iter8\train\normal\iter8_hn_normal_108_c02_r04_normal_108_c02_p04_prob1.000_x33664_y18048.png
normal_108,3,macrophage_histiocyte,4,E:\camelyon16_project\data\review\iter8_hn_train_stratified40_fp_components\normal_108\component_03\normal_108_c03_p04_prob0.998_x32256_y16512.png,E:\camelyon16_project\data\patches_iter8\train\normal\iter8_hn_normal_108_c03_r04_normal_108_c03_p04_prob0.998_x32256_y16512.png
normal_108,4,vessel_lumen,4,E:\camelyon16_project\data\review\iter8_hn_train_stratified40_fp_components\normal_108\component_04\normal_108_c04_p04_prob0.984_x27392_y21248.png,E:\camelyon16_project\data\patches_iter8\train\normal\iter8_hn_normal_108_c04_r04_normal_108_c04_p04_prob0.984_x27392_y21248.png
normal_108,5,sinus_histiocytosis,4,E:\camelyon16_project\data\review\iter8_hn_train_stratified40_fp_components\normal_108\component_05\normal_108_c05_p04_prob0.997_x30720_y17024.png,E:\camelyon16_project\data\patches_iter8\train\normal\iter8_hn_normal_108_c05_r04_normal_108_c05_p04_prob0.997_x30720_y17024.png
normal_111,1,fibrosis_stroma_benign,1,E:\camelyon16_project\data\review\iter8_hn_train_stratified40_fp_components\normal_111\component_01\normal_111_c01_p01_prob1.000_x135040_y16384.png,E:\camelyon16_project\data\patches_iter8\train\normal\iter8_hn_normal_111_c01_r01_normal_111_c01_p01_prob1.000_x135040_y16384.png
normal_111,2,fibrosis_stroma_benign,1,E:\camelyon16_project\data\review\iter8_hn_train_stratified40_fp_components\normal_111\component_02\normal_111_c02_p01_prob1.000_x57216_y17152.png,E:\camelyon16_project\data\patches_iter8\train\normal\iter8_hn_normal_111_c02_r01_normal_111_c02_p01_prob1.000_x57216_y17152.png
normal_111,3,fibrosis_stroma_benign,1,E:\camelyon16_project\data\review\iter8_hn_train_stratified40_fp_components\normal_111\component_03\normal_111_c03_p01_prob1.000_x133888_y11904.png,E:\camelyon16_project\data\patches_iter8\train\normal\iter8_hn_normal_111_c03_r01_normal_111_c03_p01_prob1.000_x133888_y11904.png
normal_111,4,vessel_lumen,1,E:\camelyon16_project\data\review\iter8_hn_train_stratified40_fp_components\normal_111\component_04\normal_111_c04_p01_prob0.999_x131712_y27904.png,E:\camelyon16_project\data\patches_iter8\train\normal\iter8_hn_normal_111_c04_r01_normal_111_c04_p01_prob0.999_x131712_y27904.png
normal_111,5,vessel_lumen,1,E:\camelyon16_project\data\review\iter8_hn_train_stratified40_fp_components\normal_111\component_05\normal_111_c05_p01_prob0.997_x45440_y33536.png,E:\camelyon16_project\data\patches_iter8\train\normal\iter8_hn_normal_111_c05_r01_normal_111_c05_p01_prob0.997_x45440_y33536.png
normal_111,1,fibrosis_stroma_benign,2,E:\camelyon16_project\data\review\iter8_hn_train_stratified40_fp_components\normal_111\component_01\normal_111_c01_p02_prob1.000_x135808_y16640.png,E:\camelyon16_project\data\patches_iter8\train\normal\iter8_hn_normal_111_c01_r02_normal_111_c01_p02_prob1.000_x135808_y16640.png
normal_111,2,fibrosis_stroma_benign,2,E:\camelyon16_project\data\review\iter8_hn_train_stratified40_fp_components\normal_111\component_02\normal_111_c02_p02_prob1.000_x57344_y17024.png,E:\camelyon16_project\data\patches_iter8\train\normal\iter8_hn_normal_111_c02_r02_normal_111_c02_p02_prob1.000_x57344_y17024.png
normal_111,3,fibrosis_stroma_benign,2,E:\camelyon16_project\data\review\iter8_hn_train_stratified40_fp_components\normal_111\component_03\normal_111_c03_p02_prob1.000_x133888_y11776.png,E:\camelyon16_project\data\patches_iter8\train\normal\iter8_hn_normal_111_c03_r02_normal_111_c03_p02_prob1.000_x133888_y11776.png
normal_111,4,vessel_lumen,2,E:\camelyon16_project\data\review\iter8_hn_train_stratified40_fp_components\normal_111\component_04\normal_111_c04_p02_prob0.998_x131584_y27904.png,E:\camelyon16_project\data\patches_iter8\train\normal\iter8_hn_normal_111_c04_r02_normal_111_c04_p02_prob0.998_x131584_y27904.png
normal_111,5,vessel_lumen,2,E:\camelyon16_project\data\review\iter8_hn_train_stratified40_fp_components\normal_111\component_05\normal_111_c05_p02_prob0.995_x45696_y33024.png,E:\camelyon16_project\data\patches_iter8\train\normal\iter8_hn_normal_111_c05_r02_normal_111_c05_p02_prob0.995_x45696_y33024.png
normal_111,1,fibrosis_stroma_benign,3,E:\camelyon16_project\data\review\iter8_hn_train_stratified40_fp_components\normal_111\component_01\normal_111_c01_p03_prob1.000_x137984_y17152.png,E:\camelyon16_project\data\patches_iter8\train\normal\iter8_hn_normal_111_c01_r03_normal_111_c01_p03_prob1.000_x137984_y17152.png
normal_111,2,fibrosis_stroma_benign,3,E:\camelyon16_project\data\review\iter8_hn_train_stratified40_fp_components\normal_111\component_02\normal_111_c02_p03_prob1.000_x57216_y17024.png,E:\camelyon16_project\data\patches_iter8\train\normal\iter8_hn_normal_111_c02_r03_normal_111_c02_p03_prob1.000_x57216_y17024.png
normal_111,3,fibrosis_stroma_benign,3,E:\camelyon16_project\data\review\iter8_hn_train_stratified40_fp_components\normal_111\component_03\normal_111_c03_p03_prob1.000_x133760_y11904.png,E:\camelyon16_project\data\patches_iter8\train\normal\iter8_hn_normal_111_c03_r03_normal_111_c03_p03_prob1.000_x133760_y11904.png
normal_111,4,vessel_lumen,3,E:\camelyon16_project\data\review\iter8_hn_train_stratified40_fp_components\normal_111\component_04\normal_111_c04_p03_prob0.994_x133376_y26880.png,E:\camelyon16_project\data\patches_iter8\train\normal\iter8_hn_normal_111_c04_r03_normal_111_c04_p03_prob0.994_x133376_y26880.png
normal_111,5,vessel_lumen,3,E:\camelyon16_project\data\review\iter8_hn_train_stratified40_fp_components\normal_111\component_05\normal_111_c05_p03_prob0.992_x45696_y33536.png,E:\camelyon16_project\data\patches_iter8\train\normal\iter8_hn_normal_111_c05_r03_normal_111_c05_p03_prob0.992_x45696_y33536.png
normal_111,1,fibrosis_stroma_benign,4,E:\camelyon16_project\data\review\iter8_hn_train_stratified40_fp_components\normal_111\component_01\normal_111_c01_p04_prob1.000_x134528_y16128.png,E:\camelyon16_project\data\patches_iter8\train\normal\iter8_hn_normal_111_c01_r04_normal_111_c01_p04_prob1.000_x134528_y16128.png
normal_111,2,fibrosis_stroma_benign,4,E:\camelyon16_project\data\review\iter8_hn_train_stratified40_fp_components\normal_111\component_02\normal_111_c02_p04_prob1.000_x57344_y17152.png,E:\camelyon16_project\data\patches_iter8\train\normal\iter8_hn_normal_111_c02_r04_normal_111_c02_p04_prob1.000_x57344_y17152.png
normal_111,3,fibrosis_stroma_benign,4,E:\camelyon16_project\data\review\iter8_hn_train_stratified40_fp_components\normal_111\component_03\normal_111_c03_p04_prob0.999_x134272_y11648.png,E:\camelyon16_project\data\patches_iter8\train\normal\iter8_hn_normal_111_c03_r04_normal_111_c03_p04_prob0.999_x134272_y11648.png
normal_111,4,vessel_lumen,4,E:\camelyon16_project\data\review\iter8_hn_train_stratified40_fp_components\normal_111\component_04\normal_111_c04_p04_prob0.994_x133504_y26752.png,E:\camelyon16_project\data\patches_iter8\train\normal\iter8_hn_normal_111_c04_r04_normal_111_c04_p04_prob0.994_x133504_y26752.png
normal_111,5,vessel_lumen,4,E:\camelyon16_project\data\review\iter8_hn_train_stratified40_fp_components\normal_111\component_05\normal_111_c05_p04_prob0.990_x44800_y33152.png,E:\camelyon16_project\data\patches_iter8\train\normal\iter8_hn_normal_111_c05_r04_normal_111_c05_p04_prob0.990_x44800_y33152.png
normal_114,1,vessel_lumen,1,E:\camelyon16_project\data\review\iter8_hn_train_stratified40_fp_components\normal_114\component_01\normal_114_c01_p01_prob1.000_x36736_y29312.png,E:\camelyon16_project\data\patches_iter8\train\normal\iter8_hn_normal_114_c01_r01_normal_114_c01_p01_prob1.000_x36736_y29312.png
normal_114,2,vessel_lumen,1,E:\camelyon16_project\data\review\iter8_hn_train_stratified40_fp_components\normal_114\component_02\normal_114_c02_p01_prob1.000_x27520_y66432.png,E:\camelyon16_project\data\patches_iter8\train\normal\iter8_hn_normal_114_c02_r01_normal_114_c02_p01_prob1.000_x27520_y66432.png
normal_114,3,vessel_lumen,1,E:\camelyon16_project\data\review\iter8_hn_train_stratified40_fp_components\normal_114\component_03\normal_114_c03_p01_prob1.000_x110464_y50048.png,E:\camelyon16_project\data\patches_iter8\train\normal\iter8_hn_normal_114_c03_r01_normal_114_c03_p01_prob1.000_x110464_y50048.png
normal_114,4,fibrosis_stroma_benign,1,E:\camelyon16_project\data\review\iter8_hn_train_stratified40_fp_components\normal_114\component_04\normal_114_c04_p01_prob1.000_x73088_y60672.png,E:\camelyon16_project\data\patches_iter8\train\normal\iter8_hn_normal_114_c04_r01_normal_114_c04_p01_prob1.000_x73088_y60672.png
normal_114,5,fibrosis_stroma_benign,1,E:\camelyon16_project\data\review\iter8_hn_train_stratified40_fp_components\normal_114\component_05\normal_114_c05_p01_prob1.000_x79616_y13440.png,E:\camelyon16_project\data\patches_iter8\train\normal\iter8_hn_normal_114_c05_r01_normal_114_c05_p01_prob1.000_x79616_y13440.png
normal_114,1,vessel_lumen,2,E:\camelyon16_project\data\review\iter8_hn_train_stratified40_fp_components\normal_114\component_01\normal_114_c01_p02_prob1.000_x45952_y29184.png,E:\camelyon16_project\data\patches_iter8\train\normal\iter8_hn_normal_114_c01_r02_normal_114_c01_p02_prob1.000_x45952_y29184.png
normal_114,2,vessel_lumen,2,E:\camelyon16_project\data\review\iter8_hn_train_stratified40_fp_components\normal_114\component_02\normal_114_c02_p02_prob1.000_x29312_y68992.png,E:\camelyon16_project\data\patches_iter8\train\normal\iter8_hn_normal_114_c02_r02_normal_114_c02_p02_prob1.000_x29312_y68992.png
normal_114,3,vessel_lumen,2,E:\camelyon16_project\data\review\iter8_hn_train_stratified40_fp_components\normal_114\component_03\normal_114_c03_p02_prob1.000_x105600_y50560.png,E:\camelyon16_project\data\patches_iter8\train\normal\iter8_hn_normal_114_c03_r02_normal_114_c03_p02_prob1.000_x105600_y50560.png
normal_114,4,fibrosis_stroma_benign,2,E:\camelyon16_project\data\review\iter8_hn_train_stratified40_fp_components\normal_114\component_04\normal_114_c04_p02_prob1.000_x73088_y60544.png,E:\camelyon16_project\data\patches_iter8\train\normal\iter8_hn_normal_114_c04_r02_normal_114_c04_p02_prob1.000_x73088_y60544.png
normal_114,5,fibrosis_stroma_benign,2,E:\camelyon16_project\data\review\iter8_hn_train_stratified40_fp_components\normal_114\component_05\normal_114_c05_p02_prob1.000_x79232_y13568.png,E:\camelyon16_project\data\patches_iter8\train\normal\iter8_hn_normal_114_c05_r02_normal_114_c05_p02_prob1.000_x79232_y13568.png
normal_114,1,vessel_lumen,3,E:\camelyon16_project\data\review\iter8_hn_train_stratified40_fp_components\normal_114\component_01\normal_114_c01_p03_prob1.000_x33792_y30208.png,E:\camelyon16_project\data\patches_iter8\train\normal\iter8_hn_normal_114_c01_r03_normal_114_c01_p03_prob1.000_x33792_y30208.png
normal_114,2,vessel_lumen,3,E:\camelyon16_project\data\review\iter8_hn_train_stratified40_fp_components\normal_114\component_02\normal_114_c02_p03_prob1.000_x29312_y68864.png,E:\camelyon16_project\data\patches_iter8\train\normal\iter8_hn_normal_114_c02_r03_normal_114_c02_p03_prob1.000_x29312_y68864.png
normal_114,3,vessel_lumen,3,E:\camelyon16_project\data\review\iter8_hn_train_stratified40_fp_components\normal_114\component_03\normal_114_c03_p03_prob1.000_x105728_y50816.png,E:\camelyon16_project\data\patches_iter8\train\normal\iter8_hn_normal_114_c03_r03_normal_114_c03_p03_prob1.000_x105728_y50816.png
normal_114,4,fibrosis_stroma_benign,3,E:\camelyon16_project\data\review\iter8_hn_train_stratified40_fp_components\normal_114\component_04\normal_114_c04_p03_prob1.000_x72576_y60416.png,E:\camelyon16_project\data\patches_iter8\train\normal\iter8_hn_normal_114_c04_r03_normal_114_c04_p03_prob1.000_x72576_y60416.png
normal_114,5,fibrosis_stroma_benign,3,E:\camelyon16_project\data\review\iter8_hn_train_stratified40_fp_components\normal_114\component_05\normal_114_c05_p03_prob1.000_x81152_y16512.png,E:\camelyon16_project\data\patches_iter8\train\normal\iter8_hn_normal_114_c05_r03_normal_114_c05_p03_prob1.000_x81152_y16512.png
normal_114,1,vessel_lumen,4,E:\camelyon16_project\data\review\iter8_hn_train_stratified40_fp_components\normal_114\component_01\normal_114_c01_p04_prob1.000_x45824_y29184.png,E:\camelyon16_project\data\patches_iter8\train\normal\iter8_hn_normal_114_c01_r04_normal_114_c01_p04_prob1.000_x45824_y29184.png
normal_114,2,vessel_lumen,4,E:\camelyon16_project\data\review\iter8_hn_train_stratified40_fp_components\normal_114\component_02\normal_114_c02_p04_prob1.000_x21632_y57856.png,E:\camelyon16_project\data\patches_iter8\train\normal\iter8_hn_normal_114_c02_r04_normal_114_c02_p04_prob1.000_x21632_y57856.png
normal_114,3,vessel_lumen,4,E:\camelyon16_project\data\review\iter8_hn_train_stratified40_fp_components\normal_114\component_03\normal_114_c03_p04_prob1.000_x110080_y49280.png,E:\camelyon16_project\data\patches_iter8\train\normal\iter8_hn_normal_114_c03_r04_normal_114_c03_p04_prob1.000_x110080_y49280.png
normal_114,4,fibrosis_stroma_benign,4,E:\camelyon16_project\data\review\iter8_hn_train_stratified40_fp_components\normal_114\component_04\normal_114_c04_p04_prob1.000_x70784_y54912.png,E:\camelyon16_project\data\patches_iter8\train\normal\iter8_hn_normal_114_c04_r04_normal_114_c04_p04_prob1.000_x70784_y54912.png
normal_114,5,fibrosis_stroma_benign,4,E:\camelyon16_project\data\review\iter8_hn_train_stratified40_fp_components\normal_114\component_05\normal_114_c05_p04_prob1.000_x81152_y16768.png,E:\camelyon16_project\data\patches_iter8\train\normal\iter8_hn_normal_114_c05_r04_normal_114_c05_p04_prob1.000_x81152_y16768.png
normal_117,2,fibrosis_stroma_benign,1,E:\camelyon16_project\data\review\iter8_hn_train_stratified40_fp_components\normal_117\component_02\normal_117_c02_p01_prob1.000_x55552_y57984.png,E:\camelyon16_project\data\patches_iter8\train\normal\iter8_hn_normal_117_c02_r01_normal_117_c02_p01_prob1.000_x55552_y57984.png
normal_117,3,fibrosis_stroma_benign,1,E:\camelyon16_project\data\review\iter8_hn_train_stratified40_fp_components\normal_117\component_03\normal_117_c03_p01_prob1.000_x145152_y31744.png,E:\camelyon16_project\data\patches_iter8\train\normal\iter8_hn_normal_117_c03_r01_normal_117_c03_p01_prob1.000_x145152_y31744.png
normal_117,4,fibrosis_stroma_benign,1,E:\camelyon16_project\data\review\iter8_hn_train_stratified40_fp_components\normal_117\component_04\normal_117_c04_p01_prob1.000_x43776_y57728.png,E:\camelyon16_project\data\patches_iter8\train\normal\iter8_hn_normal_117_c04_r01_normal_117_c04_p01_prob1.000_x43776_y57728.png
normal_117,5,fibrosis_stroma_benign,1,E:\camelyon16_project\data\review\iter8_hn_train_stratified40_fp_components\normal_117\component_05\normal_117_c05_p01_prob1.000_x67200_y45568.png,E:\camelyon16_project\data\patches_iter8\train\normal\iter8_hn_normal_117_c05_r01_normal_117_c05_p01_prob1.000_x67200_y45568.png
normal_117,2,fibrosis_stroma_benign,2,E:\camelyon16_project\data\review\iter8_hn_train_stratified40_fp_components\normal_117\component_02\normal_117_c02_p02_prob0.997_x55680_y58112.png,E:\camelyon16_project\data\patches_iter8\train\normal\iter8_hn_normal_117_c02_r02_normal_117_c02_p02_prob0.997_x55680_y58112.png
normal_117,3,fibrosis_stroma_benign,2,E:\camelyon16_project\data\review\iter8_hn_train_stratified40_fp_components\normal_117\component_03\normal_117_c03_p02_prob0.999_x144384_y31744.png,E:\camelyon16_project\data\patches_iter8\train\normal\iter8_hn_normal_117_c03_r02_normal_117_c03_p02_prob0.999_x144384_y31744.png
normal_117,4,fibrosis_stroma_benign,2,E:\camelyon16_project\data\review\iter8_hn_train_stratified40_fp_components\normal_117\component_04\normal_117_c04_p02_prob1.000_x43904_y57728.png,E:\camelyon16_project\data\patches_iter8\train\normal\iter8_hn_normal_117_c04_r02_normal_117_c04_p02_prob1.000_x43904_y57728.png
normal_117,5,fibrosis_stroma_benign,2,E:\camelyon16_project\data\review\iter8_hn_train_stratified40_fp_components\normal_117\component_05\normal_117_c05_p02_prob1.000_x67840_y45568.png,E:\camelyon16_project\data\patches_iter8\train\normal\iter8_hn_normal_117_c05_r02_normal_117_c05_p02_prob1.000_x67840_y45568.png
normal_117,2,fibrosis_stroma_benign,3,E:\camelyon16_project\data\review\iter8_hn_train_stratified40_fp_components\normal_117\component_02\normal_117_c02_p03_prob0.996_x55680_y57984.png,E:\camelyon16_project\data\patches_iter8\train\normal\iter8_hn_normal_117_c02_r03_normal_117_c02_p03_prob0.996_x55680_y57984.png
normal_117,3,fibrosis_stroma_benign,3,E:\camelyon16_project\data\review\iter8_hn_train_stratified40_fp_components\normal_117\component_03\normal_117_c03_p03_prob0.999_x144384_y31488.png,E:\camelyon16_project\data\patches_iter8\train\normal\iter8_hn_normal_117_c03_r03_normal_117_c03_p03_prob0.999_x144384_y31488.png
normal_117,4,fibrosis_stroma_benign,3,E:\camelyon16_project\data\review\iter8_hn_train_stratified40_fp_components\normal_117\component_04\normal_117_c04_p03_prob0.999_x45056_y57856.png,E:\camelyon16_project\data\patches_iter8\train\normal\iter8_hn_normal_117_c04_r03_normal_117_c04_p03_prob0.999_x45056_y57856.png
normal_117,5,fibrosis_stroma_benign,3,E:\camelyon16_project\data\review\iter8_hn_train_stratified40_fp_components\normal_117\component_05\normal_117_c05_p03_prob0.998_x67200_y45696.png,E:\camelyon16_project\data\patches_iter8\train\normal\iter8_hn_normal_117_c05_r03_normal_117_c05_p03_prob0.998_x67200_y45696.png
normal_117,2,fibrosis_stroma_benign,4,E:\camelyon16_project\data\review\iter8_hn_train_stratified40_fp_components\normal_117\component_02\normal_117_c02_p04_prob0.996_x56448_y58496.png,E:\camelyon16_project\data\patches_iter8\train\normal\iter8_hn_normal_117_c02_r04_normal_117_c02_p04_prob0.996_x56448_y58496.png
normal_117,3,fibrosis_stroma_benign,4,E:\camelyon16_project\data\review\iter8_hn_train_stratified40_fp_components\normal_117\component_03\normal_117_c03_p04_prob0.999_x144640_y31488.png,E:\camelyon16_project\data\patches_iter8\train\normal\iter8_hn_normal_117_c03_r04_normal_117_c03_p04_prob0.999_x144640_y31488.png
normal_117,4,fibrosis_stroma_benign,4,E:\camelyon16_project\data\review\iter8_hn_train_stratified40_fp_components\normal_117\component_04\normal_117_c04_p04_prob0.995_x44800_y57856.png,E:\camelyon16_project\data\patches_iter8\train\normal\iter8_hn_normal_117_c04_r04_normal_117_c04_p04_prob0.995_x44800_y57856.png
normal_117,5,fibrosis_stroma_benign,4,E:\camelyon16_project\data\review\iter8_hn_train_stratified40_fp_components\normal_117\component_05\normal_117_c05_p04_prob0.998_x67584_y45440.png,E:\camelyon16_project\data\patches_iter8\train\normal\iter8_hn_normal_117_c05_r04_normal_117_c05_p04_prob0.998_x67584_y45440.png
normal_119,1,macrophage_histiocyte,1,E:\camelyon16_project\data\review\iter8_hn_train_stratified40_fp_components\normal_119\component_01\normal_119_c01_p01_prob1.000_x68352_y18944.png,E:\camelyon16_project\data\patches_iter8\train\normal\iter8_hn_normal_119_c01_r01_normal_119_c01_p01_prob1.000_x68352_y18944.png
normal_119,2,fibrosis_stroma_benign,1,E:\camelyon16_project\data\review\iter8_hn_train_stratified40_fp_components\normal_119\component_02\normal_119_c02_p01_prob0.996_x47744_y40448.png,E:\camelyon16_project\data\patches_iter8\train\normal\iter8_hn_normal_119_c02_r01_normal_119_c02_p01_prob0.996_x47744_y40448.png
normal_119,3,vessel_lumen,1,E:\camelyon16_project\data\review\iter8_hn_train_stratified40_fp_components\normal_119\component_03\normal_119_c03_p01_prob1.000_x59392_y62720.png,E:\camelyon16_project\data\patches_iter8\train\normal\iter8_hn_normal_119_c03_r01_normal_119_c03_p01_prob1.000_x59392_y62720.png
normal_119,4,vessel_lumen,1,E:\camelyon16_project\data\review\iter8_hn_train_stratified40_fp_components\normal_119\component_04\normal_119_c04_p01_prob1.000_x82176_y25856.png,E:\camelyon16_project\data\patches_iter8\train\normal\iter8_hn_normal_119_c04_r01_normal_119_c04_p01_prob1.000_x82176_y25856.png
normal_119,5,vessel_lumen,1,E:\camelyon16_project\data\review\iter8_hn_train_stratified40_fp_components\normal_119\component_05\normal_119_c05_p01_prob1.000_x52352_y36608.png,E:\camelyon16_project\data\patches_iter8\train\normal\iter8_hn_normal_119_c05_r01_normal_119_c05_p01_prob1.000_x52352_y36608.png
normal_119,1,macrophage_histiocyte,2,E:\camelyon16_project\data\review\iter8_hn_train_stratified40_fp_components\normal_119\component_01\normal_119_c01_p02_prob1.000_x69632_y19712.png,E:\camelyon16_project\data\patches_iter8\train\normal\iter8_hn_normal_119_c01_r02_normal_119_c01_p02_prob1.000_x69632_y19712.png
normal_119,2,fibrosis_stroma_benign,2,E:\camelyon16_project\data\review\iter8_hn_train_stratified40_fp_components\normal_119\component_02\normal_119_c02_p02_prob0.995_x46336_y41472.png,E:\camelyon16_project\data\patches_iter8\train\normal\iter8_hn_normal_119_c02_r02_normal_119_c02_p02_prob0.995_x46336_y41472.png
normal_119,3,vessel_lumen,2,E:\camelyon16_project\data\review\iter8_hn_train_stratified40_fp_components\normal_119\component_03\normal_119_c03_p02_prob1.000_x61184_y63616.png,E:\camelyon16_project\data\patches_iter8\train\normal\iter8_hn_normal_119_c03_r02_normal_119_c03_p02_prob1.000_x61184_y63616.png
normal_119,4,vessel_lumen,2,E:\camelyon16_project\data\review\iter8_hn_train_stratified40_fp_components\normal_119\component_04\normal_119_c04_p02_prob0.999_x82304_y25856.png,E:\camelyon16_project\data\patches_iter8\train\normal\iter8_hn_normal_119_c04_r02_normal_119_c04_p02_prob0.999_x82304_y25856.png
normal_119,5,vessel_lumen,2,E:\camelyon16_project\data\review\iter8_hn_train_stratified40_fp_components\normal_119\component_05\normal_119_c05_p02_prob1.000_x52736_y36480.png,E:\camelyon16_project\data\patches_iter8\train\normal\iter8_hn_normal_119_c05_r02_normal_119_c05_p02_prob1.000_x52736_y36480.png
normal_119,1,macrophage_histiocyte,3,E:\camelyon16_project\data\review\iter8_hn_train_stratified40_fp_components\normal_119\component_01\normal_119_c01_p03_prob0.999_x67328_y16896.png,E:\camelyon16_project\data\patches_iter8\train\normal\iter8_hn_normal_119_c01_r03_normal_119_c01_p03_prob0.999_x67328_y16896.png
normal_119,2,fibrosis_stroma_benign,3,E:\camelyon16_project\data\review\iter8_hn_train_stratified40_fp_components\normal_119\component_02\normal_119_c02_p03_prob0.994_x47744_y40960.png,E:\camelyon16_project\data\patches_iter8\train\normal\iter8_hn_normal_119_c02_r03_normal_119_c02_p03_prob0.994_x47744_y40960.png
normal_119,3,vessel_lumen,3,E:\camelyon16_project\data\review\iter8_hn_train_stratified40_fp_components\normal_119\component_03\normal_119_c03_p03_prob1.000_x62208_y63488.png,E:\camelyon16_project\data\patches_iter8\train\normal\iter8_hn_normal_119_c03_r03_normal_119_c03_p03_prob1.000_x62208_y63488.png
normal_119,4,vessel_lumen,3,E:\camelyon16_project\data\review\iter8_hn_train_stratified40_fp_components\normal_119\component_04\normal_119_c04_p03_prob0.999_x82560_y26240.png,E:\camelyon16_project\data\patches_iter8\train\normal\iter8_hn_normal_119_c04_r03_normal_119_c04_p03_prob0.999_x82560_y26240.png
normal_119,5,vessel_lumen,3,E:\camelyon16_project\data\review\iter8_hn_train_stratified40_fp_components\normal_119\component_05\normal_119_c05_p03_prob1.000_x52352_y36736.png,E:\camelyon16_project\data\patches_iter8\train\normal\iter8_hn_normal_119_c05_r03_normal_119_c05_p03_prob1.000_x52352_y36736.png
normal_119,1,macrophage_histiocyte,4,E:\camelyon16_project\data\review\iter8_hn_train_stratified40_fp_components\normal_119\component_01\normal_119_c01_p04_prob0.999_x68352_y18816.png,E:\camelyon16_project\data\patches_iter8\train\normal\iter8_hn_normal_119_c01_r04_normal_119_c01_p04_prob0.999_x68352_y18816.png
normal_119,2,fibrosis_stroma_benign,4,E:\camelyon16_project\data\review\iter8_hn_train_stratified40_fp_components\normal_119\component_02\normal_119_c02_p04_prob0.992_x48000_y41216.png,E:\camelyon16_project\data\patches_iter8\train\normal\iter8_hn_normal_119_c02_r04_normal_119_c02_p04_prob0.992_x48000_y41216.png
normal_119,3,vessel_lumen,4,E:\camelyon16_project\data\review\iter8_hn_train_stratified40_fp_components\normal_119\component_03\normal_119_c03_p04_prob0.999_x62080_y63488.png,E:\camelyon16_project\data\patches_iter8\train\normal\iter8_hn_normal_119_c03_r04_normal_119_c03_p04_prob0.999_x62080_y63488.png
normal_119,4,vessel_lumen,4,E:\camelyon16_project\data\review\iter8_hn_train_stratified40_fp_components\normal_119\component_04\normal_119_c04_p04_prob0.999_x81408_y27008.png,E:\camelyon16_project\data\patches_iter8\train\normal\iter8_hn_normal_119_c04_r04_normal_119_c04_p04_prob0.999_x81408_y27008.png
normal_119,5,vessel_lumen,4,E:\camelyon16_project\data\review\iter8_hn_train_stratified40_fp_components\normal_119\component_05\normal_119_c05_p04_prob1.000_x52224_y36608.png,E:\camelyon16_project\data\patches_iter8\train\normal\iter8_hn_normal_119_c05_r04_normal_119_c05_p04_prob1.000_x52224_y36608.png
normal_123,1,macrophage_histiocyte,1,E:\camelyon16_project\data\review\iter8_hn_train_stratified40_fp_components\normal_123\component_01\normal_123_c01_p01_prob1.000_x26752_y26752.png,E:\camelyon16_project\data\patches_iter8\train\normal\iter8_hn_normal_123_c01_r01_normal_123_c01_p01_prob1.000_x26752_y26752.png
normal_123,2,macrophage_histiocyte,1,E:\camelyon16_project\data\review\iter8_hn_train_stratified40_fp_components\normal_123\component_02\normal_123_c02_p01_prob1.000_x24448_y12800.png,E:\camelyon16_project\data\patches_iter8\train\normal\iter8_hn_normal_123_c02_r01_normal_123_c02_p01_prob1.000_x24448_y12800.png
normal_123,3,vessel_lumen,1,E:\camelyon16_project\data\review\iter8_hn_train_stratified40_fp_components\normal_123\component_03\normal_123_c03_p01_prob0.996_x70784_y38656.png,E:\camelyon16_project\data\patches_iter8\train\normal\iter8_hn_normal_123_c03_r01_normal_123_c03_p01_prob0.996_x70784_y38656.png
normal_123,4,vessel_lumen,1,E:\camelyon16_project\data\review\iter8_hn_train_stratified40_fp_components\normal_123\component_04\normal_123_c04_p01_prob0.999_x68992_y48256.png,E:\camelyon16_project\data\patches_iter8\train\normal\iter8_hn_normal_123_c04_r01_normal_123_c04_p01_prob0.999_x68992_y48256.png
normal_123,5,macrophage_histiocyte,1,E:\camelyon16_project\data\review\iter8_hn_train_stratified40_fp_components\normal_123\component_05\normal_123_c05_p01_prob0.995_x22144_y16896.png,E:\camelyon16_project\data\patches_iter8\train\normal\iter8_hn_normal_123_c05_r01_normal_123_c05_p01_prob0.995_x22144_y16896.png
normal_123,1,macrophage_histiocyte,2,E:\camelyon16_project\data\review\iter8_hn_train_stratified40_fp_components\normal_123\component_01\normal_123_c01_p02_prob0.999_x27008_y26880.png,E:\camelyon16_project\data\patches_iter8\train\normal\iter8_hn_normal_123_c01_r02_normal_123_c01_p02_prob0.999_x27008_y26880.png
normal_123,2,macrophage_histiocyte,2,E:\camelyon16_project\data\review\iter8_hn_train_stratified40_fp_components\normal_123\component_02\normal_123_c02_p02_prob0.999_x23424_y12928.png,E:\camelyon16_project\data\patches_iter8\train\normal\iter8_hn_normal_123_c02_r02_normal_123_c02_p02_prob0.999_x23424_y12928.png
normal_123,3,vessel_lumen,2,E:\camelyon16_project\data\review\iter8_hn_train_stratified40_fp_components\normal_123\component_03\normal_123_c03_p02_prob0.995_x69376_y39296.png,E:\camelyon16_project\data\patches_iter8\train\normal\iter8_hn_normal_123_c03_r02_normal_123_c03_p02_prob0.995_x69376_y39296.png
normal_123,4,vessel_lumen,2,E:\camelyon16_project\data\review\iter8_hn_train_stratified40_fp_components\normal_123\component_04\normal_123_c04_p02_prob0.999_x69376_y48256.png,E:\camelyon16_project\data\patches_iter8\train\normal\iter8_hn_normal_123_c04_r02_normal_123_c04_p02_prob0.999_x69376_y48256.png
normal_123,5,macrophage_histiocyte,2,E:\camelyon16_project\data\review\iter8_hn_train_stratified40_fp_components\normal_123\component_05\normal_123_c05_p02_prob0.980_x22400_y18048.png,E:\camelyon16_project\data\patches_iter8\train\normal\iter8_hn_normal_123_c05_r02_normal_123_c05_p02_prob0.980_x22400_y18048.png
normal_123,1,macrophage_histiocyte,3,E:\camelyon16_project\data\review\iter8_hn_train_stratified40_fp_components\normal_123\component_01\normal_123_c01_p03_prob0.999_x26752_y26880.png,E:\camelyon16_project\data\patches_iter8\train\normal\iter8_hn_normal_123_c01_r03_normal_123_c01_p03_prob0.999_x26752_y26880.png
normal_123,2,macrophage_histiocyte,3,E:\camelyon16_project\data\review\iter8_hn_train_stratified40_fp_components\normal_123\component_02\normal_123_c02_p03_prob0.999_x24448_y12672.png,E:\camelyon16_project\data\patches_iter8\train\normal\iter8_hn_normal_123_c02_r03_normal_123_c02_p03_prob0.999_x24448_y12672.png
normal_123,3,vessel_lumen,3,E:\camelyon16_project\data\review\iter8_hn_train_stratified40_fp_components\normal_123\component_03\normal_123_c03_p03_prob0.995_x70528_y38912.png,E:\camelyon16_project\data\patches_iter8\train\normal\iter8_hn_normal_123_c03_r03_normal_123_c03_p03_prob0.995_x70528_y38912.png
normal_123,4,vessel_lumen,3,E:\camelyon16_project\data\review\iter8_hn_train_stratified40_fp_components\normal_123\component_04\normal_123_c04_p03_prob0.999_x69120_y48256.png,E:\camelyon16_project\data\patches_iter8\train\normal\iter8_hn_normal_123_c04_r03_normal_123_c04_p03_prob0.999_x69120_y48256.png
normal_123,5,macrophage_histiocyte,3,E:\camelyon16_project\data\review\iter8_hn_train_stratified40_fp_components\normal_123\component_05\normal_123_c05_p03_prob0.978_x22144_y16768.png,E:\camelyon16_project\data\patches_iter8\train\normal\iter8_hn_normal_123_c05_r03_normal_123_c05_p03_prob0.978_x22144_y16768.png
normal_123,1,macrophage_histiocyte,4,E:\camelyon16_project\data\review\iter8_hn_train_stratified40_fp_components\normal_123\component_01\normal_123_c01_p04_prob0.999_x27776_y28288.png,E:\camelyon16_project\data\patches_iter8\train\normal\iter8_hn_normal_123_c01_r04_normal_123_c01_p04_prob0.999_x27776_y28288.png
normal_123,2,macrophage_histiocyte,4,E:\camelyon16_project\data\review\iter8_hn_train_stratified40_fp_components\normal_123\component_02\normal_123_c02_p04_prob0.996_x24704_y12672.png,E:\camelyon16_project\data\patches_iter8\train\normal\iter8_hn_normal_123_c02_r04_normal_123_c02_p04_prob0.996_x24704_y12672.png
normal_123,3,vessel_lumen,4,E:\camelyon16_project\data\review\iter8_hn_train_stratified40_fp_components\normal_123\component_03\normal_123_c03_p04_prob0.995_x69760_y39040.png,E:\camelyon16_project\data\patches_iter8\train\normal\iter8_hn_normal_123_c03_r04_normal_123_c03_p04_prob0.995_x69760_y39040.png
normal_123,4,vessel_lumen,4,E:\camelyon16_project\data\review\iter8_hn_train_stratified40_fp_components\normal_123\component_04\normal_123_c04_p04_prob0.999_x69376_y48384.png,E:\camelyon16_project\data\patches_iter8\train\normal\iter8_hn_normal_123_c04_r04_normal_123_c04_p04_prob0.999_x69376_y48384.png
normal_123,5,macrophage_histiocyte,4,E:\camelyon16_project\data\review\iter8_hn_train_stratified40_fp_components\normal_123\component_05\normal_123_c05_p04_prob0.974_x22272_y17792.png,E:\camelyon16_project\data\patches_iter8\train\normal\iter8_hn_normal_123_c05_r04_normal_123_c05_p04_prob0.974_x22272_y17792.png
normal_126,1,macrophage_histiocyte,1,E:\camelyon16_project\data\review\iter8_hn_train_stratified40_fp_components\normal_126\component_01\normal_126_c01_p01_prob1.000_x45056_y47872.png,E:\camelyon16_project\data\patches_iter8\train\normal\iter8_hn_normal_126_c01_r01_normal_126_c01_p01_prob1.000_x45056_y47872.png
normal_126,2,macrophage_histiocyte,1,E:\camelyon16_project\data\review\iter8_hn_train_stratified40_fp_components\normal_126\component_02\normal_126_c02_p01_prob0.999_x29184_y12544.png,E:\camelyon16_project\data\patches_iter8\train\normal\iter8_hn_normal_126_c02_r01_normal_126_c02_p01_prob0.999_x29184_y12544.png
normal_126,3,macrophage_histiocyte,1,E:\camelyon16_project\data\review\iter8_hn_train_stratified40_fp_components\normal_126\component_03\normal_126_c03_p01_prob0.997_x118400_y55936.png,E:\camelyon16_project\data\patches_iter8\train\normal\iter8_hn_normal_126_c03_r01_normal_126_c03_p01_prob0.997_x118400_y55936.png
normal_126,4,macrophage_histiocyte,1,E:\camelyon16_project\data\review\iter8_hn_train_stratified40_fp_components\normal_126\component_04\normal_126_c04_p01_prob0.974_x114816_y53120.png,E:\camelyon16_project\data\patches_iter8\train\normal\iter8_hn_normal_126_c04_r01_normal_126_c04_p01_prob0.974_x114816_y53120.png
normal_126,5,macrophage_histiocyte,1,E:\camelyon16_project\data\review\iter8_hn_train_stratified40_fp_components\normal_126\component_05\normal_126_c05_p01_prob0.982_x112768_y47232.png,E:\camelyon16_project\data\patches_iter8\train\normal\iter8_hn_normal_126_c05_r01_normal_126_c05_p01_prob0.982_x112768_y47232.png
normal_126,1,macrophage_histiocyte,2,E:\camelyon16_project\data\review\iter8_hn_train_stratified40_fp_components\normal_126\component_01\normal_126_c01_p02_prob0.999_x44672_y48256.png,E:\camelyon16_project\data\patches_iter8\train\normal\iter8_hn_normal_126_c01_r02_normal_126_c01_p02_prob0.999_x44672_y48256.png
normal_126,2,macrophage_histiocyte,2,E:\camelyon16_project\data\review\iter8_hn_train_stratified40_fp_components\normal_126\component_02\normal_126_c02_p02_prob0.997_x29568_y13184.png,E:\camelyon16_project\data\patches_iter8\train\normal\iter8_hn_normal_126_c02_r02_normal_126_c02_p02_prob0.997_x29568_y13184.png
normal_126,3,macrophage_histiocyte,2,E:\camelyon16_project\data\review\iter8_hn_train_stratified40_fp_components\normal_126\component_03\normal_126_c03_p02_prob0.997_x118784_y55808.png,E:\camelyon16_project\data\patches_iter8\train\normal\iter8_hn_normal_126_c03_r02_normal_126_c03_p02_prob0.997_x118784_y55808.png
normal_126,4,macrophage_histiocyte,2,E:\camelyon16_project\data\review\iter8_hn_train_stratified40_fp_components\normal_126\component_04\normal_126_c04_p02_prob0.968_x115200_y52224.png,E:\camelyon16_project\data\patches_iter8\train\normal\iter8_hn_normal_126_c04_r02_normal_126_c04_p02_prob0.968_x115200_y52224.png
normal_126,5,macrophage_histiocyte,2,E:\camelyon16_project\data\review\iter8_hn_train_stratified40_fp_components\normal_126\component_05\normal_126_c05_p02_prob0.977_x112896_y47360.png,E:\camelyon16_project\data\patches_iter8\train\normal\iter8_hn_normal_126_c05_r02_normal_126_c05_p02_prob0.977_x112896_y47360.png
normal_126,1,macrophage_histiocyte,3,E:\camelyon16_project\data\review\iter8_hn_train_stratified40_fp_components\normal_126\component_01\normal_126_c01_p03_prob0.997_x44928_y47872.png,E:\camelyon16_project\data\patches_iter8\train\normal\iter8_hn_normal_126_c01_r03_normal_126_c01_p03_prob0.997_x44928_y47872.png
normal_126,2,macrophage_histiocyte,3,E:\camelyon16_project\data\review\iter8_hn_train_stratified40_fp_components\normal_126\component_02\normal_126_c02_p03_prob0.996_x30464_y13312.png,E:\camelyon16_project\data\patches_iter8\train\normal\iter8_hn_normal_126_c02_r03_normal_126_c02_p03_prob0.996_x30464_y13312.png
normal_126,3,macrophage_histiocyte,3,E:\camelyon16_project\data\review\iter8_hn_train_stratified40_fp_components\normal_126\component_03\normal_126_c03_p03_prob0.995_x118528_y55808.png,E:\camelyon16_project\data\patches_iter8\train\normal\iter8_hn_normal_126_c03_r03_normal_126_c03_p03_prob0.995_x118528_y55808.png
normal_126,4,macrophage_histiocyte,3,E:\camelyon16_project\data\review\iter8_hn_train_stratified40_fp_components\normal_126\component_04\normal_126_c04_p03_prob0.967_x114944_y53248.png,E:\camelyon16_project\data\patches_iter8\train\normal\iter8_hn_normal_126_c04_r03_normal_126_c04_p03_prob0.967_x114944_y53248.png
normal_126,5,macrophage_histiocyte,3,E:\camelyon16_project\data\review\iter8_hn_train_stratified40_fp_components\normal_126\component_05\normal_126_c05_p03_prob0.952_x114304_y47872.png,E:\camelyon16_project\data\patches_iter8\train\normal\iter8_hn_normal_126_c05_r03_normal_126_c05_p03_prob0.952_x114304_y47872.png
normal_126,1,macrophage_histiocyte,4,E:\camelyon16_project\data\review\iter8_hn_train_stratified40_fp_components\normal_126\component_01\normal_126_c01_p04_prob0.991_x44672_y48128.png,E:\camelyon16_project\data\patches_iter8\train\normal\iter8_hn_normal_126_c01_r04_normal_126_c01_p04_prob0.991_x44672_y48128.png
normal_126,2,macrophage_histiocyte,4,E:\camelyon16_project\data\review\iter8_hn_train_stratified40_fp_components\normal_126\component_02\normal_126_c02_p04_prob0.995_x29952_y12672.png,E:\camelyon16_project\data\patches_iter8\train\normal\iter8_hn_normal_126_c02_r04_normal_126_c02_p04_prob0.995_x29952_y12672.png
normal_126,3,macrophage_histiocyte,4,E:\camelyon16_project\data\review\iter8_hn_train_stratified40_fp_components\normal_126\component_03\normal_126_c03_p04_prob0.994_x118656_y56192.png,E:\camelyon16_project\data\patches_iter8\train\normal\iter8_hn_normal_126_c03_r04_normal_126_c03_p04_prob0.994_x118656_y56192.png
normal_126,4,macrophage_histiocyte,4,E:\camelyon16_project\data\review\iter8_hn_train_stratified40_fp_components\normal_126\component_04\normal_126_c04_p04_prob0.965_x115328_y52352.png,E:\camelyon16_project\data\patches_iter8\train\normal\iter8_hn_normal_126_c04_r04_normal_126_c04_p04_prob0.965_x115328_y52352.png
normal_126,5,macrophage_histiocyte,4,E:\camelyon16_project\data\review\iter8_hn_train_stratified40_fp_components\normal_126\component_05\normal_126_c05_p04_prob0.952_x114432_y47104.png,E:\camelyon16_project\data\patches_iter8\train\normal\iter8_hn_normal_126_c05_r04_normal_126_c05_p04_prob0.952_x114432_y47104.png
normal_129,1,macrophage_histiocyte,1,E:\camelyon16_project\data\review\iter8_hn_train_stratified40_fp_components\normal_129\component_01\normal_129_c01_p01_prob0.999_x22144_y34304.png,E:\camelyon16_project\data\patches_iter8\train\normal\iter8_hn_normal_129_c01_r01_normal_129_c01_p01_prob0.999_x22144_y34304.png
normal_129,2,macrophage_histiocyte,1,E:\camelyon16_project\data\review\iter8_hn_train_stratified40_fp_components\normal_129\component_02\normal_129_c02_p01_prob0.999_x25728_y27392.png,E:\camelyon16_project\data\patches_iter8\train\normal\iter8_hn_normal_129_c02_r01_normal_129_c02_p01_prob0.999_x25728_y27392.png
normal_129,3,macrophage_histiocyte,1,E:\camelyon16_project\data\review\iter8_hn_train_stratified40_fp_components\normal_129\component_03\normal_129_c03_p01_prob0.998_x32768_y23296.png,E:\camelyon16_project\data\patches_iter8\train\normal\iter8_hn_normal_129_c03_r01_normal_129_c03_p01_prob0.998_x32768_y23296.png
normal_129,4,macrophage_histiocyte,1,E:\camelyon16_project\data\review\iter8_hn_train_stratified40_fp_components\normal_129\component_04\normal_129_c04_p01_prob0.999_x21504_y27520.png,E:\camelyon16_project\data\patches_iter8\train\normal\iter8_hn_normal_129_c04_r01_normal_129_c04_p01_prob0.999_x21504_y27520.png
normal_129,5,vessel_lumen,1,E:\camelyon16_project\data\review\iter8_hn_train_stratified40_fp_components\normal_129\component_05\normal_129_c05_p01_prob1.000_x127872_y37376.png,E:\camelyon16_project\data\patches_iter8\train\normal\iter8_hn_normal_129_c05_r01_normal_129_c05_p01_prob1.000_x127872_y37376.png
normal_129,1,macrophage_histiocyte,2,E:\camelyon16_project\data\review\iter8_hn_train_stratified40_fp_components\normal_129\component_01\normal_129_c01_p02_prob0.998_x22272_y33536.png,E:\camelyon16_project\data\patches_iter8\train\normal\iter8_hn_normal_129_c01_r02_normal_129_c01_p02_prob0.998_x22272_y33536.png
normal_129,2,macrophage_histiocyte,2,E:\camelyon16_project\data\review\iter8_hn_train_stratified40_fp_components\normal_129\component_02\normal_129_c02_p02_prob0.996_x25728_y27520.png,E:\camelyon16_project\data\patches_iter8\train\normal\iter8_hn_normal_129_c02_r02_normal_129_c02_p02_prob0.996_x25728_y27520.png
normal_129,3,macrophage_histiocyte,2,E:\camelyon16_project\data\review\iter8_hn_train_stratified40_fp_components\normal_129\component_03\normal_129_c03_p02_prob0.993_x30592_y22784.png,E:\camelyon16_project\data\patches_iter8\train\normal\iter8_hn_normal_129_c03_r02_normal_129_c03_p02_prob0.993_x30592_y22784.png
normal_129,4,macrophage_histiocyte,2,E:\camelyon16_project\data\review\iter8_hn_train_stratified40_fp_components\normal_129\component_04\normal_129_c04_p02_prob0.998_x20736_y26624.png,E:\camelyon16_project\data\patches_iter8\train\normal\iter8_hn_normal_129_c04_r02_normal_129_c04_p02_prob0.998_x20736_y26624.png
normal_129,5,vessel_lumen,2,E:\camelyon16_project\data\review\iter8_hn_train_stratified40_fp_components\normal_129\component_05\normal_129_c05_p02_prob0.996_x128000_y37376.png,E:\camelyon16_project\data\patches_iter8\train\normal\iter8_hn_normal_129_c05_r02_normal_129_c05_p02_prob0.996_x128000_y37376.png
normal_129,1,macrophage_histiocyte,3,E:\camelyon16_project\data\review\iter8_hn_train_stratified40_fp_components\normal_129\component_01\normal_129_c01_p03_prob0.997_x24576_y33920.png,E:\camelyon16_project\data\patches_iter8\train\normal\iter8_hn_normal_129_c01_r03_normal_129_c01_p03_prob0.997_x24576_y33920.png
normal_129,2,macrophage_histiocyte,3,E:\camelyon16_project\data\review\iter8_hn_train_stratified40_fp_components\normal_129\component_02\normal_129_c02_p03_prob0.993_x28928_y27264.png,E:\camelyon16_project\data\patches_iter8\train\normal\iter8_hn_normal_129_c02_r03_normal_129_c02_p03_prob0.993_x28928_y27264.png
normal_129,3,macrophage_histiocyte,3,E:\camelyon16_project\data\review\iter8_hn_train_stratified40_fp_components\normal_129\component_03\normal_129_c03_p03_prob0.992_x32384_y23296.png,E:\camelyon16_project\data\patches_iter8\train\normal\iter8_hn_normal_129_c03_r03_normal_129_c03_p03_prob0.992_x32384_y23296.png
normal_129,4,macrophage_histiocyte,3,E:\camelyon16_project\data\review\iter8_hn_train_stratified40_fp_components\normal_129\component_04\normal_129_c04_p03_prob0.990_x21504_y27392.png,E:\camelyon16_project\data\patches_iter8\train\normal\iter8_hn_normal_129_c04_r03_normal_129_c04_p03_prob0.990_x21504_y27392.png
normal_129,5,vessel_lumen,3,E:\camelyon16_project\data\review\iter8_hn_train_stratified40_fp_components\normal_129\component_05\normal_129_c05_p03_prob0.994_x129152_y37376.png,E:\camelyon16_project\data\patches_iter8\train\normal\iter8_hn_normal_129_c05_r03_normal_129_c05_p03_prob0.994_x129152_y37376.png
normal_129,1,macrophage_histiocyte,4,E:\camelyon16_project\data\review\iter8_hn_train_stratified40_fp_components\normal_129\component_01\normal_129_c01_p04_prob0.996_x19584_y34048.png,E:\camelyon16_project\data\patches_iter8\train\normal\iter8_hn_normal_129_c01_r04_normal_129_c01_p04_prob0.996_x19584_y34048.png
normal_129,2,macrophage_histiocyte,4,E:\camelyon16_project\data\review\iter8_hn_train_stratified40_fp_components\normal_129\component_02\normal_129_c02_p04_prob0.991_x29056_y26496.png,E:\camelyon16_project\data\patches_iter8\train\normal\iter8_hn_normal_129_c02_r04_normal_129_c02_p04_prob0.991_x29056_y26496.png
normal_129,3,macrophage_histiocyte,4,E:\camelyon16_project\data\review\iter8_hn_train_stratified40_fp_components\normal_129\component_03\normal_129_c03_p04_prob0.990_x31232_y22912.png,E:\camelyon16_project\data\patches_iter8\train\normal\iter8_hn_normal_129_c03_r04_normal_129_c03_p04_prob0.990_x31232_y22912.png
normal_129,4,macrophage_histiocyte,4,E:\camelyon16_project\data\review\iter8_hn_train_stratified40_fp_components\normal_129\component_04\normal_129_c04_p04_prob0.988_x21376_y27520.png,E:\camelyon16_project\data\patches_iter8\train\normal\iter8_hn_normal_129_c04_r04_normal_129_c04_p04_prob0.988_x21376_y27520.png
normal_129,5,vessel_lumen,4,E:\camelyon16_project\data\review\iter8_hn_train_stratified40_fp_components\normal_129\component_05\normal_129_c05_p04_prob0.992_x127360_y37632.png,E:\camelyon16_project\data\patches_iter8\train\normal\iter8_hn_normal_129_c05_r04_normal_129_c05_p04_prob0.992_x127360_y37632.png
normal_133,3,fibrosis_stroma_benign,1,E:\camelyon16_project\data\review\iter8_hn_train_stratified40_fp_components\normal_133\component_03\normal_133_c03_p01_prob1.000_x24320_y36608.png,E:\camelyon16_project\data\patches_iter8\train\normal\iter8_hn_normal_133_c03_r01_normal_133_c03_p01_prob1.000_x24320_y36608.png
normal_133,4,fibrosis_stroma_benign,1,E:\camelyon16_project\data\review\iter8_hn_train_stratified40_fp_components\normal_133\component_04\normal_133_c04_p01_prob1.000_x100352_y37248.png,E:\camelyon16_project\data\patches_iter8\train\normal\iter8_hn_normal_133_c04_r01_normal_133_c04_p01_prob1.000_x100352_y37248.png
normal_133,5,fibrosis_stroma_benign,1,E:\camelyon16_project\data\review\iter8_hn_train_stratified40_fp_components\normal_133\component_05\normal_133_c05_p01_prob1.000_x115072_y24960.png,E:\camelyon16_project\data\patches_iter8\train\normal\iter8_hn_normal_133_c05_r01_normal_133_c05_p01_prob1.000_x115072_y24960.png
normal_133,3,fibrosis_stroma_benign,2,E:\camelyon16_project\data\review\iter8_hn_train_stratified40_fp_components\normal_133\component_03\normal_133_c03_p02_prob0.999_x24320_y36480.png,E:\camelyon16_project\data\patches_iter8\train\normal\iter8_hn_normal_133_c03_r02_normal_133_c03_p02_prob0.999_x24320_y36480.png
normal_133,4,fibrosis_stroma_benign,2,E:\camelyon16_project\data\review\iter8_hn_train_stratified40_fp_components\normal_133\component_04\normal_133_c04_p02_prob1.000_x100352_y37120.png,E:\camelyon16_project\data\patches_iter8\train\normal\iter8_hn_normal_133_c04_r02_normal_133_c04_p02_prob1.000_x100352_y37120.png
normal_133,5,fibrosis_stroma_benign,2,E:\camelyon16_project\data\review\iter8_hn_train_stratified40_fp_components\normal_133\component_05\normal_133_c05_p02_prob0.998_x115200_y24960.png,E:\camelyon16_project\data\patches_iter8\train\normal\iter8_hn_normal_133_c05_r02_normal_133_c05_p02_prob0.998_x115200_y24960.png
normal_133,3,fibrosis_stroma_benign,3,E:\camelyon16_project\data\review\iter8_hn_train_stratified40_fp_components\normal_133\component_03\normal_133_c03_p03_prob0.998_x24704_y37376.png,E:\camelyon16_project\data\patches_iter8\train\normal\iter8_hn_normal_133_c03_r03_normal_133_c03_p03_prob0.998_x24704_y37376.png
normal_133,4,fibrosis_stroma_benign,3,E:\camelyon16_project\data\review\iter8_hn_train_stratified40_fp_components\normal_133\component_04\normal_133_c04_p03_prob0.997_x100224_y37120.png,E:\camelyon16_project\data\patches_iter8\train\normal\iter8_hn_normal_133_c04_r03_normal_133_c04_p03_prob0.997_x100224_y37120.png
normal_133,5,fibrosis_stroma_benign,3,E:\camelyon16_project\data\review\iter8_hn_train_stratified40_fp_components\normal_133\component_05\normal_133_c05_p03_prob0.998_x114560_y24192.png,E:\camelyon16_project\data\patches_iter8\train\normal\iter8_hn_normal_133_c05_r03_normal_133_c05_p03_prob0.998_x114560_y24192.png
normal_133,3,fibrosis_stroma_benign,4,E:\camelyon16_project\data\review\iter8_hn_train_stratified40_fp_components\normal_133\component_03\normal_133_c03_p04_prob0.998_x24192_y36736.png,E:\camelyon16_project\data\patches_iter8\train\normal\iter8_hn_normal_133_c03_r04_normal_133_c03_p04_prob0.998_x24192_y36736.png
normal_133,4,fibrosis_stroma_benign,4,E:\camelyon16_project\data\review\iter8_hn_train_stratified40_fp_components\normal_133\component_04\normal_133_c04_p04_prob0.995_x100224_y37248.png,E:\camelyon16_project\data\patches_iter8\train\normal\iter8_hn_normal_133_c04_r04_normal_133_c04_p04_prob0.995_x100224_y37248.png
normal_133,5,fibrosis_stroma_benign,4,E:\camelyon16_project\data\review\iter8_hn_train_stratified40_fp_components\normal_133\component_05\normal_133_c05_p04_prob0.998_x114176_y24320.png,E:\camelyon16_project\data\patches_iter8\train\normal\iter8_hn_normal_133_c05_r04_normal_133_c05_p04_prob0.998_x114176_y24320.png
normal_135,1,fibrosis_stroma_benign,1,E:\camelyon16_project\data\review\iter8_hn_train_stratified40_fp_components\normal_135\component_01\normal_135_c01_p01_prob1.000_x31104_y38400.png,E:\camelyon16_project\data\patches_iter8\train\normal\iter8_hn_normal_135_c01_r01_normal_135_c01_p01_prob1.000_x31104_y38400.png
normal_135,2,fibrosis_stroma_benign,1,E:\camelyon16_project\data\review\iter8_hn_train_stratified40_fp_components\normal_135\component_02\normal_135_c02_p01_prob0.986_x33024_y70528.png,E:\camelyon16_project\data\patches_iter8\train\normal\iter8_hn_normal_135_c02_r01_normal_135_c02_p01_prob0.986_x33024_y70528.png
normal_135,3,vessel_lumen,1,E:\camelyon16_project\data\review\iter8_hn_train_stratified40_fp_components\normal_135\component_03\normal_135_c03_p01_prob0.976_x41088_y62976.png,E:\camelyon16_project\data\patches_iter8\train\normal\iter8_hn_normal_135_c03_r01_normal_135_c03_p01_prob0.976_x41088_y62976.png
normal_135,4,macrophage_histiocyte,1,E:\camelyon16_project\data\review\iter8_hn_train_stratified40_fp_components\normal_135\component_04\normal_135_c04_p01_prob0.925_x20992_y73728.png,E:\camelyon16_project\data\patches_iter8\train\normal\iter8_hn_normal_135_c04_r01_normal_135_c04_p01_prob0.925_x20992_y73728.png
normal_135,5,macrophage_histiocyte,1,E:\camelyon16_project\data\review\iter8_hn_train_stratified40_fp_components\normal_135\component_05\normal_135_c05_p01_prob0.999_x42880_y66048.png,E:\camelyon16_project\data\patches_iter8\train\normal\iter8_hn_normal_135_c05_r01_normal_135_c05_p01_prob0.999_x42880_y66048.png
normal_135,1,fibrosis_stroma_benign,2,E:\camelyon16_project\data\review\iter8_hn_train_stratified40_fp_components\normal_135\component_01\normal_135_c01_p02_prob1.000_x31104_y38272.png,E:\camelyon16_project\data\patches_iter8\train\normal\iter8_hn_normal_135_c01_r02_normal_135_c01_p02_prob1.000_x31104_y38272.png
normal_135,2,fibrosis_stroma_benign,2,E:\camelyon16_project\data\review\iter8_hn_train_stratified40_fp_components\normal_135\component_02\normal_135_c02_p02_prob0.974_x32768_y69760.png,E:\camelyon16_project\data\patches_iter8\train\normal\iter8_hn_normal_135_c02_r02_normal_135_c02_p02_prob0.974_x32768_y69760.png
normal_135,3,vessel_lumen,2,E:\camelyon16_project\data\review\iter8_hn_train_stratified40_fp_components\normal_135\component_03\normal_135_c03_p02_prob0.955_x40448_y62592.png,E:\camelyon16_project\data\patches_iter8\train\normal\iter8_hn_normal_135_c03_r02_normal_135_c03_p02_prob0.955_x40448_y62592.png
normal_135,4,macrophage_histiocyte,2,E:\camelyon16_project\data\review\iter8_hn_train_stratified40_fp_components\normal_135\component_04\normal_135_c04_p02_prob0.925_x21120_y73728.png,E:\camelyon16_project\data\patches_iter8\train\normal\iter8_hn_normal_135_c04_r02_normal_135_c04_p02_prob0.925_x21120_y73728.png
normal_135,5,macrophage_histiocyte,2,E:\camelyon16_project\data\review\iter8_hn_train_stratified40_fp_components\normal_135\component_05\normal_135_c05_p02_prob0.997_x42880_y65920.png,E:\camelyon16_project\data\patches_iter8\train\normal\iter8_hn_normal_135_c05_r02_normal_135_c05_p02_prob0.997_x42880_y65920.png
normal_135,1,fibrosis_stroma_benign,3,E:\camelyon16_project\data\review\iter8_hn_train_stratified40_fp_components\normal_135\component_01\normal_135_c01_p03_prob1.000_x30336_y38400.png,E:\camelyon16_project\data\patches_iter8\train\normal\iter8_hn_normal_135_c01_r03_normal_135_c01_p03_prob1.000_x30336_y38400.png
normal_135,2,fibrosis_stroma_benign,3,E:\camelyon16_project\data\review\iter8_hn_train_stratified40_fp_components\normal_135\component_02\normal_135_c02_p03_prob0.963_x32512_y70272.png,E:\camelyon16_project\data\patches_iter8\train\normal\iter8_hn_normal_135_c02_r03_normal_135_c02_p03_prob0.963_x32512_y70272.png
normal_135,3,vessel_lumen,3,E:\camelyon16_project\data\review\iter8_hn_train_stratified40_fp_components\normal_135\component_03\normal_135_c03_p03_prob0.941_x40576_y62720.png,E:\camelyon16_project\data\patches_iter8\train\normal\iter8_hn_normal_135_c03_r03_normal_135_c03_p03_prob0.941_x40576_y62720.png
normal_135,4,macrophage_histiocyte,3,E:\camelyon16_project\data\review\iter8_hn_train_stratified40_fp_components\normal_135\component_04\normal_135_c04_p03_prob0.912_x20992_y73472.png,E:\camelyon16_project\data\patches_iter8\train\normal\iter8_hn_normal_135_c04_r03_normal_135_c04_p03_prob0.912_x20992_y73472.png
normal_135,5,macrophage_histiocyte,3,E:\camelyon16_project\data\review\iter8_hn_train_stratified40_fp_components\normal_135\component_05\normal_135_c05_p03_prob0.994_x42880_y66176.png,E:\camelyon16_project\data\patches_iter8\train\normal\iter8_hn_normal_135_c05_r03_normal_135_c05_p03_prob0.994_x42880_y66176.png
normal_135,1,fibrosis_stroma_benign,4,E:\camelyon16_project\data\review\iter8_hn_train_stratified40_fp_components\normal_135\component_01\normal_135_c01_p04_prob0.999_x30080_y38784.png,E:\camelyon16_project\data\patches_iter8\train\normal\iter8_hn_normal_135_c01_r04_normal_135_c01_p04_prob0.999_x30080_y38784.png
normal_135,2,fibrosis_stroma_benign,4,E:\camelyon16_project\data\review\iter8_hn_train_stratified40_fp_components\normal_135\component_02\normal_135_c02_p04_prob0.950_x33152_y70272.png,E:\camelyon16_project\data\patches_iter8\train\normal\iter8_hn_normal_135_c02_r04_normal_135_c02_p04_prob0.950_x33152_y70272.png
normal_135,3,vessel_lumen,4,E:\camelyon16_project\data\review\iter8_hn_train_stratified40_fp_components\normal_135\component_03\normal_135_c03_p04_prob0.930_x41472_y63744.png,E:\camelyon16_project\data\patches_iter8\train\normal\iter8_hn_normal_135_c03_r04_normal_135_c03_p04_prob0.930_x41472_y63744.png
normal_135,4,macrophage_histiocyte,4,E:\camelyon16_project\data\review\iter8_hn_train_stratified40_fp_components\normal_135\component_04\normal_135_c04_p04_prob0.902_x21504_y73600.png,E:\camelyon16_project\data\patches_iter8\train\normal\iter8_hn_normal_135_c04_r04_normal_135_c04_p04_prob0.902_x21504_y73600.png
normal_135,5,macrophage_histiocyte,4,E:\camelyon16_project\data\review\iter8_hn_train_stratified40_fp_components\normal_135\component_05\normal_135_c05_p04_prob0.986_x43008_y66048.png,E:\camelyon16_project\data\patches_iter8\train\normal\iter8_hn_normal_135_c05_r04_normal_135_c05_p04_prob0.986_x43008_y66048.png
normal_143,1,fibrosis_stroma_benign,1,E:\camelyon16_project\data\review\iter8_hn_train_stratified40_fp_components\normal_143\component_01\normal_143_c01_p01_prob1.000_x67968_y20736.png,E:\camelyon16_project\data\patches_iter8\train\normal\iter8_hn_normal_143_c01_r01_normal_143_c01_p01_prob1.000_x67968_y20736.png
normal_143,2,fibrosis_stroma_benign,1,E:\camelyon16_project\data\review\iter8_hn_train_stratified40_fp_components\normal_143\component_02\normal_143_c02_p01_prob1.000_x90752_y51072.png,E:\camelyon16_project\data\patches_iter8\train\normal\iter8_hn_normal_143_c02_r01_normal_143_c02_p01_prob1.000_x90752_y51072.png
normal_143,3,fibrosis_stroma_benign,1,E:\camelyon16_project\data\review\iter8_hn_train_stratified40_fp_components\normal_143\component_03\normal_143_c03_p01_prob1.000_x24192_y52096.png,E:\camelyon16_project\data\patches_iter8\train\normal\iter8_hn_normal_143_c03_r01_normal_143_c03_p01_prob1.000_x24192_y52096.png
normal_143,4,fibrosis_stroma_benign,1,E:\camelyon16_project\data\review\iter8_hn_train_stratified40_fp_components\normal_143\component_04\normal_143_c04_p01_prob1.000_x74240_y62080.png,E:\camelyon16_project\data\patches_iter8\train\normal\iter8_hn_normal_143_c04_r01_normal_143_c04_p01_prob1.000_x74240_y62080.png
normal_143,5,fibrosis_stroma_benign,1,E:\camelyon16_project\data\review\iter8_hn_train_stratified40_fp_components\normal_143\component_05\normal_143_c05_p01_prob1.000_x26496_y55424.png,E:\camelyon16_project\data\patches_iter8\train\normal\iter8_hn_normal_143_c05_r01_normal_143_c05_p01_prob1.000_x26496_y55424.png
normal_143,1,fibrosis_stroma_benign,2,E:\camelyon16_project\data\review\iter8_hn_train_stratified40_fp_components\normal_143\component_01\normal_143_c01_p02_prob1.000_x66816_y20864.png,E:\camelyon16_project\data\patches_iter8\train\normal\iter8_hn_normal_143_c01_r02_normal_143_c01_p02_prob1.000_x66816_y20864.png
normal_143,2,fibrosis_stroma_benign,2,E:\camelyon16_project\data\review\iter8_hn_train_stratified40_fp_components\normal_143\component_02\normal_143_c02_p02_prob1.000_x89984_y50944.png,E:\camelyon16_project\data\patches_iter8\train\normal\iter8_hn_normal_143_c02_r02_normal_143_c02_p02_prob1.000_x89984_y50944.png
normal_143,3,fibrosis_stroma_benign,2,E:\camelyon16_project\data\review\iter8_hn_train_stratified40_fp_components\normal_143\component_03\normal_143_c03_p02_prob1.000_x23936_y52864.png,E:\camelyon16_project\data\patches_iter8\train\normal\iter8_hn_normal_143_c03_r02_normal_143_c03_p02_prob1.000_x23936_y52864.png
normal_143,4,fibrosis_stroma_benign,2,E:\camelyon16_project\data\review\iter8_hn_train_stratified40_fp_components\normal_143\component_04\normal_143_c04_p02_prob1.000_x73472_y62848.png,E:\camelyon16_project\data\patches_iter8\train\normal\iter8_hn_normal_143_c04_r02_normal_143_c04_p02_prob1.000_x73472_y62848.png
normal_143,5,fibrosis_stroma_benign,2,E:\camelyon16_project\data\review\iter8_hn_train_stratified40_fp_components\normal_143\component_05\normal_143_c05_p02_prob1.000_x28800_y55040.png,E:\camelyon16_project\data\patches_iter8\train\normal\iter8_hn_normal_143_c05_r02_normal_143_c05_p02_prob1.000_x28800_y55040.png
normal_143,1,fibrosis_stroma_benign,3,E:\camelyon16_project\data\review\iter8_hn_train_stratified40_fp_components\normal_143\component_01\normal_143_c01_p03_prob1.000_x66944_y20864.png,E:\camelyon16_project\data\patches_iter8\train\normal\iter8_hn_normal_143_c01_r03_normal_143_c01_p03_prob1.000_x66944_y20864.png
normal_143,2,fibrosis_stroma_benign,3,E:\camelyon16_project\data\review\iter8_hn_train_stratified40_fp_components\normal_143\component_02\normal_143_c02_p03_prob1.000_x90624_y51072.png,E:\camelyon16_project\data\patches_iter8\train\normal\iter8_hn_normal_143_c02_r03_normal_143_c02_p03_prob1.000_x90624_y51072.png
normal_143,3,fibrosis_stroma_benign,3,E:\camelyon16_project\data\review\iter8_hn_train_stratified40_fp_components\normal_143\component_03\normal_143_c03_p03_prob1.000_x23040_y52864.png,E:\camelyon16_project\data\patches_iter8\train\normal\iter8_hn_normal_143_c03_r03_normal_143_c03_p03_prob1.000_x23040_y52864.png
normal_143,4,fibrosis_stroma_benign,3,E:\camelyon16_project\data\review\iter8_hn_train_stratified40_fp_components\normal_143\component_04\normal_143_c04_p03_prob1.000_x74368_y62080.png,E:\camelyon16_project\data\patches_iter8\train\normal\iter8_hn_normal_143_c04_r03_normal_143_c04_p03_prob1.000_x74368_y62080.png
normal_143,5,fibrosis_stroma_benign,3,E:\camelyon16_project\data\review\iter8_hn_train_stratified40_fp_components\normal_143\component_05\normal_143_c05_p03_prob0.999_x27904_y54144.png,E:\camelyon16_project\data\patches_iter8\train\normal\iter8_hn_normal_143_c05_r03_normal_143_c05_p03_prob0.999_x27904_y54144.png
normal_143,1,fibrosis_stroma_benign,4,E:\camelyon16_project\data\review\iter8_hn_train_stratified40_fp_components\normal_143\component_01\normal_143_c01_p04_prob1.000_x67328_y21248.png,E:\camelyon16_project\data\patches_iter8\train\normal\iter8_hn_normal_143_c01_r04_normal_143_c01_p04_prob1.000_x67328_y21248.png
normal_143,2,fibrosis_stroma_benign,4,E:\camelyon16_project\data\review\iter8_hn_train_stratified40_fp_components\normal_143\component_02\normal_143_c02_p04_prob1.000_x90624_y51200.png,E:\camelyon16_project\data\patches_iter8\train\normal\iter8_hn_normal_143_c02_r04_normal_143_c02_p04_prob1.000_x90624_y51200.png
normal_143,3,fibrosis_stroma_benign,4,E:\camelyon16_project\data\review\iter8_hn_train_stratified40_fp_components\normal_143\component_03\normal_143_c03_p04_prob1.000_x22784_y52864.png,E:\camelyon16_project\data\patches_iter8\train\normal\iter8_hn_normal_143_c03_r04_normal_143_c03_p04_prob1.000_x22784_y52864.png
normal_143,4,fibrosis_stroma_benign,4,E:\camelyon16_project\data\review\iter8_hn_train_stratified40_fp_components\normal_143\component_04\normal_143_c04_p04_prob1.000_x73728_y61824.png,E:\camelyon16_project\data\patches_iter8\train\normal\iter8_hn_normal_143_c04_r04_normal_143_c04_p04_prob1.000_x73728_y61824.png
normal_143,5,fibrosis_stroma_benign,4,E:\camelyon16_project\data\review\iter8_hn_train_stratified40_fp_components\normal_143\component_05\normal_143_c05_p04_prob0.999_x26624_y53888.png,E:\camelyon16_project\data\patches_iter8\train\normal\iter8_hn_normal_143_c05_r04_normal_143_c05_p04_prob0.999_x26624_y53888.png
normal_146,1,fibrosis_stroma_benign,1,E:\camelyon16_project\data\review\iter8_hn_train_stratified40_fp_components\normal_146\component_01\normal_146_c01_p01_prob1.000_x116480_y16512.png,E:\camelyon16_project\data\patches_iter8\train\normal\iter8_hn_normal_146_c01_r01_normal_146_c01_p01_prob1.000_x116480_y16512.png
normal_146,2,fibrosis_stroma_benign,1,E:\camelyon16_project\data\review\iter8_hn_train_stratified40_fp_components\normal_146\component_02\normal_146_c02_p01_prob1.000_x120192_y23680.png,E:\camelyon16_project\data\patches_iter8\train\normal\iter8_hn_normal_146_c02_r01_normal_146_c02_p01_prob1.000_x120192_y23680.png
normal_146,3,fibrosis_stroma_benign,1,E:\camelyon16_project\data\review\iter8_hn_train_stratified40_fp_components\normal_146\component_03\normal_146_c03_p01_prob1.000_x66944_y44288.png,E:\camelyon16_project\data\patches_iter8\train\normal\iter8_hn_normal_146_c03_r01_normal_146_c03_p01_prob1.000_x66944_y44288.png
normal_146,4,fibrosis_stroma_benign,1,E:\camelyon16_project\data\review\iter8_hn_train_stratified40_fp_components\normal_146\component_04\normal_146_c04_p01_prob1.000_x55936_y44800.png,E:\camelyon16_project\data\patches_iter8\train\normal\iter8_hn_normal_146_c04_r01_normal_146_c04_p01_prob1.000_x55936_y44800.png
normal_146,5,macrophage_histiocyte,1,E:\camelyon16_project\data\review\iter8_hn_train_stratified40_fp_components\normal_146\component_05\normal_146_c05_p01_prob1.000_x28032_y25728.png,E:\camelyon16_project\data\patches_iter8\train\normal\iter8_hn_normal_146_c05_r01_normal_146_c05_p01_prob1.000_x28032_y25728.png
normal_146,1,fibrosis_stroma_benign,2,E:\camelyon16_project\data\review\iter8_hn_train_stratified40_fp_components\normal_146\component_01\normal_146_c01_p02_prob1.000_x116992_y16640.png,E:\camelyon16_project\data\patches_iter8\train\normal\iter8_hn_normal_146_c01_r02_normal_146_c01_p02_prob1.000_x116992_y16640.png
normal_146,2,fibrosis_stroma_benign,2,E:\camelyon16_project\data\review\iter8_hn_train_stratified40_fp_components\normal_146\component_02\normal_146_c02_p02_prob1.000_x120320_y23680.png,E:\camelyon16_project\data\patches_iter8\train\normal\iter8_hn_normal_146_c02_r02_normal_146_c02_p02_prob1.000_x120320_y23680.png
normal_146,3,fibrosis_stroma_benign,2,E:\camelyon16_project\data\review\iter8_hn_train_stratified40_fp_components\normal_146\component_03\normal_146_c03_p02_prob1.000_x66688_y44672.png,E:\camelyon16_project\data\patches_iter8\train\normal\iter8_hn_normal_146_c03_r02_normal_146_c03_p02_prob1.000_x66688_y44672.png
normal_146,4,fibrosis_stroma_benign,2,E:\camelyon16_project\data\review\iter8_hn_train_stratified40_fp_components\normal_146\component_04\normal_146_c04_p02_prob1.000_x54656_y43648.png,E:\camelyon16_project\data\patches_iter8\train\normal\iter8_hn_normal_146_c04_r02_normal_146_c04_p02_prob1.000_x54656_y43648.png
normal_146,5,macrophage_histiocyte,2,E:\camelyon16_project\data\review\iter8_hn_train_stratified40_fp_components\normal_146\component_05\normal_146_c05_p02_prob1.000_x28544_y26752.png,E:\camelyon16_project\data\patches_iter8\train\normal\iter8_hn_normal_146_c05_r02_normal_146_c05_p02_prob1.000_x28544_y26752.png
normal_146,1,fibrosis_stroma_benign,3,E:\camelyon16_project\data\review\iter8_hn_train_stratified40_fp_components\normal_146\component_01\normal_146_c01_p03_prob1.000_x115328_y16000.png,E:\camelyon16_project\data\patches_iter8\train\normal\iter8_hn_normal_146_c01_r03_normal_146_c01_p03_prob1.000_x115328_y16000.png
normal_146,2,fibrosis_stroma_benign,3,E:\camelyon16_project\data\review\iter8_hn_train_stratified40_fp_components\normal_146\component_02\normal_146_c02_p03_prob1.000_x120448_y23680.png,E:\camelyon16_project\data\patches_iter8\train\normal\iter8_hn_normal_146_c02_r03_normal_146_c02_p03_prob1.000_x120448_y23680.png
normal_146,3,fibrosis_stroma_benign,3,E:\camelyon16_project\data\review\iter8_hn_train_stratified40_fp_components\normal_146\component_03\normal_146_c03_p03_prob1.000_x65408_y47104.png,E:\camelyon16_project\data\patches_iter8\train\normal\iter8_hn_normal_146_c03_r03_normal_146_c03_p03_prob1.000_x65408_y47104.png
normal_146,4,fibrosis_stroma_benign,3,E:\camelyon16_project\data\review\iter8_hn_train_stratified40_fp_components\normal_146\component_04\normal_146_c04_p03_prob1.000_x54656_y43520.png,E:\camelyon16_project\data\patches_iter8\train\normal\iter8_hn_normal_146_c04_r03_normal_146_c04_p03_prob1.000_x54656_y43520.png
normal_146,5,macrophage_histiocyte,3,E:\camelyon16_project\data\review\iter8_hn_train_stratified40_fp_components\normal_146\component_05\normal_146_c05_p03_prob1.000_x27904_y25728.png,E:\camelyon16_project\data\patches_iter8\train\normal\iter8_hn_normal_146_c05_r03_normal_146_c05_p03_prob1.000_x27904_y25728.png
normal_146,1,fibrosis_stroma_benign,4,E:\camelyon16_project\data\review\iter8_hn_train_stratified40_fp_components\normal_146\component_01\normal_146_c01_p04_prob1.000_x115712_y16384.png,E:\camelyon16_project\data\patches_iter8\train\normal\iter8_hn_normal_146_c01_r04_normal_146_c01_p04_prob1.000_x115712_y16384.png
normal_146,2,fibrosis_stroma_benign,4,E:\camelyon16_project\data\review\iter8_hn_train_stratified40_fp_components\normal_146\component_02\normal_146_c02_p04_prob1.000_x120448_y23808.png,E:\camelyon16_project\data\patches_iter8\train\normal\iter8_hn_normal_146_c02_r04_normal_146_c02_p04_prob1.000_x120448_y23808.png
normal_146,3,fibrosis_stroma_benign,4,E:\camelyon16_project\data\review\iter8_hn_train_stratified40_fp_components\normal_146\component_03\normal_146_c03_p04_prob1.000_x65792_y47232.png,E:\camelyon16_project\data\patches_iter8\train\normal\iter8_hn_normal_146_c03_r04_normal_146_c03_p04_prob1.000_x65792_y47232.png
normal_146,4,fibrosis_stroma_benign,4,E:\camelyon16_project\data\review\iter8_hn_train_stratified40_fp_components\normal_146\component_04\normal_146_c04_p04_prob1.000_x54528_y44928.png,E:\camelyon16_project\data\patches_iter8\train\normal\iter8_hn_normal_146_c04_r04_normal_146_c04_p04_prob1.000_x54528_y44928.png
normal_146,5,macrophage_histiocyte,4,E:\camelyon16_project\data\review\iter8_hn_train_stratified40_fp_components\normal_146\component_05\normal_146_c05_p04_prob1.000_x27776_y25984.png,E:\camelyon16_project\data\patches_iter8\train\normal\iter8_hn_normal_146_c05_r04_normal_146_c05_p04_prob1.000_x27776_y25984.png
normal_150,1,macrophage_histiocyte,1,E:\camelyon16_project\data\review\iter8_hn_train_stratified40_fp_components\normal_150\component_01\normal_150_c01_p01_prob0.999_x19968_y33152.png,E:\camelyon16_project\data\patches_iter8\train\normal\iter8_hn_normal_150_c01_r01_normal_150_c01_p01_prob0.999_x19968_y33152.png
normal_150,2,fibrosis_stroma_benign,1,E:\camelyon16_project\data\review\iter8_hn_train_stratified40_fp_components\normal_150\component_02\normal_150_c02_p01_prob1.000_x46976_y31744.png,E:\camelyon16_project\data\patches_iter8\train\normal\iter8_hn_normal_150_c02_r01_normal_150_c02_p01_prob1.000_x46976_y31744.png
normal_150,3,fibrosis_stroma_benign,1,E:\camelyon16_project\data\review\iter8_hn_train_stratified40_fp_components\normal_150\component_03\normal_150_c03_p01_prob1.000_x39936_y47488.png,E:\camelyon16_project\data\patches_iter8\train\normal\iter8_hn_normal_150_c03_r01_normal_150_c03_p01_prob1.000_x39936_y47488.png
normal_150,4,vessel_lumen,1,E:\camelyon16_project\data\review\iter8_hn_train_stratified40_fp_components\normal_150\component_04\normal_150_c04_p01_prob0.998_x18688_y30976.png,E:\camelyon16_project\data\patches_iter8\train\normal\iter8_hn_normal_150_c04_r01_normal_150_c04_p01_prob0.998_x18688_y30976.png
normal_150,5,fibrosis_stroma_benign,1,E:\camelyon16_project\data\review\iter8_hn_train_stratified40_fp_components\normal_150\component_05\normal_150_c05_p01_prob1.000_x45568_y33024.png,E:\camelyon16_project\data\patches_iter8\train\normal\iter8_hn_normal_150_c05_r01_normal_150_c05_p01_prob1.000_x45568_y33024.png
normal_150,1,macrophage_histiocyte,2,E:\camelyon16_project\data\review\iter8_hn_train_stratified40_fp_components\normal_150\component_01\normal_150_c01_p02_prob0.999_x19840_y33152.png,E:\camelyon16_project\data\patches_iter8\train\normal\iter8_hn_normal_150_c01_r02_normal_150_c01_p02_prob0.999_x19840_y33152.png
normal_150,2,fibrosis_stroma_benign,2,E:\camelyon16_project\data\review\iter8_hn_train_stratified40_fp_components\normal_150\component_02\normal_150_c02_p02_prob0.999_x48256_y32384.png,E:\camelyon16_project\data\patches_iter8\train\normal\iter8_hn_normal_150_c02_r02_normal_150_c02_p02_prob0.999_x48256_y32384.png
normal_150,3,fibrosis_stroma_benign,2,E:\camelyon16_project\data\review\iter8_hn_train_stratified40_fp_components\normal_150\component_03\normal_150_c03_p02_prob1.000_x39808_y47488.png,E:\camelyon16_project\data\patches_iter8\train\normal\iter8_hn_normal_150_c03_r02_normal_150_c03_p02_prob1.000_x39808_y47488.png
normal_150,4,vessel_lumen,2,E:\camelyon16_project\data\review\iter8_hn_train_stratified40_fp_components\normal_150\component_04\normal_150_c04_p02_prob0.997_x17280_y29568.png,E:\camelyon16_project\data\patches_iter8\train\normal\iter8_hn_normal_150_c04_r02_normal_150_c04_p02_prob0.997_x17280_y29568.png
normal_150,5,fibrosis_stroma_benign,2,E:\camelyon16_project\data\review\iter8_hn_train_stratified40_fp_components\normal_150\component_05\normal_150_c05_p02_prob1.000_x46464_y32896.png,E:\camelyon16_project\data\patches_iter8\train\normal\iter8_hn_normal_150_c05_r02_normal_150_c05_p02_prob1.000_x46464_y32896.png
normal_150,1,macrophage_histiocyte,3,E:\camelyon16_project\data\review\iter8_hn_train_stratified40_fp_components\normal_150\component_01\normal_150_c01_p03_prob0.998_x22528_y34944.png,E:\camelyon16_project\data\patches_iter8\train\normal\iter8_hn_normal_150_c01_r03_normal_150_c01_p03_prob0.998_x22528_y34944.png
normal_150,2,fibrosis_stroma_benign,3,E:\camelyon16_project\data\review\iter8_hn_train_stratified40_fp_components\normal_150\component_02\normal_150_c02_p03_prob0.999_x47232_y32256.png,E:\camelyon16_project\data\patches_iter8\train\normal\iter8_hn_normal_150_c02_r03_normal_150_c02_p03_prob0.999_x47232_y32256.png
normal_150,3,fibrosis_stroma_benign,3,E:\camelyon16_project\data\review\iter8_hn_train_stratified40_fp_components\normal_150\component_03\normal_150_c03_p03_prob1.000_x40192_y47616.png,E:\camelyon16_project\data\patches_iter8\train\normal\iter8_hn_normal_150_c03_r03_normal_150_c03_p03_prob1.000_x40192_y47616.png
normal_150,4,vessel_lumen,3,E:\camelyon16_project\data\review\iter8_hn_train_stratified40_fp_components\normal_150\component_04\normal_150_c04_p03_prob0.996_x17792_y29056.png,E:\camelyon16_project\data\patches_iter8\train\normal\iter8_hn_normal_150_c04_r03_normal_150_c04_p03_prob0.996_x17792_y29056.png
normal_150,5,fibrosis_stroma_benign,3,E:\camelyon16_project\data\review\iter8_hn_train_stratified40_fp_components\normal_150\component_05\normal_150_c05_p03_prob1.000_x46208_y33408.png,E:\camelyon16_project\data\patches_iter8\train\normal\iter8_hn_normal_150_c05_r03_normal_150_c05_p03_prob1.000_x46208_y33408.png
normal_150,1,macrophage_histiocyte,4,E:\camelyon16_project\data\review\iter8_hn_train_stratified40_fp_components\normal_150\component_01\normal_150_c01_p04_prob0.998_x20736_y33792.png,E:\camelyon16_project\data\patches_iter8\train\normal\iter8_hn_normal_150_c01_r04_normal_150_c01_p04_prob0.998_x20736_y33792.png
normal_150,2,fibrosis_stroma_benign,4,E:\camelyon16_project\data\review\iter8_hn_train_stratified40_fp_components\normal_150\component_02\normal_150_c02_p04_prob0.998_x47232_y32384.png,E:\camelyon16_project\data\patches_iter8\train\normal\iter8_hn_normal_150_c02_r04_normal_150_c02_p04_prob0.998_x47232_y32384.png
normal_150,3,fibrosis_stroma_benign,4,E:\camelyon16_project\data\review\iter8_hn_train_stratified40_fp_components\normal_150\component_03\normal_150_c03_p04_prob1.000_x40704_y47616.png,E:\camelyon16_project\data\patches_iter8\train\normal\iter8_hn_normal_150_c03_r04_normal_150_c03_p04_prob1.000_x40704_y47616.png
normal_150,4,vessel_lumen,4,E:\camelyon16_project\data\review\iter8_hn_train_stratified40_fp_components\normal_150\component_04\normal_150_c04_p04_prob0.996_x18816_y30976.png,E:\camelyon16_project\data\patches_iter8\train\normal\iter8_hn_normal_150_c04_r04_normal_150_c04_p04_prob0.996_x18816_y30976.png
normal_150,5,fibrosis_stroma_benign,4,E:\camelyon16_project\data\review\iter8_hn_train_stratified40_fp_components\normal_150\component_05\normal_150_c05_p04_prob1.000_x45568_y32640.png,E:\camelyon16_project\data\patches_iter8\train\normal\iter8_hn_normal_150_c05_r04_normal_150_c05_p04_prob1.000_x45568_y32640.png
normal_152,1,fibrosis_stroma_benign,1,E:\camelyon16_project\data\review\iter8_hn_train_stratified40_fp_components\normal_152\component_01\normal_152_c01_p01_prob1.000_x74624_y29568.png,E:\camelyon16_project\data\patches_iter8\train\normal\iter8_hn_normal_152_c01_r01_normal_152_c01_p01_prob1.000_x74624_y29568.png
normal_152,2,fibrosis_stroma_benign,1,E:\camelyon16_project\data\review\iter8_hn_train_stratified40_fp_components\normal_152\component_02\normal_152_c02_p01_prob1.000_x40448_y53120.png,E:\camelyon16_project\data\patches_iter8\train\normal\iter8_hn_normal_152_c02_r01_normal_152_c02_p01_prob1.000_x40448_y53120.png
normal_152,3,fibrosis_stroma_benign,1,E:\camelyon16_project\data\review\iter8_hn_train_stratified40_fp_components\normal_152\component_03\normal_152_c03_p01_prob1.000_x50432_y54528.png,E:\camelyon16_project\data\patches_iter8\train\normal\iter8_hn_normal_152_c03_r01_normal_152_c03_p01_prob1.000_x50432_y54528.png
normal_152,4,fibrosis_stroma_benign,1,E:\camelyon16_project\data\review\iter8_hn_train_stratified40_fp_components\normal_152\component_04\normal_152_c04_p01_prob1.000_x84480_y38144.png,E:\camelyon16_project\data\patches_iter8\train\normal\iter8_hn_normal_152_c04_r01_normal_152_c04_p01_prob1.000_x84480_y38144.png
normal_152,5,fibrosis_stroma_benign,1,E:\camelyon16_project\data\review\iter8_hn_train_stratified40_fp_components\normal_152\component_05\normal_152_c05_p01_prob1.000_x42112_y47360.png,E:\camelyon16_project\data\patches_iter8\train\normal\iter8_hn_normal_152_c05_r01_normal_152_c05_p01_prob1.000_x42112_y47360.png
normal_152,1,fibrosis_stroma_benign,2,E:\camelyon16_project\data\review\iter8_hn_train_stratified40_fp_components\normal_152\component_01\normal_152_c01_p02_prob1.000_x77312_y31360.png,E:\camelyon16_project\data\patches_iter8\train\normal\iter8_hn_normal_152_c01_r02_normal_152_c01_p02_prob1.000_x77312_y31360.png
normal_152,2,fibrosis_stroma_benign,2,E:\camelyon16_project\data\review\iter8_hn_train_stratified40_fp_components\normal_152\component_02\normal_152_c02_p02_prob1.000_x40320_y52864.png,E:\camelyon16_project\data\patches_iter8\train\normal\iter8_hn_normal_152_c02_r02_normal_152_c02_p02_prob1.000_x40320_y52864.png
normal_152,3,fibrosis_stroma_benign,2,E:\camelyon16_project\data\review\iter8_hn_train_stratified40_fp_components\normal_152\component_03\normal_152_c03_p02_prob1.000_x50432_y54656.png,E:\camelyon16_project\data\patches_iter8\train\normal\iter8_hn_normal_152_c03_r02_normal_152_c03_p02_prob1.000_x50432_y54656.png
normal_152,4,fibrosis_stroma_benign,2,E:\camelyon16_project\data\review\iter8_hn_train_stratified40_fp_components\normal_152\component_04\normal_152_c04_p02_prob1.000_x84480_y38016.png,E:\camelyon16_project\data\patches_iter8\train\normal\iter8_hn_normal_152_c04_r02_normal_152_c04_p02_prob1.000_x84480_y38016.png
normal_152,5,fibrosis_stroma_benign,2,E:\camelyon16_project\data\review\iter8_hn_train_stratified40_fp_components\normal_152\component_05\normal_152_c05_p02_prob1.000_x41216_y47232.png,E:\camelyon16_project\data\patches_iter8\train\normal\iter8_hn_normal_152_c05_r02_normal_152_c05_p02_prob1.000_x41216_y47232.png
normal_152,1,fibrosis_stroma_benign,3,E:\camelyon16_project\data\review\iter8_hn_train_stratified40_fp_components\normal_152\component_01\normal_152_c01_p03_prob1.000_x74752_y29568.png,E:\camelyon16_project\data\patches_iter8\train\normal\iter8_hn_normal_152_c01_r03_normal_152_c01_p03_prob1.000_x74752_y29568.png
normal_152,2,fibrosis_stroma_benign,3,E:\camelyon16_project\data\review\iter8_hn_train_stratified40_fp_components\normal_152\component_02\normal_152_c02_p03_prob1.000_x39168_y51456.png,E:\camelyon16_project\data\patches_iter8\train\normal\iter8_hn_normal_152_c02_r03_normal_152_c02_p03_prob1.000_x39168_y51456.png
normal_152,3,fibrosis_stroma_benign,3,E:\camelyon16_project\data\review\iter8_hn_train_stratified40_fp_components\normal_152\component_03\normal_152_c03_p03_prob1.000_x50560_y54784.png,E:\camelyon16_project\data\patches_iter8\train\normal\iter8_hn_normal_152_c03_r03_normal_152_c03_p03_prob1.000_x50560_y54784.png
normal_152,4,fibrosis_stroma_benign,3,E:\camelyon16_project\data\review\iter8_hn_train_stratified40_fp_components\normal_152\component_04\normal_152_c04_p03_prob1.000_x84480_y38912.png,E:\camelyon16_project\data\patches_iter8\train\normal\iter8_hn_normal_152_c04_r03_normal_152_c04_p03_prob1.000_x84480_y38912.png
normal_152,5,fibrosis_stroma_benign,3,E:\camelyon16_project\data\review\iter8_hn_train_stratified40_fp_components\normal_152\component_05\normal_152_c05_p03_prob1.000_x41216_y47104.png,E:\camelyon16_project\data\patches_iter8\train\normal\iter8_hn_normal_152_c05_r03_normal_152_c05_p03_prob1.000_x41216_y47104.png
normal_152,1,fibrosis_stroma_benign,4,E:\camelyon16_project\data\review\iter8_hn_train_stratified40_fp_components\normal_152\component_01\normal_152_c01_p04_prob1.000_x77056_y32768.png,E:\camelyon16_project\data\patches_iter8\train\normal\iter8_hn_normal_152_c01_r04_normal_152_c01_p04_prob1.000_x77056_y32768.png
normal_152,2,fibrosis_stroma_benign,4,E:\camelyon16_project\data\review\iter8_hn_train_stratified40_fp_components\normal_152\component_02\normal_152_c02_p04_prob0.999_x40448_y52864.png,E:\camelyon16_project\data\patches_iter8\train\normal\iter8_hn_normal_152_c02_r04_normal_152_c02_p04_prob0.999_x40448_y52864.png
normal_152,3,fibrosis_stroma_benign,4,E:\camelyon16_project\data\review\iter8_hn_train_stratified40_fp_components\normal_152\component_03\normal_152_c03_p04_prob1.000_x50304_y54400.png,E:\camelyon16_project\data\patches_iter8\train\normal\iter8_hn_normal_152_c03_r04_normal_152_c03_p04_prob1.000_x50304_y54400.png
normal_152,4,fibrosis_stroma_benign,4,E:\camelyon16_project\data\review\iter8_hn_train_stratified40_fp_components\normal_152\component_04\normal_152_c04_p04_prob1.000_x84352_y38144.png,E:\camelyon16_project\data\patches_iter8\train\normal\iter8_hn_normal_152_c04_r04_normal_152_c04_p04_prob1.000_x84352_y38144.png
normal_152,5,fibrosis_stroma_benign,4,E:\camelyon16_project\data\review\iter8_hn_train_stratified40_fp_components\normal_152\component_05\normal_152_c05_p04_prob1.000_x41984_y47232.png,E:\camelyon16_project\data\patches_iter8\train\normal\iter8_hn_normal_152_c05_r04_normal_152_c05_p04_prob1.000_x41984_y47232.png
normal_156,1,fibrosis_stroma_benign,1,E:\camelyon16_project\data\review\iter8_hn_train_stratified40_fp_components\normal_156\component_01\normal_156_c01_p01_prob1.000_x88448_y34560.png,E:\camelyon16_project\data\patches_iter8\train\normal\iter8_hn_normal_156_c01_r01_normal_156_c01_p01_prob1.000_x88448_y34560.png
normal_156,2,fibrosis_stroma_benign,1,E:\camelyon16_project\data\review\iter8_hn_train_stratified40_fp_components\normal_156\component_02\normal_156_c02_p01_prob1.000_x88576_y40448.png,E:\camelyon16_project\data\patches_iter8\train\normal\iter8_hn_normal_156_c02_r01_normal_156_c02_p01_prob1.000_x88576_y40448.png
normal_156,3,fibrosis_stroma_benign,1,E:\camelyon16_project\data\review\iter8_hn_train_stratified40_fp_components\normal_156\component_03\normal_156_c03_p01_prob1.000_x55936_y25088.png,E:\camelyon16_project\data\patches_iter8\train\normal\iter8_hn_normal_156_c03_r01_normal_156_c03_p01_prob1.000_x55936_y25088.png
normal_156,4,macrophage_histiocyte,1,E:\camelyon16_project\data\review\iter8_hn_train_stratified40_fp_components\normal_156\component_04\normal_156_c04_p01_prob0.995_x76544_y62976.png,E:\camelyon16_project\data\patches_iter8\train\normal\iter8_hn_normal_156_c04_r01_normal_156_c04_p01_prob0.995_x76544_y62976.png
normal_156,5,fibrosis_stroma_benign,1,E:\camelyon16_project\data\review\iter8_hn_train_stratified40_fp_components\normal_156\component_05\normal_156_c05_p01_prob1.000_x54528_y30336.png,E:\camelyon16_project\data\patches_iter8\train\normal\iter8_hn_normal_156_c05_r01_normal_156_c05_p01_prob1.000_x54528_y30336.png
normal_156,1,fibrosis_stroma_benign,2,E:\camelyon16_project\data\review\iter8_hn_train_stratified40_fp_components\normal_156\component_01\normal_156_c01_p02_prob0.999_x87680_y32384.png,E:\camelyon16_project\data\patches_iter8\train\normal\iter8_hn_normal_156_c01_r02_normal_156_c01_p02_prob0.999_x87680_y32384.png
normal_156,2,fibrosis_stroma_benign,2,E:\camelyon16_project\data\review\iter8_hn_train_stratified40_fp_components\normal_156\component_02\normal_156_c02_p02_prob1.000_x88576_y40576.png,E:\camelyon16_project\data\patches_iter8\train\normal\iter8_hn_normal_156_c02_r02_normal_156_c02_p02_prob1.000_x88576_y40576.png
normal_156,3,fibrosis_stroma_benign,2,E:\camelyon16_project\data\review\iter8_hn_train_stratified40_fp_components\normal_156\component_03\normal_156_c03_p02_prob1.000_x55936_y23424.png,E:\camelyon16_project\data\patches_iter8\train\normal\iter8_hn_normal_156_c03_r02_normal_156_c03_p02_prob1.000_x55936_y23424.png
normal_156,4,macrophage_histiocyte,2,E:\camelyon16_project\data\review\iter8_hn_train_stratified40_fp_components\normal_156\component_04\normal_156_c04_p02_prob0.992_x75520_y62976.png,E:\camelyon16_project\data\patches_iter8\train\normal\iter8_hn_normal_156_c04_r02_normal_156_c04_p02_prob0.992_x75520_y62976.png
normal_156,5,fibrosis_stroma_benign,2,E:\camelyon16_project\data\review\iter8_hn_train_stratified40_fp_components\normal_156\component_05\normal_156_c05_p02_prob1.000_x54400_y30336.png,E:\camelyon16_project\data\patches_iter8\train\normal\iter8_hn_normal_156_c05_r02_normal_156_c05_p02_prob1.000_x54400_y30336.png
normal_156,1,fibrosis_stroma_benign,3,E:\camelyon16_project\data\review\iter8_hn_train_stratified40_fp_components\normal_156\component_01\normal_156_c01_p03_prob0.999_x88832_y35456.png,E:\camelyon16_project\data\patches_iter8\train\normal\iter8_hn_normal_156_c01_r03_normal_156_c01_p03_prob0.999_x88832_y35456.png
normal_156,2,fibrosis_stroma_benign,3,E:\camelyon16_project\data\review\iter8_hn_train_stratified40_fp_components\normal_156\component_02\normal_156_c02_p03_prob1.000_x88192_y41984.png,E:\camelyon16_project\data\patches_iter8\train\normal\iter8_hn_normal_156_c02_r03_normal_156_c02_p03_prob1.000_x88192_y41984.png
normal_156,3,fibrosis_stroma_benign,3,E:\camelyon16_project\data\review\iter8_hn_train_stratified40_fp_components\normal_156\component_03\normal_156_c03_p03_prob1.000_x55936_y24704.png,E:\camelyon16_project\data\patches_iter8\train\normal\iter8_hn_normal_156_c03_r03_normal_156_c03_p03_prob1.000_x55936_y24704.png
normal_156,4,macrophage_histiocyte,3,E:\camelyon16_project\data\review\iter8_hn_train_stratified40_fp_components\normal_156\component_04\normal_156_c04_p03_prob0.992_x77184_y62720.png,E:\camelyon16_project\data\patches_iter8\train\normal\iter8_hn_normal_156_c04_r03_normal_156_c04_p03_prob0.992_x77184_y62720.png
normal_156,5,fibrosis_stroma_benign,3,E:\camelyon16_project\data\review\iter8_hn_train_stratified40_fp_components\normal_156\component_05\normal_156_c05_p03_prob1.000_x54400_y30208.png,E:\camelyon16_project\data\patches_iter8\train\normal\iter8_hn_normal_156_c05_r03_normal_156_c05_p03_prob1.000_x54400_y30208.png
normal_156,1,fibrosis_stroma_benign,4,E:\camelyon16_project\data\review\iter8_hn_train_stratified40_fp_components\normal_156\component_01\normal_156_c01_p04_prob0.999_x88576_y34560.png,E:\camelyon16_project\data\patches_iter8\train\normal\iter8_hn_normal_156_c01_r04_normal_156_c01_p04_prob0.999_x88576_y34560.png
normal_156,2,fibrosis_stroma_benign,4,E:\camelyon16_project\data\review\iter8_hn_train_stratified40_fp_components\normal_156\component_02\normal_156_c02_p04_prob1.000_x88704_y40448.png,E:\camelyon16_project\data\patches_iter8\train\normal\iter8_hn_normal_156_c02_r04_normal_156_c02_p04_prob1.000_x88704_y40448.png
normal_156,3,fibrosis_stroma_benign,4,E:\camelyon16_project\data\review\iter8_hn_train_stratified40_fp_components\normal_156\component_03\normal_156_c03_p04_prob1.000_x56832_y22912.png,E:\camelyon16_project\data\patches_iter8\train\normal\iter8_hn_normal_156_c03_r04_normal_156_c03_p04_prob1.000_x56832_y22912.png
normal_156,4,macrophage_histiocyte,4,E:\camelyon16_project\data\review\iter8_hn_train_stratified40_fp_components\normal_156\component_04\normal_156_c04_p04_prob0.985_x77440_y62592.png,E:\camelyon16_project\data\patches_iter8\train\normal\iter8_hn_normal_156_c04_r04_normal_156_c04_p04_prob0.985_x77440_y62592.png
normal_156,5,fibrosis_stroma_benign,4,E:\camelyon16_project\data\review\iter8_hn_train_stratified40_fp_components\normal_156\component_05\normal_156_c05_p04_prob0.999_x54400_y30720.png,E:\camelyon16_project\data\patches_iter8\train\normal\iter8_hn_normal_156_c05_r04_normal_156_c05_p04_prob0.999_x54400_y30720.png
