slide_id,true_label,rule,large_threshold,large_min_component,micro_threshold,micro_min_component,large_positive_patches,large_largest_component,micro_positive_patches,micro_largest_component,pred_label
tumor_001,1,large_component,0.6,30,0.99,2,5375,1389,1271,697,1
tumor_001,1,micro_cluster,0.6,30,0.99,2,5375,1389,1271,697,1
tumor_001,1,hybrid,0.6,30,0.99,2,5375,1389,1271,697,1
tumor_002,1,large_component,0.6,30,0.99,2,1060,33,40,7,1
tumor_002,1,micro_cluster,0.6,30,0.99,2,1060,33,40,7,1
tumor_002,1,hybrid,0.6,30,0.99,2,1060,33,40,7,1
tumor_003,1,large_component,0.6,30,0.99,2,1827,329,471,266,1
tumor_003,1,micro_cluster,0.6,30,0.99,2,1827,329,471,266,1
tumor_003,1,hybrid,0.6,30,0.99,2,1827,329,471,266,1
tumor_004,1,large_component,0.6,30,0.99,2,704,48,63,23,1
tumor_004,1,micro_cluster,0.6,30,0.99,2,704,48,63,23,1
tumor_004,1,hybrid,0.6,30,0.99,2,704,48,63,23,1
tumor_005,1,large_component,0.6,30,0.99,2,332,106,117,78,1
tumor_005,1,micro_cluster,0.6,30,0.99,2,332,106,117,78,1
tumor_005,1,hybrid,0.6,30,0.99,2,332,106,117,78,1
tumor_006,1,large_component,0.6,30,0.99,2,3447,76,227,44,1
tumor_006,1,micro_cluster,0.6,30,0.99,2,3447,76,227,44,1
tumor_006,1,hybrid,0.6,30,0.99,2,3447,76,227,44,1
tumor_007,1,large_component,0.6,30,0.99,2,4022,133,294,92,1
tumor_007,1,micro_cluster,0.6,30,0.99,2,4022,133,294,92,1
tumor_007,1,hybrid,0.6,30,0.99,2,4022,133,294,92,1
tumor_008,1,large_component,0.6,30,0.99,2,7122,745,351,22,1
tumor_008,1,micro_cluster,0.6,30,0.99,2,7122,745,351,22,1
tumor_008,1,hybrid,0.6,30,0.99,2,7122,745,351,22,1
tumor_009,1,large_component,0.6,30,0.99,2,34483,17038,10881,2804,1
tumor_009,1,micro_cluster,0.6,30,0.99,2,34483,17038,10881,2804,1
tumor_009,1,hybrid,0.6,30,0.99,2,34483,17038,10881,2804,1
tumor_010,1,large_component,0.6,30,0.99,2,4972,164,359,29,1
tumor_010,1,micro_cluster,0.6,30,0.99,2,4972,164,359,29,1
tumor_010,1,hybrid,0.6,30,0.99,2,4972,164,359,29,1
normal_001,0,large_component,0.6,30,0.99,2,105,15,1,1,0
normal_001,0,micro_cluster,0.6,30,0.99,2,105,15,1,1,0
normal_001,0,hybrid,0.6,30,0.99,2,105,15,1,1,0
normal_002,0,large_component,0.6,30,0.99,2,329,18,8,1,0
normal_002,0,micro_cluster,0.6,30,0.99,2,329,18,8,1,0
normal_002,0,hybrid,0.6,30,0.99,2,329,18,8,1,0
normal_003,0,large_component,0.6,30,0.99,2,389,14,8,1,0
normal_003,0,micro_cluster,0.6,30,0.99,2,389,14,8,1,0
normal_003,0,hybrid,0.6,30,0.99,2,389,14,8,1,0
normal_004,0,large_component,0.6,30,0.99,2,152,9,9,2,0
normal_004,0,micro_cluster,0.6,30,0.99,2,152,9,9,2,1
normal_004,0,hybrid,0.6,30,0.99,2,152,9,9,2,1
normal_005,0,large_component,0.6,30,0.99,2,205,20,6,2,0
normal_005,0,micro_cluster,0.6,30,0.99,2,205,20,6,2,1
normal_005,0,hybrid,0.6,30,0.99,2,205,20,6,2,1
normal_006,0,large_component,0.6,30,0.99,2,138,12,9,4,0
normal_006,0,micro_cluster,0.6,30,0.99,2,138,12,9,4,1
normal_006,0,hybrid,0.6,30,0.99,2,138,12,9,4,1
normal_007,0,large_component,0.6,30,0.99,2,163,19,11,7,0
normal_007,0,micro_cluster,0.6,30,0.99,2,163,19,11,7,1
normal_007,0,hybrid,0.6,30,0.99,2,163,19,11,7,1
normal_008,0,large_component,0.6,30,0.99,2,207,25,10,6,0
normal_008,0,micro_cluster,0.6,30,0.99,2,207,25,10,6,1
normal_008,0,hybrid,0.6,30,0.99,2,207,25,10,6,1
normal_009,0,large_component,0.6,30,0.99,2,540,12,10,3,0
normal_009,0,micro_cluster,0.6,30,0.99,2,540,12,10,3,1
normal_009,0,hybrid,0.6,30,0.99,2,540,12,10,3,1
normal_010,0,large_component,0.6,30,0.99,2,241,24,15,4,0
normal_010,0,micro_cluster,0.6,30,0.99,2,241,24,15,4,1
normal_010,0,hybrid,0.6,30,0.99,2,241,24,15,4,1
tumor_001,1,large_component,0.6,30,0.99,3,5375,1389,1271,697,1
tumor_001,1,micro_cluster,0.6,30,0.99,3,5375,1389,1271,697,1
tumor_001,1,hybrid,0.6,30,0.99,3,5375,1389,1271,697,1
tumor_002,1,large_component,0.6,30,0.99,3,1060,33,40,7,1
tumor_002,1,micro_cluster,0.6,30,0.99,3,1060,33,40,7,1
tumor_002,1,hybrid,0.6,30,0.99,3,1060,33,40,7,1
tumor_003,1,large_component,0.6,30,0.99,3,1827,329,471,266,1
tumor_003,1,micro_cluster,0.6,30,0.99,3,1827,329,471,266,1
tumor_003,1,hybrid,0.6,30,0.99,3,1827,329,471,266,1
tumor_004,1,large_component,0.6,30,0.99,3,704,48,63,23,1
tumor_004,1,micro_cluster,0.6,30,0.99,3,704,48,63,23,1
tumor_004,1,hybrid,0.6,30,0.99,3,704,48,63,23,1
tumor_005,1,large_component,0.6,30,0.99,3,332,106,117,78,1
tumor_005,1,micro_cluster,0.6,30,0.99,3,332,106,117,78,1
tumor_005,1,hybrid,0.6,30,0.99,3,332,106,117,78,1
tumor_006,1,large_component,0.6,30,0.99,3,3447,76,227,44,1
tumor_006,1,micro_cluster,0.6,30,0.99,3,3447,76,227,44,1
tumor_006,1,hybrid,0.6,30,0.99,3,3447,76,227,44,1
tumor_007,1,large_component,0.6,30,0.99,3,4022,133,294,92,1
tumor_007,1,micro_cluster,0.6,30,0.99,3,4022,133,294,92,1
tumor_007,1,hybrid,0.6,30,0.99,3,4022,133,294,92,1
tumor_008,1,large_component,0.6,30,0.99,3,7122,745,351,22,1
tumor_008,1,micro_cluster,0.6,30,0.99,3,7122,745,351,22,1
tumor_008,1,hybrid,0.6,30,0.99,3,7122,745,351,22,1
tumor_009,1,large_component,0.6,30,0.99,3,34483,17038,10881,2804,1
tumor_009,1,micro_cluster,0.6,30,0.99,3,34483,17038,10881,2804,1
tumor_009,1,hybrid,0.6,30,0.99,3,34483,17038,10881,2804,1
tumor_010,1,large_component,0.6,30,0.99,3,4972,164,359,29,1
tumor_010,1,micro_cluster,0.6,30,0.99,3,4972,164,359,29,1
tumor_010,1,hybrid,0.6,30,0.99,3,4972,164,359,29,1
normal_001,0,large_component,0.6,30,0.99,3,105,15,1,1,0
normal_001,0,micro_cluster,0.6,30,0.99,3,105,15,1,1,0
normal_001,0,hybrid,0.6,30,0.99,3,105,15,1,1,0
normal_002,0,large_component,0.6,30,0.99,3,329,18,8,1,0
normal_002,0,micro_cluster,0.6,30,0.99,3,329,18,8,1,0
normal_002,0,hybrid,0.6,30,0.99,3,329,18,8,1,0
normal_003,0,large_component,0.6,30,0.99,3,389,14,8,1,0
normal_003,0,micro_cluster,0.6,30,0.99,3,389,14,8,1,0
normal_003,0,hybrid,0.6,30,0.99,3,389,14,8,1,0
normal_004,0,large_component,0.6,30,0.99,3,152,9,9,2,0
normal_004,0,micro_cluster,0.6,30,0.99,3,152,9,9,2,0
normal_004,0,hybrid,0.6,30,0.99,3,152,9,9,2,0
normal_005,0,large_component,0.6,30,0.99,3,205,20,6,2,0
normal_005,0,micro_cluster,0.6,30,0.99,3,205,20,6,2,0
normal_005,0,hybrid,0.6,30,0.99,3,205,20,6,2,0
normal_006,0,large_component,0.6,30,0.99,3,138,12,9,4,0
normal_006,0,micro_cluster,0.6,30,0.99,3,138,12,9,4,1
normal_006,0,hybrid,0.6,30,0.99,3,138,12,9,4,1
normal_007,0,large_component,0.6,30,0.99,3,163,19,11,7,0
normal_007,0,micro_cluster,0.6,30,0.99,3,163,19,11,7,1
normal_007,0,hybrid,0.6,30,0.99,3,163,19,11,7,1
normal_008,0,large_component,0.6,30,0.99,3,207,25,10,6,0
normal_008,0,micro_cluster,0.6,30,0.99,3,207,25,10,6,1
normal_008,0,hybrid,0.6,30,0.99,3,207,25,10,6,1
normal_009,0,large_component,0.6,30,0.99,3,540,12,10,3,0
normal_009,0,micro_cluster,0.6,30,0.99,3,540,12,10,3,1
normal_009,0,hybrid,0.6,30,0.99,3,540,12,10,3,1
normal_010,0,large_component,0.6,30,0.99,3,241,24,15,4,0
normal_010,0,micro_cluster,0.6,30,0.99,3,241,24,15,4,1
normal_010,0,hybrid,0.6,30,0.99,3,241,24,15,4,1
tumor_001,1,large_component,0.6,30,0.99,5,5375,1389,1271,697,1
tumor_001,1,micro_cluster,0.6,30,0.99,5,5375,1389,1271,697,1
tumor_001,1,hybrid,0.6,30,0.99,5,5375,1389,1271,697,1
tumor_002,1,large_component,0.6,30,0.99,5,1060,33,40,7,1
tumor_002,1,micro_cluster,0.6,30,0.99,5,1060,33,40,7,1
tumor_002,1,hybrid,0.6,30,0.99,5,1060,33,40,7,1
tumor_003,1,large_component,0.6,30,0.99,5,1827,329,471,266,1
tumor_003,1,micro_cluster,0.6,30,0.99,5,1827,329,471,266,1
tumor_003,1,hybrid,0.6,30,0.99,5,1827,329,471,266,1
tumor_004,1,large_component,0.6,30,0.99,5,704,48,63,23,1
tumor_004,1,micro_cluster,0.6,30,0.99,5,704,48,63,23,1
tumor_004,1,hybrid,0.6,30,0.99,5,704,48,63,23,1
tumor_005,1,large_component,0.6,30,0.99,5,332,106,117,78,1
tumor_005,1,micro_cluster,0.6,30,0.99,5,332,106,117,78,1
tumor_005,1,hybrid,0.6,30,0.99,5,332,106,117,78,1
tumor_006,1,large_component,0.6,30,0.99,5,3447,76,227,44,1
tumor_006,1,micro_cluster,0.6,30,0.99,5,3447,76,227,44,1
tumor_006,1,hybrid,0.6,30,0.99,5,3447,76,227,44,1
tumor_007,1,large_component,0.6,30,0.99,5,4022,133,294,92,1
tumor_007,1,micro_cluster,0.6,30,0.99,5,4022,133,294,92,1
tumor_007,1,hybrid,0.6,30,0.99,5,4022,133,294,92,1
tumor_008,1,large_component,0.6,30,0.99,5,7122,745,351,22,1
tumor_008,1,micro_cluster,0.6,30,0.99,5,7122,745,351,22,1
tumor_008,1,hybrid,0.6,30,0.99,5,7122,745,351,22,1
tumor_009,1,large_component,0.6,30,0.99,5,34483,17038,10881,2804,1
tumor_009,1,micro_cluster,0.6,30,0.99,5,34483,17038,10881,2804,1
tumor_009,1,hybrid,0.6,30,0.99,5,34483,17038,10881,2804,1
tumor_010,1,large_component,0.6,30,0.99,5,4972,164,359,29,1
tumor_010,1,micro_cluster,0.6,30,0.99,5,4972,164,359,29,1
tumor_010,1,hybrid,0.6,30,0.99,5,4972,164,359,29,1
normal_001,0,large_component,0.6,30,0.99,5,105,15,1,1,0
normal_001,0,micro_cluster,0.6,30,0.99,5,105,15,1,1,0
normal_001,0,hybrid,0.6,30,0.99,5,105,15,1,1,0
normal_002,0,large_component,0.6,30,0.99,5,329,18,8,1,0
normal_002,0,micro_cluster,0.6,30,0.99,5,329,18,8,1,0
normal_002,0,hybrid,0.6,30,0.99,5,329,18,8,1,0
normal_003,0,large_component,0.6,30,0.99,5,389,14,8,1,0
normal_003,0,micro_cluster,0.6,30,0.99,5,389,14,8,1,0
normal_003,0,hybrid,0.6,30,0.99,5,389,14,8,1,0
normal_004,0,large_component,0.6,30,0.99,5,152,9,9,2,0
normal_004,0,micro_cluster,0.6,30,0.99,5,152,9,9,2,0
normal_004,0,hybrid,0.6,30,0.99,5,152,9,9,2,0
normal_005,0,large_component,0.6,30,0.99,5,205,20,6,2,0
normal_005,0,micro_cluster,0.6,30,0.99,5,205,20,6,2,0
normal_005,0,hybrid,0.6,30,0.99,5,205,20,6,2,0
normal_006,0,large_component,0.6,30,0.99,5,138,12,9,4,0
normal_006,0,micro_cluster,0.6,30,0.99,5,138,12,9,4,0
normal_006,0,hybrid,0.6,30,0.99,5,138,12,9,4,0
normal_007,0,large_component,0.6,30,0.99,5,163,19,11,7,0
normal_007,0,micro_cluster,0.6,30,0.99,5,163,19,11,7,1
normal_007,0,hybrid,0.6,30,0.99,5,163,19,11,7,1
normal_008,0,large_component,0.6,30,0.99,5,207,25,10,6,0
normal_008,0,micro_cluster,0.6,30,0.99,5,207,25,10,6,1
normal_008,0,hybrid,0.6,30,0.99,5,207,25,10,6,1
normal_009,0,large_component,0.6,30,0.99,5,540,12,10,3,0
normal_009,0,micro_cluster,0.6,30,0.99,5,540,12,10,3,0
normal_009,0,hybrid,0.6,30,0.99,5,540,12,10,3,0
normal_010,0,large_component,0.6,30,0.99,5,241,24,15,4,0
normal_010,0,micro_cluster,0.6,30,0.99,5,241,24,15,4,0
normal_010,0,hybrid,0.6,30,0.99,5,241,24,15,4,0
tumor_001,1,large_component,0.6,30,0.98,2,5375,1389,1567,738,1
tumor_001,1,micro_cluster,0.6,30,0.98,2,5375,1389,1567,738,1
tumor_001,1,hybrid,0.6,30,0.98,2,5375,1389,1567,738,1
tumor_002,1,large_component,0.6,30,0.98,2,1060,33,72,7,1
tumor_002,1,micro_cluster,0.6,30,0.98,2,1060,33,72,7,1
tumor_002,1,hybrid,0.6,30,0.98,2,1060,33,72,7,1
tumor_003,1,large_component,0.6,30,0.98,2,1827,329,521,280,1
tumor_003,1,micro_cluster,0.6,30,0.98,2,1827,329,521,280,1
tumor_003,1,hybrid,0.6,30,0.98,2,1827,329,521,280,1
tumor_004,1,large_component,0.6,30,0.98,2,704,48,83,28,1
tumor_004,1,micro_cluster,0.6,30,0.98,2,704,48,83,28,1
tumor_004,1,hybrid,0.6,30,0.98,2,704,48,83,28,1
tumor_005,1,large_component,0.6,30,0.98,2,332,106,126,82,1
tumor_005,1,micro_cluster,0.6,30,0.98,2,332,106,126,82,1
tumor_005,1,hybrid,0.6,30,0.98,2,332,106,126,82,1
tumor_006,1,large_component,0.6,30,0.98,2,3447,76,332,46,1
tumor_006,1,micro_cluster,0.6,30,0.98,2,3447,76,332,46,1
tumor_006,1,hybrid,0.6,30,0.98,2,3447,76,332,46,1
tumor_007,1,large_component,0.6,30,0.98,2,4022,133,428,96,1
tumor_007,1,micro_cluster,0.6,30,0.98,2,4022,133,428,96,1
tumor_007,1,hybrid,0.6,30,0.98,2,4022,133,428,96,1
tumor_008,1,large_component,0.6,30,0.98,2,7122,745,592,33,1
tumor_008,1,micro_cluster,0.6,30,0.98,2,7122,745,592,33,1
tumor_008,1,hybrid,0.6,30,0.98,2,7122,745,592,33,1
tumor_009,1,large_component,0.6,30,0.98,2,34483,17038,13988,3907,1
tumor_009,1,micro_cluster,0.6,30,0.98,2,34483,17038,13988,3907,1
tumor_009,1,hybrid,0.6,30,0.98,2,34483,17038,13988,3907,1
tumor_010,1,large_component,0.6,30,0.98,2,4972,164,575,31,1
tumor_010,1,micro_cluster,0.6,30,0.98,2,4972,164,575,31,1
tumor_010,1,hybrid,0.6,30,0.98,2,4972,164,575,31,1
normal_001,0,large_component,0.6,30,0.98,2,105,15,4,2,0
normal_001,0,micro_cluster,0.6,30,0.98,2,105,15,4,2,1
normal_001,0,hybrid,0.6,30,0.98,2,105,15,4,2,1
normal_002,0,large_component,0.6,30,0.98,2,329,18,14,2,0
normal_002,0,micro_cluster,0.6,30,0.98,2,329,18,14,2,1
normal_002,0,hybrid,0.6,30,0.98,2,329,18,14,2,1
normal_003,0,large_component,0.6,30,0.98,2,389,14,17,2,0
normal_003,0,micro_cluster,0.6,30,0.98,2,389,14,17,2,1
normal_003,0,hybrid,0.6,30,0.98,2,389,14,17,2,1
normal_004,0,large_component,0.6,30,0.98,2,152,9,14,3,0
normal_004,0,micro_cluster,0.6,30,0.98,2,152,9,14,3,1
normal_004,0,hybrid,0.6,30,0.98,2,152,9,14,3,1
normal_005,0,large_component,0.6,30,0.98,2,205,20,17,3,0
normal_005,0,micro_cluster,0.6,30,0.98,2,205,20,17,3,1
normal_005,0,hybrid,0.6,30,0.98,2,205,20,17,3,1
normal_006,0,large_component,0.6,30,0.98,2,138,12,14,4,0
normal_006,0,micro_cluster,0.6,30,0.98,2,138,12,14,4,1
normal_006,0,hybrid,0.6,30,0.98,2,138,12,14,4,1
normal_007,0,large_component,0.6,30,0.98,2,163,19,18,8,0
normal_007,0,micro_cluster,0.6,30,0.98,2,163,19,18,8,1
normal_007,0,hybrid,0.6,30,0.98,2,163,19,18,8,1
normal_008,0,large_component,0.6,30,0.98,2,207,25,22,8,0
normal_008,0,micro_cluster,0.6,30,0.98,2,207,25,22,8,1
normal_008,0,hybrid,0.6,30,0.98,2,207,25,22,8,1
normal_009,0,large_component,0.6,30,0.98,2,540,12,20,4,0
normal_009,0,micro_cluster,0.6,30,0.98,2,540,12,20,4,1
normal_009,0,hybrid,0.6,30,0.98,2,540,12,20,4,1
normal_010,0,large_component,0.6,30,0.98,2,241,24,22,4,0
normal_010,0,micro_cluster,0.6,30,0.98,2,241,24,22,4,1
normal_010,0,hybrid,0.6,30,0.98,2,241,24,22,4,1
tumor_001,1,large_component,0.6,30,0.98,3,5375,1389,1567,738,1
tumor_001,1,micro_cluster,0.6,30,0.98,3,5375,1389,1567,738,1
tumor_001,1,hybrid,0.6,30,0.98,3,5375,1389,1567,738,1
tumor_002,1,large_component,0.6,30,0.98,3,1060,33,72,7,1
tumor_002,1,micro_cluster,0.6,30,0.98,3,1060,33,72,7,1
tumor_002,1,hybrid,0.6,30,0.98,3,1060,33,72,7,1
tumor_003,1,large_component,0.6,30,0.98,3,1827,329,521,280,1
tumor_003,1,micro_cluster,0.6,30,0.98,3,1827,329,521,280,1
tumor_003,1,hybrid,0.6,30,0.98,3,1827,329,521,280,1
tumor_004,1,large_component,0.6,30,0.98,3,704,48,83,28,1
tumor_004,1,micro_cluster,0.6,30,0.98,3,704,48,83,28,1
tumor_004,1,hybrid,0.6,30,0.98,3,704,48,83,28,1
tumor_005,1,large_component,0.6,30,0.98,3,332,106,126,82,1
tumor_005,1,micro_cluster,0.6,30,0.98,3,332,106,126,82,1
tumor_005,1,hybrid,0.6,30,0.98,3,332,106,126,82,1
tumor_006,1,large_component,0.6,30,0.98,3,3447,76,332,46,1
tumor_006,1,micro_cluster,0.6,30,0.98,3,3447,76,332,46,1
tumor_006,1,hybrid,0.6,30,0.98,3,3447,76,332,46,1
tumor_007,1,large_component,0.6,30,0.98,3,4022,133,428,96,1
tumor_007,1,micro_cluster,0.6,30,0.98,3,4022,133,428,96,1
tumor_007,1,hybrid,0.6,30,0.98,3,4022,133,428,96,1
tumor_008,1,large_component,0.6,30,0.98,3,7122,745,592,33,1
tumor_008,1,micro_cluster,0.6,30,0.98,3,7122,745,592,33,1
tumor_008,1,hybrid,0.6,30,0.98,3,7122,745,592,33,1
tumor_009,1,large_component,0.6,30,0.98,3,34483,17038,13988,3907,1
tumor_009,1,micro_cluster,0.6,30,0.98,3,34483,17038,13988,3907,1
tumor_009,1,hybrid,0.6,30,0.98,3,34483,17038,13988,3907,1
tumor_010,1,large_component,0.6,30,0.98,3,4972,164,575,31,1
tumor_010,1,micro_cluster,0.6,30,0.98,3,4972,164,575,31,1
tumor_010,1,hybrid,0.6,30,0.98,3,4972,164,575,31,1
normal_001,0,large_component,0.6,30,0.98,3,105,15,4,2,0
normal_001,0,micro_cluster,0.6,30,0.98,3,105,15,4,2,0
normal_001,0,hybrid,0.6,30,0.98,3,105,15,4,2,0
normal_002,0,large_component,0.6,30,0.98,3,329,18,14,2,0
normal_002,0,micro_cluster,0.6,30,0.98,3,329,18,14,2,0
normal_002,0,hybrid,0.6,30,0.98,3,329,18,14,2,0
normal_003,0,large_component,0.6,30,0.98,3,389,14,17,2,0
normal_003,0,micro_cluster,0.6,30,0.98,3,389,14,17,2,0
normal_003,0,hybrid,0.6,30,0.98,3,389,14,17,2,0
normal_004,0,large_component,0.6,30,0.98,3,152,9,14,3,0
normal_004,0,micro_cluster,0.6,30,0.98,3,152,9,14,3,1
normal_004,0,hybrid,0.6,30,0.98,3,152,9,14,3,1
normal_005,0,large_component,0.6,30,0.98,3,205,20,17,3,0
normal_005,0,micro_cluster,0.6,30,0.98,3,205,20,17,3,1
normal_005,0,hybrid,0.6,30,0.98,3,205,20,17,3,1
normal_006,0,large_component,0.6,30,0.98,3,138,12,14,4,0
normal_006,0,micro_cluster,0.6,30,0.98,3,138,12,14,4,1
normal_006,0,hybrid,0.6,30,0.98,3,138,12,14,4,1
normal_007,0,large_component,0.6,30,0.98,3,163,19,18,8,0
normal_007,0,micro_cluster,0.6,30,0.98,3,163,19,18,8,1
normal_007,0,hybrid,0.6,30,0.98,3,163,19,18,8,1
normal_008,0,large_component,0.6,30,0.98,3,207,25,22,8,0
normal_008,0,micro_cluster,0.6,30,0.98,3,207,25,22,8,1
normal_008,0,hybrid,0.6,30,0.98,3,207,25,22,8,1
normal_009,0,large_component,0.6,30,0.98,3,540,12,20,4,0
normal_009,0,micro_cluster,0.6,30,0.98,3,540,12,20,4,1
normal_009,0,hybrid,0.6,30,0.98,3,540,12,20,4,1
normal_010,0,large_component,0.6,30,0.98,3,241,24,22,4,0
normal_010,0,micro_cluster,0.6,30,0.98,3,241,24,22,4,1
normal_010,0,hybrid,0.6,30,0.98,3,241,24,22,4,1
tumor_001,1,large_component,0.6,30,0.98,5,5375,1389,1567,738,1
tumor_001,1,micro_cluster,0.6,30,0.98,5,5375,1389,1567,738,1
tumor_001,1,hybrid,0.6,30,0.98,5,5375,1389,1567,738,1
tumor_002,1,large_component,0.6,30,0.98,5,1060,33,72,7,1
tumor_002,1,micro_cluster,0.6,30,0.98,5,1060,33,72,7,1
tumor_002,1,hybrid,0.6,30,0.98,5,1060,33,72,7,1
tumor_003,1,large_component,0.6,30,0.98,5,1827,329,521,280,1
tumor_003,1,micro_cluster,0.6,30,0.98,5,1827,329,521,280,1
tumor_003,1,hybrid,0.6,30,0.98,5,1827,329,521,280,1
tumor_004,1,large_component,0.6,30,0.98,5,704,48,83,28,1
tumor_004,1,micro_cluster,0.6,30,0.98,5,704,48,83,28,1
tumor_004,1,hybrid,0.6,30,0.98,5,704,48,83,28,1
tumor_005,1,large_component,0.6,30,0.98,5,332,106,126,82,1
tumor_005,1,micro_cluster,0.6,30,0.98,5,332,106,126,82,1
tumor_005,1,hybrid,0.6,30,0.98,5,332,106,126,82,1
tumor_006,1,large_component,0.6,30,0.98,5,3447,76,332,46,1
tumor_006,1,micro_cluster,0.6,30,0.98,5,3447,76,332,46,1
tumor_006,1,hybrid,0.6,30,0.98,5,3447,76,332,46,1
tumor_007,1,large_component,0.6,30,0.98,5,4022,133,428,96,1
tumor_007,1,micro_cluster,0.6,30,0.98,5,4022,133,428,96,1
tumor_007,1,hybrid,0.6,30,0.98,5,4022,133,428,96,1
tumor_008,1,large_component,0.6,30,0.98,5,7122,745,592,33,1
tumor_008,1,micro_cluster,0.6,30,0.98,5,7122,745,592,33,1
tumor_008,1,hybrid,0.6,30,0.98,5,7122,745,592,33,1
tumor_009,1,large_component,0.6,30,0.98,5,34483,17038,13988,3907,1
tumor_009,1,micro_cluster,0.6,30,0.98,5,34483,17038,13988,3907,1
tumor_009,1,hybrid,0.6,30,0.98,5,34483,17038,13988,3907,1
tumor_010,1,large_component,0.6,30,0.98,5,4972,164,575,31,1
tumor_010,1,micro_cluster,0.6,30,0.98,5,4972,164,575,31,1
tumor_010,1,hybrid,0.6,30,0.98,5,4972,164,575,31,1
normal_001,0,large_component,0.6,30,0.98,5,105,15,4,2,0
normal_001,0,micro_cluster,0.6,30,0.98,5,105,15,4,2,0
normal_001,0,hybrid,0.6,30,0.98,5,105,15,4,2,0
normal_002,0,large_component,0.6,30,0.98,5,329,18,14,2,0
normal_002,0,micro_cluster,0.6,30,0.98,5,329,18,14,2,0
normal_002,0,hybrid,0.6,30,0.98,5,329,18,14,2,0
normal_003,0,large_component,0.6,30,0.98,5,389,14,17,2,0
normal_003,0,micro_cluster,0.6,30,0.98,5,389,14,17,2,0
normal_003,0,hybrid,0.6,30,0.98,5,389,14,17,2,0
normal_004,0,large_component,0.6,30,0.98,5,152,9,14,3,0
normal_004,0,micro_cluster,0.6,30,0.98,5,152,9,14,3,0
normal_004,0,hybrid,0.6,30,0.98,5,152,9,14,3,0
normal_005,0,large_component,0.6,30,0.98,5,205,20,17,3,0
normal_005,0,micro_cluster,0.6,30,0.98,5,205,20,17,3,0
normal_005,0,hybrid,0.6,30,0.98,5,205,20,17,3,0
normal_006,0,large_component,0.6,30,0.98,5,138,12,14,4,0
normal_006,0,micro_cluster,0.6,30,0.98,5,138,12,14,4,0
normal_006,0,hybrid,0.6,30,0.98,5,138,12,14,4,0
normal_007,0,large_component,0.6,30,0.98,5,163,19,18,8,0
normal_007,0,micro_cluster,0.6,30,0.98,5,163,19,18,8,1
normal_007,0,hybrid,0.6,30,0.98,5,163,19,18,8,1
normal_008,0,large_component,0.6,30,0.98,5,207,25,22,8,0
normal_008,0,micro_cluster,0.6,30,0.98,5,207,25,22,8,1
normal_008,0,hybrid,0.6,30,0.98,5,207,25,22,8,1
normal_009,0,large_component,0.6,30,0.98,5,540,12,20,4,0
normal_009,0,micro_cluster,0.6,30,0.98,5,540,12,20,4,0
normal_009,0,hybrid,0.6,30,0.98,5,540,12,20,4,0
normal_010,0,large_component,0.6,30,0.98,5,241,24,22,4,0
normal_010,0,micro_cluster,0.6,30,0.98,5,241,24,22,4,0
normal_010,0,hybrid,0.6,30,0.98,5,241,24,22,4,0
tumor_001,1,large_component,0.6,30,0.95,2,5375,1389,2145,818,1
tumor_001,1,micro_cluster,0.6,30,0.95,2,5375,1389,2145,818,1
tumor_001,1,hybrid,0.6,30,0.95,2,5375,1389,2145,818,1
tumor_002,1,large_component,0.6,30,0.95,2,1060,33,163,9,1
tumor_002,1,micro_cluster,0.6,30,0.95,2,1060,33,163,9,1
tumor_002,1,hybrid,0.6,30,0.95,2,1060,33,163,9,1
tumor_003,1,large_component,0.6,30,0.95,2,1827,329,652,299,1
tumor_003,1,micro_cluster,0.6,30,0.95,2,1827,329,652,299,1
tumor_003,1,hybrid,0.6,30,0.95,2,1827,329,652,299,1
tumor_004,1,large_component,0.6,30,0.95,2,704,48,143,37,1
tumor_004,1,micro_cluster,0.6,30,0.95,2,704,48,143,37,1
tumor_004,1,hybrid,0.6,30,0.95,2,704,48,143,37,1
tumor_005,1,large_component,0.6,30,0.95,2,332,106,145,89,1
tumor_005,1,micro_cluster,0.6,30,0.95,2,332,106,145,89,1
tumor_005,1,hybrid,0.6,30,0.95,2,332,106,145,89,1
tumor_006,1,large_component,0.6,30,0.95,2,3447,76,660,51,1
tumor_006,1,micro_cluster,0.6,30,0.95,2,3447,76,660,51,1
tumor_006,1,hybrid,0.6,30,0.95,2,3447,76,660,51,1
tumor_007,1,large_component,0.6,30,0.95,2,4022,133,776,101,1
tumor_007,1,micro_cluster,0.6,30,0.95,2,4022,133,776,101,1
tumor_007,1,hybrid,0.6,30,0.95,2,4022,133,776,101,1
tumor_008,1,large_component,0.6,30,0.95,2,7122,745,1187,65,1
tumor_008,1,micro_cluster,0.6,30,0.95,2,7122,745,1187,65,1
tumor_008,1,hybrid,0.6,30,0.95,2,7122,745,1187,65,1
tumor_009,1,large_component,0.6,30,0.95,2,34483,17038,18879,5106,1
tumor_009,1,micro_cluster,0.6,30,0.95,2,34483,17038,18879,5106,1
tumor_009,1,hybrid,0.6,30,0.95,2,34483,17038,18879,5106,1
tumor_010,1,large_component,0.6,30,0.95,2,4972,164,1075,37,1
tumor_010,1,micro_cluster,0.6,30,0.95,2,4972,164,1075,37,1
tumor_010,1,hybrid,0.6,30,0.95,2,4972,164,1075,37,1
normal_001,0,large_component,0.6,30,0.95,2,105,15,11,4,0
normal_001,0,micro_cluster,0.6,30,0.95,2,105,15,11,4,1
normal_001,0,hybrid,0.6,30,0.95,2,105,15,11,4,1
normal_002,0,large_component,0.6,30,0.95,2,329,18,30,6,0
normal_002,0,micro_cluster,0.6,30,0.95,2,329,18,30,6,1
normal_002,0,hybrid,0.6,30,0.95,2,329,18,30,6,1
normal_003,0,large_component,0.6,30,0.95,2,389,14,45,3,0
normal_003,0,micro_cluster,0.6,30,0.95,2,389,14,45,3,1
normal_003,0,hybrid,0.6,30,0.95,2,389,14,45,3,1
normal_004,0,large_component,0.6,30,0.95,2,152,9,27,3,0
normal_004,0,micro_cluster,0.6,30,0.95,2,152,9,27,3,1
normal_004,0,hybrid,0.6,30,0.95,2,152,9,27,3,1
normal_005,0,large_component,0.6,30,0.95,2,205,20,35,4,0
normal_005,0,micro_cluster,0.6,30,0.95,2,205,20,35,4,1
normal_005,0,hybrid,0.6,30,0.95,2,205,20,35,4,1
normal_006,0,large_component,0.6,30,0.95,2,138,12,30,6,0
normal_006,0,micro_cluster,0.6,30,0.95,2,138,12,30,6,1
normal_006,0,hybrid,0.6,30,0.95,2,138,12,30,6,1
normal_007,0,large_component,0.6,30,0.95,2,163,19,23,10,0
normal_007,0,micro_cluster,0.6,30,0.95,2,163,19,23,10,1
normal_007,0,hybrid,0.6,30,0.95,2,163,19,23,10,1
normal_008,0,large_component,0.6,30,0.95,2,207,25,47,11,0
normal_008,0,micro_cluster,0.6,30,0.95,2,207,25,47,11,1
normal_008,0,hybrid,0.6,30,0.95,2,207,25,47,11,1
normal_009,0,large_component,0.6,30,0.95,2,540,12,43,4,0
normal_009,0,micro_cluster,0.6,30,0.95,2,540,12,43,4,1
normal_009,0,hybrid,0.6,30,0.95,2,540,12,43,4,1
normal_010,0,large_component,0.6,30,0.95,2,241,24,43,6,0
normal_010,0,micro_cluster,0.6,30,0.95,2,241,24,43,6,1
normal_010,0,hybrid,0.6,30,0.95,2,241,24,43,6,1
tumor_001,1,large_component,0.6,30,0.95,3,5375,1389,2145,818,1
tumor_001,1,micro_cluster,0.6,30,0.95,3,5375,1389,2145,818,1
tumor_001,1,hybrid,0.6,30,0.95,3,5375,1389,2145,818,1
tumor_002,1,large_component,0.6,30,0.95,3,1060,33,163,9,1
tumor_002,1,micro_cluster,0.6,30,0.95,3,1060,33,163,9,1
tumor_002,1,hybrid,0.6,30,0.95,3,1060,33,163,9,1
tumor_003,1,large_component,0.6,30,0.95,3,1827,329,652,299,1
tumor_003,1,micro_cluster,0.6,30,0.95,3,1827,329,652,299,1
tumor_003,1,hybrid,0.6,30,0.95,3,1827,329,652,299,1
tumor_004,1,large_component,0.6,30,0.95,3,704,48,143,37,1
tumor_004,1,micro_cluster,0.6,30,0.95,3,704,48,143,37,1
tumor_004,1,hybrid,0.6,30,0.95,3,704,48,143,37,1
tumor_005,1,large_component,0.6,30,0.95,3,332,106,145,89,1
tumor_005,1,micro_cluster,0.6,30,0.95,3,332,106,145,89,1
tumor_005,1,hybrid,0.6,30,0.95,3,332,106,145,89,1
tumor_006,1,large_component,0.6,30,0.95,3,3447,76,660,51,1
tumor_006,1,micro_cluster,0.6,30,0.95,3,3447,76,660,51,1
tumor_006,1,hybrid,0.6,30,0.95,3,3447,76,660,51,1
tumor_007,1,large_component,0.6,30,0.95,3,4022,133,776,101,1
tumor_007,1,micro_cluster,0.6,30,0.95,3,4022,133,776,101,1
tumor_007,1,hybrid,0.6,30,0.95,3,4022,133,776,101,1
tumor_008,1,large_component,0.6,30,0.95,3,7122,745,1187,65,1
tumor_008,1,micro_cluster,0.6,30,0.95,3,7122,745,1187,65,1
tumor_008,1,hybrid,0.6,30,0.95,3,7122,745,1187,65,1
tumor_009,1,large_component,0.6,30,0.95,3,34483,17038,18879,5106,1
tumor_009,1,micro_cluster,0.6,30,0.95,3,34483,17038,18879,5106,1
tumor_009,1,hybrid,0.6,30,0.95,3,34483,17038,18879,5106,1
tumor_010,1,large_component,0.6,30,0.95,3,4972,164,1075,37,1
tumor_010,1,micro_cluster,0.6,30,0.95,3,4972,164,1075,37,1
tumor_010,1,hybrid,0.6,30,0.95,3,4972,164,1075,37,1
normal_001,0,large_component,0.6,30,0.95,3,105,15,11,4,0
normal_001,0,micro_cluster,0.6,30,0.95,3,105,15,11,4,1
normal_001,0,hybrid,0.6,30,0.95,3,105,15,11,4,1
normal_002,0,large_component,0.6,30,0.95,3,329,18,30,6,0
normal_002,0,micro_cluster,0.6,30,0.95,3,329,18,30,6,1
normal_002,0,hybrid,0.6,30,0.95,3,329,18,30,6,1
normal_003,0,large_component,0.6,30,0.95,3,389,14,45,3,0
normal_003,0,micro_cluster,0.6,30,0.95,3,389,14,45,3,1
normal_003,0,hybrid,0.6,30,0.95,3,389,14,45,3,1
normal_004,0,large_component,0.6,30,0.95,3,152,9,27,3,0
normal_004,0,micro_cluster,0.6,30,0.95,3,152,9,27,3,1
normal_004,0,hybrid,0.6,30,0.95,3,152,9,27,3,1
normal_005,0,large_component,0.6,30,0.95,3,205,20,35,4,0
normal_005,0,micro_cluster,0.6,30,0.95,3,205,20,35,4,1
normal_005,0,hybrid,0.6,30,0.95,3,205,20,35,4,1
normal_006,0,large_component,0.6,30,0.95,3,138,12,30,6,0
normal_006,0,micro_cluster,0.6,30,0.95,3,138,12,30,6,1
normal_006,0,hybrid,0.6,30,0.95,3,138,12,30,6,1
normal_007,0,large_component,0.6,30,0.95,3,163,19,23,10,0
normal_007,0,micro_cluster,0.6,30,0.95,3,163,19,23,10,1
normal_007,0,hybrid,0.6,30,0.95,3,163,19,23,10,1
normal_008,0,large_component,0.6,30,0.95,3,207,25,47,11,0
normal_008,0,micro_cluster,0.6,30,0.95,3,207,25,47,11,1
normal_008,0,hybrid,0.6,30,0.95,3,207,25,47,11,1
normal_009,0,large_component,0.6,30,0.95,3,540,12,43,4,0
normal_009,0,micro_cluster,0.6,30,0.95,3,540,12,43,4,1
normal_009,0,hybrid,0.6,30,0.95,3,540,12,43,4,1
normal_010,0,large_component,0.6,30,0.95,3,241,24,43,6,0
normal_010,0,micro_cluster,0.6,30,0.95,3,241,24,43,6,1
normal_010,0,hybrid,0.6,30,0.95,3,241,24,43,6,1
tumor_001,1,large_component,0.6,30,0.95,5,5375,1389,2145,818,1
tumor_001,1,micro_cluster,0.6,30,0.95,5,5375,1389,2145,818,1
tumor_001,1,hybrid,0.6,30,0.95,5,5375,1389,2145,818,1
tumor_002,1,large_component,0.6,30,0.95,5,1060,33,163,9,1
tumor_002,1,micro_cluster,0.6,30,0.95,5,1060,33,163,9,1
tumor_002,1,hybrid,0.6,30,0.95,5,1060,33,163,9,1
tumor_003,1,large_component,0.6,30,0.95,5,1827,329,652,299,1
tumor_003,1,micro_cluster,0.6,30,0.95,5,1827,329,652,299,1
tumor_003,1,hybrid,0.6,30,0.95,5,1827,329,652,299,1
tumor_004,1,large_component,0.6,30,0.95,5,704,48,143,37,1
tumor_004,1,micro_cluster,0.6,30,0.95,5,704,48,143,37,1
tumor_004,1,hybrid,0.6,30,0.95,5,704,48,143,37,1
tumor_005,1,large_component,0.6,30,0.95,5,332,106,145,89,1
tumor_005,1,micro_cluster,0.6,30,0.95,5,332,106,145,89,1
tumor_005,1,hybrid,0.6,30,0.95,5,332,106,145,89,1
tumor_006,1,large_component,0.6,30,0.95,5,3447,76,660,51,1
tumor_006,1,micro_cluster,0.6,30,0.95,5,3447,76,660,51,1
tumor_006,1,hybrid,0.6,30,0.95,5,3447,76,660,51,1
tumor_007,1,large_component,0.6,30,0.95,5,4022,133,776,101,1
tumor_007,1,micro_cluster,0.6,30,0.95,5,4022,133,776,101,1
tumor_007,1,hybrid,0.6,30,0.95,5,4022,133,776,101,1
tumor_008,1,large_component,0.6,30,0.95,5,7122,745,1187,65,1
tumor_008,1,micro_cluster,0.6,30,0.95,5,7122,745,1187,65,1
tumor_008,1,hybrid,0.6,30,0.95,5,7122,745,1187,65,1
tumor_009,1,large_component,0.6,30,0.95,5,34483,17038,18879,5106,1
tumor_009,1,micro_cluster,0.6,30,0.95,5,34483,17038,18879,5106,1
tumor_009,1,hybrid,0.6,30,0.95,5,34483,17038,18879,5106,1
tumor_010,1,large_component,0.6,30,0.95,5,4972,164,1075,37,1
tumor_010,1,micro_cluster,0.6,30,0.95,5,4972,164,1075,37,1
tumor_010,1,hybrid,0.6,30,0.95,5,4972,164,1075,37,1
normal_001,0,large_component,0.6,30,0.95,5,105,15,11,4,0
normal_001,0,micro_cluster,0.6,30,0.95,5,105,15,11,4,0
normal_001,0,hybrid,0.6,30,0.95,5,105,15,11,4,0
normal_002,0,large_component,0.6,30,0.95,5,329,18,30,6,0
normal_002,0,micro_cluster,0.6,30,0.95,5,329,18,30,6,1
normal_002,0,hybrid,0.6,30,0.95,5,329,18,30,6,1
normal_003,0,large_component,0.6,30,0.95,5,389,14,45,3,0
normal_003,0,micro_cluster,0.6,30,0.95,5,389,14,45,3,0
normal_003,0,hybrid,0.6,30,0.95,5,389,14,45,3,0
normal_004,0,large_component,0.6,30,0.95,5,152,9,27,3,0
normal_004,0,micro_cluster,0.6,30,0.95,5,152,9,27,3,0
normal_004,0,hybrid,0.6,30,0.95,5,152,9,27,3,0
normal_005,0,large_component,0.6,30,0.95,5,205,20,35,4,0
normal_005,0,micro_cluster,0.6,30,0.95,5,205,20,35,4,0
normal_005,0,hybrid,0.6,30,0.95,5,205,20,35,4,0
normal_006,0,large_component,0.6,30,0.95,5,138,12,30,6,0
normal_006,0,micro_cluster,0.6,30,0.95,5,138,12,30,6,1
normal_006,0,hybrid,0.6,30,0.95,5,138,12,30,6,1
normal_007,0,large_component,0.6,30,0.95,5,163,19,23,10,0
normal_007,0,micro_cluster,0.6,30,0.95,5,163,19,23,10,1
normal_007,0,hybrid,0.6,30,0.95,5,163,19,23,10,1
normal_008,0,large_component,0.6,30,0.95,5,207,25,47,11,0
normal_008,0,micro_cluster,0.6,30,0.95,5,207,25,47,11,1
normal_008,0,hybrid,0.6,30,0.95,5,207,25,47,11,1
normal_009,0,large_component,0.6,30,0.95,5,540,12,43,4,0
normal_009,0,micro_cluster,0.6,30,0.95,5,540,12,43,4,0
normal_009,0,hybrid,0.6,30,0.95,5,540,12,43,4,0
normal_010,0,large_component,0.6,30,0.95,5,241,24,43,6,0
normal_010,0,micro_cluster,0.6,30,0.95,5,241,24,43,6,1
normal_010,0,hybrid,0.6,30,0.95,5,241,24,43,6,1
tumor_001,1,large_component,0.6,40,0.99,2,5375,1389,1271,697,1
tumor_001,1,micro_cluster,0.6,40,0.99,2,5375,1389,1271,697,1
tumor_001,1,hybrid,0.6,40,0.99,2,5375,1389,1271,697,1
tumor_002,1,large_component,0.6,40,0.99,2,1060,33,40,7,0
tumor_002,1,micro_cluster,0.6,40,0.99,2,1060,33,40,7,1
tumor_002,1,hybrid,0.6,40,0.99,2,1060,33,40,7,1
tumor_003,1,large_component,0.6,40,0.99,2,1827,329,471,266,1
tumor_003,1,micro_cluster,0.6,40,0.99,2,1827,329,471,266,1
tumor_003,1,hybrid,0.6,40,0.99,2,1827,329,471,266,1
tumor_004,1,large_component,0.6,40,0.99,2,704,48,63,23,1
tumor_004,1,micro_cluster,0.6,40,0.99,2,704,48,63,23,1
tumor_004,1,hybrid,0.6,40,0.99,2,704,48,63,23,1
tumor_005,1,large_component,0.6,40,0.99,2,332,106,117,78,1
tumor_005,1,micro_cluster,0.6,40,0.99,2,332,106,117,78,1
tumor_005,1,hybrid,0.6,40,0.99,2,332,106,117,78,1
tumor_006,1,large_component,0.6,40,0.99,2,3447,76,227,44,1
tumor_006,1,micro_cluster,0.6,40,0.99,2,3447,76,227,44,1
tumor_006,1,hybrid,0.6,40,0.99,2,3447,76,227,44,1
tumor_007,1,large_component,0.6,40,0.99,2,4022,133,294,92,1
tumor_007,1,micro_cluster,0.6,40,0.99,2,4022,133,294,92,1
tumor_007,1,hybrid,0.6,40,0.99,2,4022,133,294,92,1
tumor_008,1,large_component,0.6,40,0.99,2,7122,745,351,22,1
tumor_008,1,micro_cluster,0.6,40,0.99,2,7122,745,351,22,1
tumor_008,1,hybrid,0.6,40,0.99,2,7122,745,351,22,1
tumor_009,1,large_component,0.6,40,0.99,2,34483,17038,10881,2804,1
tumor_009,1,micro_cluster,0.6,40,0.99,2,34483,17038,10881,2804,1
tumor_009,1,hybrid,0.6,40,0.99,2,34483,17038,10881,2804,1
tumor_010,1,large_component,0.6,40,0.99,2,4972,164,359,29,1
tumor_010,1,micro_cluster,0.6,40,0.99,2,4972,164,359,29,1
tumor_010,1,hybrid,0.6,40,0.99,2,4972,164,359,29,1
normal_001,0,large_component,0.6,40,0.99,2,105,15,1,1,0
normal_001,0,micro_cluster,0.6,40,0.99,2,105,15,1,1,0
normal_001,0,hybrid,0.6,40,0.99,2,105,15,1,1,0
normal_002,0,large_component,0.6,40,0.99,2,329,18,8,1,0
normal_002,0,micro_cluster,0.6,40,0.99,2,329,18,8,1,0
normal_002,0,hybrid,0.6,40,0.99,2,329,18,8,1,0
normal_003,0,large_component,0.6,40,0.99,2,389,14,8,1,0
normal_003,0,micro_cluster,0.6,40,0.99,2,389,14,8,1,0
normal_003,0,hybrid,0.6,40,0.99,2,389,14,8,1,0
normal_004,0,large_component,0.6,40,0.99,2,152,9,9,2,0
normal_004,0,micro_cluster,0.6,40,0.99,2,152,9,9,2,1
normal_004,0,hybrid,0.6,40,0.99,2,152,9,9,2,1
normal_005,0,large_component,0.6,40,0.99,2,205,20,6,2,0
normal_005,0,micro_cluster,0.6,40,0.99,2,205,20,6,2,1
normal_005,0,hybrid,0.6,40,0.99,2,205,20,6,2,1
normal_006,0,large_component,0.6,40,0.99,2,138,12,9,4,0
normal_006,0,micro_cluster,0.6,40,0.99,2,138,12,9,4,1
normal_006,0,hybrid,0.6,40,0.99,2,138,12,9,4,1
normal_007,0,large_component,0.6,40,0.99,2,163,19,11,7,0
normal_007,0,micro_cluster,0.6,40,0.99,2,163,19,11,7,1
normal_007,0,hybrid,0.6,40,0.99,2,163,19,11,7,1
normal_008,0,large_component,0.6,40,0.99,2,207,25,10,6,0
normal_008,0,micro_cluster,0.6,40,0.99,2,207,25,10,6,1
normal_008,0,hybrid,0.6,40,0.99,2,207,25,10,6,1
normal_009,0,large_component,0.6,40,0.99,2,540,12,10,3,0
normal_009,0,micro_cluster,0.6,40,0.99,2,540,12,10,3,1
normal_009,0,hybrid,0.6,40,0.99,2,540,12,10,3,1
normal_010,0,large_component,0.6,40,0.99,2,241,24,15,4,0
normal_010,0,micro_cluster,0.6,40,0.99,2,241,24,15,4,1
normal_010,0,hybrid,0.6,40,0.99,2,241,24,15,4,1
tumor_001,1,large_component,0.6,40,0.99,3,5375,1389,1271,697,1
tumor_001,1,micro_cluster,0.6,40,0.99,3,5375,1389,1271,697,1
tumor_001,1,hybrid,0.6,40,0.99,3,5375,1389,1271,697,1
tumor_002,1,large_component,0.6,40,0.99,3,1060,33,40,7,0
tumor_002,1,micro_cluster,0.6,40,0.99,3,1060,33,40,7,1
tumor_002,1,hybrid,0.6,40,0.99,3,1060,33,40,7,1
tumor_003,1,large_component,0.6,40,0.99,3,1827,329,471,266,1
tumor_003,1,micro_cluster,0.6,40,0.99,3,1827,329,471,266,1
tumor_003,1,hybrid,0.6,40,0.99,3,1827,329,471,266,1
tumor_004,1,large_component,0.6,40,0.99,3,704,48,63,23,1
tumor_004,1,micro_cluster,0.6,40,0.99,3,704,48,63,23,1
tumor_004,1,hybrid,0.6,40,0.99,3,704,48,63,23,1
tumor_005,1,large_component,0.6,40,0.99,3,332,106,117,78,1
tumor_005,1,micro_cluster,0.6,40,0.99,3,332,106,117,78,1
tumor_005,1,hybrid,0.6,40,0.99,3,332,106,117,78,1
tumor_006,1,large_component,0.6,40,0.99,3,3447,76,227,44,1
tumor_006,1,micro_cluster,0.6,40,0.99,3,3447,76,227,44,1
tumor_006,1,hybrid,0.6,40,0.99,3,3447,76,227,44,1
tumor_007,1,large_component,0.6,40,0.99,3,4022,133,294,92,1
tumor_007,1,micro_cluster,0.6,40,0.99,3,4022,133,294,92,1
tumor_007,1,hybrid,0.6,40,0.99,3,4022,133,294,92,1
tumor_008,1,large_component,0.6,40,0.99,3,7122,745,351,22,1
tumor_008,1,micro_cluster,0.6,40,0.99,3,7122,745,351,22,1
tumor_008,1,hybrid,0.6,40,0.99,3,7122,745,351,22,1
tumor_009,1,large_component,0.6,40,0.99,3,34483,17038,10881,2804,1
tumor_009,1,micro_cluster,0.6,40,0.99,3,34483,17038,10881,2804,1
tumor_009,1,hybrid,0.6,40,0.99,3,34483,17038,10881,2804,1
tumor_010,1,large_component,0.6,40,0.99,3,4972,164,359,29,1
tumor_010,1,micro_cluster,0.6,40,0.99,3,4972,164,359,29,1
tumor_010,1,hybrid,0.6,40,0.99,3,4972,164,359,29,1
normal_001,0,large_component,0.6,40,0.99,3,105,15,1,1,0
normal_001,0,micro_cluster,0.6,40,0.99,3,105,15,1,1,0
normal_001,0,hybrid,0.6,40,0.99,3,105,15,1,1,0
normal_002,0,large_component,0.6,40,0.99,3,329,18,8,1,0
normal_002,0,micro_cluster,0.6,40,0.99,3,329,18,8,1,0
normal_002,0,hybrid,0.6,40,0.99,3,329,18,8,1,0
normal_003,0,large_component,0.6,40,0.99,3,389,14,8,1,0
normal_003,0,micro_cluster,0.6,40,0.99,3,389,14,8,1,0
normal_003,0,hybrid,0.6,40,0.99,3,389,14,8,1,0
normal_004,0,large_component,0.6,40,0.99,3,152,9,9,2,0
normal_004,0,micro_cluster,0.6,40,0.99,3,152,9,9,2,0
normal_004,0,hybrid,0.6,40,0.99,3,152,9,9,2,0
normal_005,0,large_component,0.6,40,0.99,3,205,20,6,2,0
normal_005,0,micro_cluster,0.6,40,0.99,3,205,20,6,2,0
normal_005,0,hybrid,0.6,40,0.99,3,205,20,6,2,0
normal_006,0,large_component,0.6,40,0.99,3,138,12,9,4,0
normal_006,0,micro_cluster,0.6,40,0.99,3,138,12,9,4,1
normal_006,0,hybrid,0.6,40,0.99,3,138,12,9,4,1
normal_007,0,large_component,0.6,40,0.99,3,163,19,11,7,0
normal_007,0,micro_cluster,0.6,40,0.99,3,163,19,11,7,1
normal_007,0,hybrid,0.6,40,0.99,3,163,19,11,7,1
normal_008,0,large_component,0.6,40,0.99,3,207,25,10,6,0
normal_008,0,micro_cluster,0.6,40,0.99,3,207,25,10,6,1
normal_008,0,hybrid,0.6,40,0.99,3,207,25,10,6,1
normal_009,0,large_component,0.6,40,0.99,3,540,12,10,3,0
normal_009,0,micro_cluster,0.6,40,0.99,3,540,12,10,3,1
normal_009,0,hybrid,0.6,40,0.99,3,540,12,10,3,1
normal_010,0,large_component,0.6,40,0.99,3,241,24,15,4,0
normal_010,0,micro_cluster,0.6,40,0.99,3,241,24,15,4,1
normal_010,0,hybrid,0.6,40,0.99,3,241,24,15,4,1
tumor_001,1,large_component,0.6,40,0.99,5,5375,1389,1271,697,1
tumor_001,1,micro_cluster,0.6,40,0.99,5,5375,1389,1271,697,1
tumor_001,1,hybrid,0.6,40,0.99,5,5375,1389,1271,697,1
tumor_002,1,large_component,0.6,40,0.99,5,1060,33,40,7,0
tumor_002,1,micro_cluster,0.6,40,0.99,5,1060,33,40,7,1
tumor_002,1,hybrid,0.6,40,0.99,5,1060,33,40,7,1
tumor_003,1,large_component,0.6,40,0.99,5,1827,329,471,266,1
tumor_003,1,micro_cluster,0.6,40,0.99,5,1827,329,471,266,1
tumor_003,1,hybrid,0.6,40,0.99,5,1827,329,471,266,1
tumor_004,1,large_component,0.6,40,0.99,5,704,48,63,23,1
tumor_004,1,micro_cluster,0.6,40,0.99,5,704,48,63,23,1
tumor_004,1,hybrid,0.6,40,0.99,5,704,48,63,23,1
tumor_005,1,large_component,0.6,40,0.99,5,332,106,117,78,1
tumor_005,1,micro_cluster,0.6,40,0.99,5,332,106,117,78,1
tumor_005,1,hybrid,0.6,40,0.99,5,332,106,117,78,1
tumor_006,1,large_component,0.6,40,0.99,5,3447,76,227,44,1
tumor_006,1,micro_cluster,0.6,40,0.99,5,3447,76,227,44,1
tumor_006,1,hybrid,0.6,40,0.99,5,3447,76,227,44,1
tumor_007,1,large_component,0.6,40,0.99,5,4022,133,294,92,1
tumor_007,1,micro_cluster,0.6,40,0.99,5,4022,133,294,92,1
tumor_007,1,hybrid,0.6,40,0.99,5,4022,133,294,92,1
tumor_008,1,large_component,0.6,40,0.99,5,7122,745,351,22,1
tumor_008,1,micro_cluster,0.6,40,0.99,5,7122,745,351,22,1
tumor_008,1,hybrid,0.6,40,0.99,5,7122,745,351,22,1
tumor_009,1,large_component,0.6,40,0.99,5,34483,17038,10881,2804,1
tumor_009,1,micro_cluster,0.6,40,0.99,5,34483,17038,10881,2804,1
tumor_009,1,hybrid,0.6,40,0.99,5,34483,17038,10881,2804,1
tumor_010,1,large_component,0.6,40,0.99,5,4972,164,359,29,1
tumor_010,1,micro_cluster,0.6,40,0.99,5,4972,164,359,29,1
tumor_010,1,hybrid,0.6,40,0.99,5,4972,164,359,29,1
normal_001,0,large_component,0.6,40,0.99,5,105,15,1,1,0
normal_001,0,micro_cluster,0.6,40,0.99,5,105,15,1,1,0
normal_001,0,hybrid,0.6,40,0.99,5,105,15,1,1,0
normal_002,0,large_component,0.6,40,0.99,5,329,18,8,1,0
normal_002,0,micro_cluster,0.6,40,0.99,5,329,18,8,1,0
normal_002,0,hybrid,0.6,40,0.99,5,329,18,8,1,0
normal_003,0,large_component,0.6,40,0.99,5,389,14,8,1,0
normal_003,0,micro_cluster,0.6,40,0.99,5,389,14,8,1,0
normal_003,0,hybrid,0.6,40,0.99,5,389,14,8,1,0
normal_004,0,large_component,0.6,40,0.99,5,152,9,9,2,0
normal_004,0,micro_cluster,0.6,40,0.99,5,152,9,9,2,0
normal_004,0,hybrid,0.6,40,0.99,5,152,9,9,2,0
normal_005,0,large_component,0.6,40,0.99,5,205,20,6,2,0
normal_005,0,micro_cluster,0.6,40,0.99,5,205,20,6,2,0
normal_005,0,hybrid,0.6,40,0.99,5,205,20,6,2,0
normal_006,0,large_component,0.6,40,0.99,5,138,12,9,4,0
normal_006,0,micro_cluster,0.6,40,0.99,5,138,12,9,4,0
normal_006,0,hybrid,0.6,40,0.99,5,138,12,9,4,0
normal_007,0,large_component,0.6,40,0.99,5,163,19,11,7,0
normal_007,0,micro_cluster,0.6,40,0.99,5,163,19,11,7,1
normal_007,0,hybrid,0.6,40,0.99,5,163,19,11,7,1
normal_008,0,large_component,0.6,40,0.99,5,207,25,10,6,0
normal_008,0,micro_cluster,0.6,40,0.99,5,207,25,10,6,1
normal_008,0,hybrid,0.6,40,0.99,5,207,25,10,6,1
normal_009,0,large_component,0.6,40,0.99,5,540,12,10,3,0
normal_009,0,micro_cluster,0.6,40,0.99,5,540,12,10,3,0
normal_009,0,hybrid,0.6,40,0.99,5,540,12,10,3,0
normal_010,0,large_component,0.6,40,0.99,5,241,24,15,4,0
normal_010,0,micro_cluster,0.6,40,0.99,5,241,24,15,4,0
normal_010,0,hybrid,0.6,40,0.99,5,241,24,15,4,0
tumor_001,1,large_component,0.6,40,0.98,2,5375,1389,1567,738,1
tumor_001,1,micro_cluster,0.6,40,0.98,2,5375,1389,1567,738,1
tumor_001,1,hybrid,0.6,40,0.98,2,5375,1389,1567,738,1
tumor_002,1,large_component,0.6,40,0.98,2,1060,33,72,7,0
tumor_002,1,micro_cluster,0.6,40,0.98,2,1060,33,72,7,1
tumor_002,1,hybrid,0.6,40,0.98,2,1060,33,72,7,1
tumor_003,1,large_component,0.6,40,0.98,2,1827,329,521,280,1
tumor_003,1,micro_cluster,0.6,40,0.98,2,1827,329,521,280,1
tumor_003,1,hybrid,0.6,40,0.98,2,1827,329,521,280,1
tumor_004,1,large_component,0.6,40,0.98,2,704,48,83,28,1
tumor_004,1,micro_cluster,0.6,40,0.98,2,704,48,83,28,1
tumor_004,1,hybrid,0.6,40,0.98,2,704,48,83,28,1
tumor_005,1,large_component,0.6,40,0.98,2,332,106,126,82,1
tumor_005,1,micro_cluster,0.6,40,0.98,2,332,106,126,82,1
tumor_005,1,hybrid,0.6,40,0.98,2,332,106,126,82,1
tumor_006,1,large_component,0.6,40,0.98,2,3447,76,332,46,1
tumor_006,1,micro_cluster,0.6,40,0.98,2,3447,76,332,46,1
tumor_006,1,hybrid,0.6,40,0.98,2,3447,76,332,46,1
tumor_007,1,large_component,0.6,40,0.98,2,4022,133,428,96,1
tumor_007,1,micro_cluster,0.6,40,0.98,2,4022,133,428,96,1
tumor_007,1,hybrid,0.6,40,0.98,2,4022,133,428,96,1
tumor_008,1,large_component,0.6,40,0.98,2,7122,745,592,33,1
tumor_008,1,micro_cluster,0.6,40,0.98,2,7122,745,592,33,1
tumor_008,1,hybrid,0.6,40,0.98,2,7122,745,592,33,1
tumor_009,1,large_component,0.6,40,0.98,2,34483,17038,13988,3907,1
tumor_009,1,micro_cluster,0.6,40,0.98,2,34483,17038,13988,3907,1
tumor_009,1,hybrid,0.6,40,0.98,2,34483,17038,13988,3907,1
tumor_010,1,large_component,0.6,40,0.98,2,4972,164,575,31,1
tumor_010,1,micro_cluster,0.6,40,0.98,2,4972,164,575,31,1
tumor_010,1,hybrid,0.6,40,0.98,2,4972,164,575,31,1
normal_001,0,large_component,0.6,40,0.98,2,105,15,4,2,0
normal_001,0,micro_cluster,0.6,40,0.98,2,105,15,4,2,1
normal_001,0,hybrid,0.6,40,0.98,2,105,15,4,2,1
normal_002,0,large_component,0.6,40,0.98,2,329,18,14,2,0
normal_002,0,micro_cluster,0.6,40,0.98,2,329,18,14,2,1
normal_002,0,hybrid,0.6,40,0.98,2,329,18,14,2,1
normal_003,0,large_component,0.6,40,0.98,2,389,14,17,2,0
normal_003,0,micro_cluster,0.6,40,0.98,2,389,14,17,2,1
normal_003,0,hybrid,0.6,40,0.98,2,389,14,17,2,1
normal_004,0,large_component,0.6,40,0.98,2,152,9,14,3,0
normal_004,0,micro_cluster,0.6,40,0.98,2,152,9,14,3,1
normal_004,0,hybrid,0.6,40,0.98,2,152,9,14,3,1
normal_005,0,large_component,0.6,40,0.98,2,205,20,17,3,0
normal_005,0,micro_cluster,0.6,40,0.98,2,205,20,17,3,1
normal_005,0,hybrid,0.6,40,0.98,2,205,20,17,3,1
normal_006,0,large_component,0.6,40,0.98,2,138,12,14,4,0
normal_006,0,micro_cluster,0.6,40,0.98,2,138,12,14,4,1
normal_006,0,hybrid,0.6,40,0.98,2,138,12,14,4,1
normal_007,0,large_component,0.6,40,0.98,2,163,19,18,8,0
normal_007,0,micro_cluster,0.6,40,0.98,2,163,19,18,8,1
normal_007,0,hybrid,0.6,40,0.98,2,163,19,18,8,1
normal_008,0,large_component,0.6,40,0.98,2,207,25,22,8,0
normal_008,0,micro_cluster,0.6,40,0.98,2,207,25,22,8,1
normal_008,0,hybrid,0.6,40,0.98,2,207,25,22,8,1
normal_009,0,large_component,0.6,40,0.98,2,540,12,20,4,0
normal_009,0,micro_cluster,0.6,40,0.98,2,540,12,20,4,1
normal_009,0,hybrid,0.6,40,0.98,2,540,12,20,4,1
normal_010,0,large_component,0.6,40,0.98,2,241,24,22,4,0
normal_010,0,micro_cluster,0.6,40,0.98,2,241,24,22,4,1
normal_010,0,hybrid,0.6,40,0.98,2,241,24,22,4,1
tumor_001,1,large_component,0.6,40,0.98,3,5375,1389,1567,738,1
tumor_001,1,micro_cluster,0.6,40,0.98,3,5375,1389,1567,738,1
tumor_001,1,hybrid,0.6,40,0.98,3,5375,1389,1567,738,1
tumor_002,1,large_component,0.6,40,0.98,3,1060,33,72,7,0
tumor_002,1,micro_cluster,0.6,40,0.98,3,1060,33,72,7,1
tumor_002,1,hybrid,0.6,40,0.98,3,1060,33,72,7,1
tumor_003,1,large_component,0.6,40,0.98,3,1827,329,521,280,1
tumor_003,1,micro_cluster,0.6,40,0.98,3,1827,329,521,280,1
tumor_003,1,hybrid,0.6,40,0.98,3,1827,329,521,280,1
tumor_004,1,large_component,0.6,40,0.98,3,704,48,83,28,1
tumor_004,1,micro_cluster,0.6,40,0.98,3,704,48,83,28,1
tumor_004,1,hybrid,0.6,40,0.98,3,704,48,83,28,1
tumor_005,1,large_component,0.6,40,0.98,3,332,106,126,82,1
tumor_005,1,micro_cluster,0.6,40,0.98,3,332,106,126,82,1
tumor_005,1,hybrid,0.6,40,0.98,3,332,106,126,82,1
tumor_006,1,large_component,0.6,40,0.98,3,3447,76,332,46,1
tumor_006,1,micro_cluster,0.6,40,0.98,3,3447,76,332,46,1
tumor_006,1,hybrid,0.6,40,0.98,3,3447,76,332,46,1
tumor_007,1,large_component,0.6,40,0.98,3,4022,133,428,96,1
tumor_007,1,micro_cluster,0.6,40,0.98,3,4022,133,428,96,1
tumor_007,1,hybrid,0.6,40,0.98,3,4022,133,428,96,1
tumor_008,1,large_component,0.6,40,0.98,3,7122,745,592,33,1
tumor_008,1,micro_cluster,0.6,40,0.98,3,7122,745,592,33,1
tumor_008,1,hybrid,0.6,40,0.98,3,7122,745,592,33,1
tumor_009,1,large_component,0.6,40,0.98,3,34483,17038,13988,3907,1
tumor_009,1,micro_cluster,0.6,40,0.98,3,34483,17038,13988,3907,1
tumor_009,1,hybrid,0.6,40,0.98,3,34483,17038,13988,3907,1
tumor_010,1,large_component,0.6,40,0.98,3,4972,164,575,31,1
tumor_010,1,micro_cluster,0.6,40,0.98,3,4972,164,575,31,1
tumor_010,1,hybrid,0.6,40,0.98,3,4972,164,575,31,1
normal_001,0,large_component,0.6,40,0.98,3,105,15,4,2,0
normal_001,0,micro_cluster,0.6,40,0.98,3,105,15,4,2,0
normal_001,0,hybrid,0.6,40,0.98,3,105,15,4,2,0
normal_002,0,large_component,0.6,40,0.98,3,329,18,14,2,0
normal_002,0,micro_cluster,0.6,40,0.98,3,329,18,14,2,0
normal_002,0,hybrid,0.6,40,0.98,3,329,18,14,2,0
normal_003,0,large_component,0.6,40,0.98,3,389,14,17,2,0
normal_003,0,micro_cluster,0.6,40,0.98,3,389,14,17,2,0
normal_003,0,hybrid,0.6,40,0.98,3,389,14,17,2,0
normal_004,0,large_component,0.6,40,0.98,3,152,9,14,3,0
normal_004,0,micro_cluster,0.6,40,0.98,3,152,9,14,3,1
normal_004,0,hybrid,0.6,40,0.98,3,152,9,14,3,1
normal_005,0,large_component,0.6,40,0.98,3,205,20,17,3,0
normal_005,0,micro_cluster,0.6,40,0.98,3,205,20,17,3,1
normal_005,0,hybrid,0.6,40,0.98,3,205,20,17,3,1
normal_006,0,large_component,0.6,40,0.98,3,138,12,14,4,0
normal_006,0,micro_cluster,0.6,40,0.98,3,138,12,14,4,1
normal_006,0,hybrid,0.6,40,0.98,3,138,12,14,4,1
normal_007,0,large_component,0.6,40,0.98,3,163,19,18,8,0
normal_007,0,micro_cluster,0.6,40,0.98,3,163,19,18,8,1
normal_007,0,hybrid,0.6,40,0.98,3,163,19,18,8,1
normal_008,0,large_component,0.6,40,0.98,3,207,25,22,8,0
normal_008,0,micro_cluster,0.6,40,0.98,3,207,25,22,8,1
normal_008,0,hybrid,0.6,40,0.98,3,207,25,22,8,1
normal_009,0,large_component,0.6,40,0.98,3,540,12,20,4,0
normal_009,0,micro_cluster,0.6,40,0.98,3,540,12,20,4,1
normal_009,0,hybrid,0.6,40,0.98,3,540,12,20,4,1
normal_010,0,large_component,0.6,40,0.98,3,241,24,22,4,0
normal_010,0,micro_cluster,0.6,40,0.98,3,241,24,22,4,1
normal_010,0,hybrid,0.6,40,0.98,3,241,24,22,4,1
tumor_001,1,large_component,0.6,40,0.98,5,5375,1389,1567,738,1
tumor_001,1,micro_cluster,0.6,40,0.98,5,5375,1389,1567,738,1
tumor_001,1,hybrid,0.6,40,0.98,5,5375,1389,1567,738,1
tumor_002,1,large_component,0.6,40,0.98,5,1060,33,72,7,0
tumor_002,1,micro_cluster,0.6,40,0.98,5,1060,33,72,7,1
tumor_002,1,hybrid,0.6,40,0.98,5,1060,33,72,7,1
tumor_003,1,large_component,0.6,40,0.98,5,1827,329,521,280,1
tumor_003,1,micro_cluster,0.6,40,0.98,5,1827,329,521,280,1
tumor_003,1,hybrid,0.6,40,0.98,5,1827,329,521,280,1
tumor_004,1,large_component,0.6,40,0.98,5,704,48,83,28,1
tumor_004,1,micro_cluster,0.6,40,0.98,5,704,48,83,28,1
tumor_004,1,hybrid,0.6,40,0.98,5,704,48,83,28,1
tumor_005,1,large_component,0.6,40,0.98,5,332,106,126,82,1
tumor_005,1,micro_cluster,0.6,40,0.98,5,332,106,126,82,1
tumor_005,1,hybrid,0.6,40,0.98,5,332,106,126,82,1
tumor_006,1,large_component,0.6,40,0.98,5,3447,76,332,46,1
tumor_006,1,micro_cluster,0.6,40,0.98,5,3447,76,332,46,1
tumor_006,1,hybrid,0.6,40,0.98,5,3447,76,332,46,1
tumor_007,1,large_component,0.6,40,0.98,5,4022,133,428,96,1
tumor_007,1,micro_cluster,0.6,40,0.98,5,4022,133,428,96,1
tumor_007,1,hybrid,0.6,40,0.98,5,4022,133,428,96,1
tumor_008,1,large_component,0.6,40,0.98,5,7122,745,592,33,1
tumor_008,1,micro_cluster,0.6,40,0.98,5,7122,745,592,33,1
tumor_008,1,hybrid,0.6,40,0.98,5,7122,745,592,33,1
tumor_009,1,large_component,0.6,40,0.98,5,34483,17038,13988,3907,1
tumor_009,1,micro_cluster,0.6,40,0.98,5,34483,17038,13988,3907,1
tumor_009,1,hybrid,0.6,40,0.98,5,34483,17038,13988,3907,1
tumor_010,1,large_component,0.6,40,0.98,5,4972,164,575,31,1
tumor_010,1,micro_cluster,0.6,40,0.98,5,4972,164,575,31,1
tumor_010,1,hybrid,0.6,40,0.98,5,4972,164,575,31,1
normal_001,0,large_component,0.6,40,0.98,5,105,15,4,2,0
normal_001,0,micro_cluster,0.6,40,0.98,5,105,15,4,2,0
normal_001,0,hybrid,0.6,40,0.98,5,105,15,4,2,0
normal_002,0,large_component,0.6,40,0.98,5,329,18,14,2,0
normal_002,0,micro_cluster,0.6,40,0.98,5,329,18,14,2,0
normal_002,0,hybrid,0.6,40,0.98,5,329,18,14,2,0
normal_003,0,large_component,0.6,40,0.98,5,389,14,17,2,0
normal_003,0,micro_cluster,0.6,40,0.98,5,389,14,17,2,0
normal_003,0,hybrid,0.6,40,0.98,5,389,14,17,2,0
normal_004,0,large_component,0.6,40,0.98,5,152,9,14,3,0
normal_004,0,micro_cluster,0.6,40,0.98,5,152,9,14,3,0
normal_004,0,hybrid,0.6,40,0.98,5,152,9,14,3,0
normal_005,0,large_component,0.6,40,0.98,5,205,20,17,3,0
normal_005,0,micro_cluster,0.6,40,0.98,5,205,20,17,3,0
normal_005,0,hybrid,0.6,40,0.98,5,205,20,17,3,0
normal_006,0,large_component,0.6,40,0.98,5,138,12,14,4,0
normal_006,0,micro_cluster,0.6,40,0.98,5,138,12,14,4,0
normal_006,0,hybrid,0.6,40,0.98,5,138,12,14,4,0
normal_007,0,large_component,0.6,40,0.98,5,163,19,18,8,0
normal_007,0,micro_cluster,0.6,40,0.98,5,163,19,18,8,1
normal_007,0,hybrid,0.6,40,0.98,5,163,19,18,8,1
normal_008,0,large_component,0.6,40,0.98,5,207,25,22,8,0
normal_008,0,micro_cluster,0.6,40,0.98,5,207,25,22,8,1
normal_008,0,hybrid,0.6,40,0.98,5,207,25,22,8,1
normal_009,0,large_component,0.6,40,0.98,5,540,12,20,4,0
normal_009,0,micro_cluster,0.6,40,0.98,5,540,12,20,4,0
normal_009,0,hybrid,0.6,40,0.98,5,540,12,20,4,0
normal_010,0,large_component,0.6,40,0.98,5,241,24,22,4,0
normal_010,0,micro_cluster,0.6,40,0.98,5,241,24,22,4,0
normal_010,0,hybrid,0.6,40,0.98,5,241,24,22,4,0
tumor_001,1,large_component,0.6,40,0.95,2,5375,1389,2145,818,1
tumor_001,1,micro_cluster,0.6,40,0.95,2,5375,1389,2145,818,1
tumor_001,1,hybrid,0.6,40,0.95,2,5375,1389,2145,818,1
tumor_002,1,large_component,0.6,40,0.95,2,1060,33,163,9,0
tumor_002,1,micro_cluster,0.6,40,0.95,2,1060,33,163,9,1
tumor_002,1,hybrid,0.6,40,0.95,2,1060,33,163,9,1
tumor_003,1,large_component,0.6,40,0.95,2,1827,329,652,299,1
tumor_003,1,micro_cluster,0.6,40,0.95,2,1827,329,652,299,1
tumor_003,1,hybrid,0.6,40,0.95,2,1827,329,652,299,1
tumor_004,1,large_component,0.6,40,0.95,2,704,48,143,37,1
tumor_004,1,micro_cluster,0.6,40,0.95,2,704,48,143,37,1
tumor_004,1,hybrid,0.6,40,0.95,2,704,48,143,37,1
tumor_005,1,large_component,0.6,40,0.95,2,332,106,145,89,1
tumor_005,1,micro_cluster,0.6,40,0.95,2,332,106,145,89,1
tumor_005,1,hybrid,0.6,40,0.95,2,332,106,145,89,1
tumor_006,1,large_component,0.6,40,0.95,2,3447,76,660,51,1
tumor_006,1,micro_cluster,0.6,40,0.95,2,3447,76,660,51,1
tumor_006,1,hybrid,0.6,40,0.95,2,3447,76,660,51,1
tumor_007,1,large_component,0.6,40,0.95,2,4022,133,776,101,1
tumor_007,1,micro_cluster,0.6,40,0.95,2,4022,133,776,101,1
tumor_007,1,hybrid,0.6,40,0.95,2,4022,133,776,101,1
tumor_008,1,large_component,0.6,40,0.95,2,7122,745,1187,65,1
tumor_008,1,micro_cluster,0.6,40,0.95,2,7122,745,1187,65,1
tumor_008,1,hybrid,0.6,40,0.95,2,7122,745,1187,65,1
tumor_009,1,large_component,0.6,40,0.95,2,34483,17038,18879,5106,1
tumor_009,1,micro_cluster,0.6,40,0.95,2,34483,17038,18879,5106,1
tumor_009,1,hybrid,0.6,40,0.95,2,34483,17038,18879,5106,1
tumor_010,1,large_component,0.6,40,0.95,2,4972,164,1075,37,1
tumor_010,1,micro_cluster,0.6,40,0.95,2,4972,164,1075,37,1
tumor_010,1,hybrid,0.6,40,0.95,2,4972,164,1075,37,1
normal_001,0,large_component,0.6,40,0.95,2,105,15,11,4,0
normal_001,0,micro_cluster,0.6,40,0.95,2,105,15,11,4,1
normal_001,0,hybrid,0.6,40,0.95,2,105,15,11,4,1
normal_002,0,large_component,0.6,40,0.95,2,329,18,30,6,0
normal_002,0,micro_cluster,0.6,40,0.95,2,329,18,30,6,1
normal_002,0,hybrid,0.6,40,0.95,2,329,18,30,6,1
normal_003,0,large_component,0.6,40,0.95,2,389,14,45,3,0
normal_003,0,micro_cluster,0.6,40,0.95,2,389,14,45,3,1
normal_003,0,hybrid,0.6,40,0.95,2,389,14,45,3,1
normal_004,0,large_component,0.6,40,0.95,2,152,9,27,3,0
normal_004,0,micro_cluster,0.6,40,0.95,2,152,9,27,3,1
normal_004,0,hybrid,0.6,40,0.95,2,152,9,27,3,1
normal_005,0,large_component,0.6,40,0.95,2,205,20,35,4,0
normal_005,0,micro_cluster,0.6,40,0.95,2,205,20,35,4,1
normal_005,0,hybrid,0.6,40,0.95,2,205,20,35,4,1
normal_006,0,large_component,0.6,40,0.95,2,138,12,30,6,0
normal_006,0,micro_cluster,0.6,40,0.95,2,138,12,30,6,1
normal_006,0,hybrid,0.6,40,0.95,2,138,12,30,6,1
normal_007,0,large_component,0.6,40,0.95,2,163,19,23,10,0
normal_007,0,micro_cluster,0.6,40,0.95,2,163,19,23,10,1
normal_007,0,hybrid,0.6,40,0.95,2,163,19,23,10,1
normal_008,0,large_component,0.6,40,0.95,2,207,25,47,11,0
normal_008,0,micro_cluster,0.6,40,0.95,2,207,25,47,11,1
normal_008,0,hybrid,0.6,40,0.95,2,207,25,47,11,1
normal_009,0,large_component,0.6,40,0.95,2,540,12,43,4,0
normal_009,0,micro_cluster,0.6,40,0.95,2,540,12,43,4,1
normal_009,0,hybrid,0.6,40,0.95,2,540,12,43,4,1
normal_010,0,large_component,0.6,40,0.95,2,241,24,43,6,0
normal_010,0,micro_cluster,0.6,40,0.95,2,241,24,43,6,1
normal_010,0,hybrid,0.6,40,0.95,2,241,24,43,6,1
tumor_001,1,large_component,0.6,40,0.95,3,5375,1389,2145,818,1
tumor_001,1,micro_cluster,0.6,40,0.95,3,5375,1389,2145,818,1
tumor_001,1,hybrid,0.6,40,0.95,3,5375,1389,2145,818,1
tumor_002,1,large_component,0.6,40,0.95,3,1060,33,163,9,0
tumor_002,1,micro_cluster,0.6,40,0.95,3,1060,33,163,9,1
tumor_002,1,hybrid,0.6,40,0.95,3,1060,33,163,9,1
tumor_003,1,large_component,0.6,40,0.95,3,1827,329,652,299,1
tumor_003,1,micro_cluster,0.6,40,0.95,3,1827,329,652,299,1
tumor_003,1,hybrid,0.6,40,0.95,3,1827,329,652,299,1
tumor_004,1,large_component,0.6,40,0.95,3,704,48,143,37,1
tumor_004,1,micro_cluster,0.6,40,0.95,3,704,48,143,37,1
tumor_004,1,hybrid,0.6,40,0.95,3,704,48,143,37,1
tumor_005,1,large_component,0.6,40,0.95,3,332,106,145,89,1
tumor_005,1,micro_cluster,0.6,40,0.95,3,332,106,145,89,1
tumor_005,1,hybrid,0.6,40,0.95,3,332,106,145,89,1
tumor_006,1,large_component,0.6,40,0.95,3,3447,76,660,51,1
tumor_006,1,micro_cluster,0.6,40,0.95,3,3447,76,660,51,1
tumor_006,1,hybrid,0.6,40,0.95,3,3447,76,660,51,1
tumor_007,1,large_component,0.6,40,0.95,3,4022,133,776,101,1
tumor_007,1,micro_cluster,0.6,40,0.95,3,4022,133,776,101,1
tumor_007,1,hybrid,0.6,40,0.95,3,4022,133,776,101,1
tumor_008,1,large_component,0.6,40,0.95,3,7122,745,1187,65,1
tumor_008,1,micro_cluster,0.6,40,0.95,3,7122,745,1187,65,1
tumor_008,1,hybrid,0.6,40,0.95,3,7122,745,1187,65,1
tumor_009,1,large_component,0.6,40,0.95,3,34483,17038,18879,5106,1
tumor_009,1,micro_cluster,0.6,40,0.95,3,34483,17038,18879,5106,1
tumor_009,1,hybrid,0.6,40,0.95,3,34483,17038,18879,5106,1
tumor_010,1,large_component,0.6,40,0.95,3,4972,164,1075,37,1
tumor_010,1,micro_cluster,0.6,40,0.95,3,4972,164,1075,37,1
tumor_010,1,hybrid,0.6,40,0.95,3,4972,164,1075,37,1
normal_001,0,large_component,0.6,40,0.95,3,105,15,11,4,0
normal_001,0,micro_cluster,0.6,40,0.95,3,105,15,11,4,1
normal_001,0,hybrid,0.6,40,0.95,3,105,15,11,4,1
normal_002,0,large_component,0.6,40,0.95,3,329,18,30,6,0
normal_002,0,micro_cluster,0.6,40,0.95,3,329,18,30,6,1
normal_002,0,hybrid,0.6,40,0.95,3,329,18,30,6,1
normal_003,0,large_component,0.6,40,0.95,3,389,14,45,3,0
normal_003,0,micro_cluster,0.6,40,0.95,3,389,14,45,3,1
normal_003,0,hybrid,0.6,40,0.95,3,389,14,45,3,1
normal_004,0,large_component,0.6,40,0.95,3,152,9,27,3,0
normal_004,0,micro_cluster,0.6,40,0.95,3,152,9,27,3,1
normal_004,0,hybrid,0.6,40,0.95,3,152,9,27,3,1
normal_005,0,large_component,0.6,40,0.95,3,205,20,35,4,0
normal_005,0,micro_cluster,0.6,40,0.95,3,205,20,35,4,1
normal_005,0,hybrid,0.6,40,0.95,3,205,20,35,4,1
normal_006,0,large_component,0.6,40,0.95,3,138,12,30,6,0
normal_006,0,micro_cluster,0.6,40,0.95,3,138,12,30,6,1
normal_006,0,hybrid,0.6,40,0.95,3,138,12,30,6,1
normal_007,0,large_component,0.6,40,0.95,3,163,19,23,10,0
normal_007,0,micro_cluster,0.6,40,0.95,3,163,19,23,10,1
normal_007,0,hybrid,0.6,40,0.95,3,163,19,23,10,1
normal_008,0,large_component,0.6,40,0.95,3,207,25,47,11,0
normal_008,0,micro_cluster,0.6,40,0.95,3,207,25,47,11,1
normal_008,0,hybrid,0.6,40,0.95,3,207,25,47,11,1
normal_009,0,large_component,0.6,40,0.95,3,540,12,43,4,0
normal_009,0,micro_cluster,0.6,40,0.95,3,540,12,43,4,1
normal_009,0,hybrid,0.6,40,0.95,3,540,12,43,4,1
normal_010,0,large_component,0.6,40,0.95,3,241,24,43,6,0
normal_010,0,micro_cluster,0.6,40,0.95,3,241,24,43,6,1
normal_010,0,hybrid,0.6,40,0.95,3,241,24,43,6,1
tumor_001,1,large_component,0.6,40,0.95,5,5375,1389,2145,818,1
tumor_001,1,micro_cluster,0.6,40,0.95,5,5375,1389,2145,818,1
tumor_001,1,hybrid,0.6,40,0.95,5,5375,1389,2145,818,1
tumor_002,1,large_component,0.6,40,0.95,5,1060,33,163,9,0
tumor_002,1,micro_cluster,0.6,40,0.95,5,1060,33,163,9,1
tumor_002,1,hybrid,0.6,40,0.95,5,1060,33,163,9,1
tumor_003,1,large_component,0.6,40,0.95,5,1827,329,652,299,1
tumor_003,1,micro_cluster,0.6,40,0.95,5,1827,329,652,299,1
tumor_003,1,hybrid,0.6,40,0.95,5,1827,329,652,299,1
tumor_004,1,large_component,0.6,40,0.95,5,704,48,143,37,1
tumor_004,1,micro_cluster,0.6,40,0.95,5,704,48,143,37,1
tumor_004,1,hybrid,0.6,40,0.95,5,704,48,143,37,1
tumor_005,1,large_component,0.6,40,0.95,5,332,106,145,89,1
tumor_005,1,micro_cluster,0.6,40,0.95,5,332,106,145,89,1
tumor_005,1,hybrid,0.6,40,0.95,5,332,106,145,89,1
tumor_006,1,large_component,0.6,40,0.95,5,3447,76,660,51,1
tumor_006,1,micro_cluster,0.6,40,0.95,5,3447,76,660,51,1
tumor_006,1,hybrid,0.6,40,0.95,5,3447,76,660,51,1
tumor_007,1,large_component,0.6,40,0.95,5,4022,133,776,101,1
tumor_007,1,micro_cluster,0.6,40,0.95,5,4022,133,776,101,1
tumor_007,1,hybrid,0.6,40,0.95,5,4022,133,776,101,1
tumor_008,1,large_component,0.6,40,0.95,5,7122,745,1187,65,1
tumor_008,1,micro_cluster,0.6,40,0.95,5,7122,745,1187,65,1
tumor_008,1,hybrid,0.6,40,0.95,5,7122,745,1187,65,1
tumor_009,1,large_component,0.6,40,0.95,5,34483,17038,18879,5106,1
tumor_009,1,micro_cluster,0.6,40,0.95,5,34483,17038,18879,5106,1
tumor_009,1,hybrid,0.6,40,0.95,5,34483,17038,18879,5106,1
tumor_010,1,large_component,0.6,40,0.95,5,4972,164,1075,37,1
tumor_010,1,micro_cluster,0.6,40,0.95,5,4972,164,1075,37,1
tumor_010,1,hybrid,0.6,40,0.95,5,4972,164,1075,37,1
normal_001,0,large_component,0.6,40,0.95,5,105,15,11,4,0
normal_001,0,micro_cluster,0.6,40,0.95,5,105,15,11,4,0
normal_001,0,hybrid,0.6,40,0.95,5,105,15,11,4,0
normal_002,0,large_component,0.6,40,0.95,5,329,18,30,6,0
normal_002,0,micro_cluster,0.6,40,0.95,5,329,18,30,6,1
normal_002,0,hybrid,0.6,40,0.95,5,329,18,30,6,1
normal_003,0,large_component,0.6,40,0.95,5,389,14,45,3,0
normal_003,0,micro_cluster,0.6,40,0.95,5,389,14,45,3,0
normal_003,0,hybrid,0.6,40,0.95,5,389,14,45,3,0
normal_004,0,large_component,0.6,40,0.95,5,152,9,27,3,0
normal_004,0,micro_cluster,0.6,40,0.95,5,152,9,27,3,0
normal_004,0,hybrid,0.6,40,0.95,5,152,9,27,3,0
normal_005,0,large_component,0.6,40,0.95,5,205,20,35,4,0
normal_005,0,micro_cluster,0.6,40,0.95,5,205,20,35,4,0
normal_005,0,hybrid,0.6,40,0.95,5,205,20,35,4,0
normal_006,0,large_component,0.6,40,0.95,5,138,12,30,6,0
normal_006,0,micro_cluster,0.6,40,0.95,5,138,12,30,6,1
normal_006,0,hybrid,0.6,40,0.95,5,138,12,30,6,1
normal_007,0,large_component,0.6,40,0.95,5,163,19,23,10,0
normal_007,0,micro_cluster,0.6,40,0.95,5,163,19,23,10,1
normal_007,0,hybrid,0.6,40,0.95,5,163,19,23,10,1
normal_008,0,large_component,0.6,40,0.95,5,207,25,47,11,0
normal_008,0,micro_cluster,0.6,40,0.95,5,207,25,47,11,1
normal_008,0,hybrid,0.6,40,0.95,5,207,25,47,11,1
normal_009,0,large_component,0.6,40,0.95,5,540,12,43,4,0
normal_009,0,micro_cluster,0.6,40,0.95,5,540,12,43,4,0
normal_009,0,hybrid,0.6,40,0.95,5,540,12,43,4,0
normal_010,0,large_component,0.6,40,0.95,5,241,24,43,6,0
normal_010,0,micro_cluster,0.6,40,0.95,5,241,24,43,6,1
normal_010,0,hybrid,0.6,40,0.95,5,241,24,43,6,1
tumor_001,1,large_component,0.6,50,0.99,2,5375,1389,1271,697,1
tumor_001,1,micro_cluster,0.6,50,0.99,2,5375,1389,1271,697,1
tumor_001,1,hybrid,0.6,50,0.99,2,5375,1389,1271,697,1
tumor_002,1,large_component,0.6,50,0.99,2,1060,33,40,7,0
tumor_002,1,micro_cluster,0.6,50,0.99,2,1060,33,40,7,1
tumor_002,1,hybrid,0.6,50,0.99,2,1060,33,40,7,1
tumor_003,1,large_component,0.6,50,0.99,2,1827,329,471,266,1
tumor_003,1,micro_cluster,0.6,50,0.99,2,1827,329,471,266,1
tumor_003,1,hybrid,0.6,50,0.99,2,1827,329,471,266,1
tumor_004,1,large_component,0.6,50,0.99,2,704,48,63,23,0
tumor_004,1,micro_cluster,0.6,50,0.99,2,704,48,63,23,1
tumor_004,1,hybrid,0.6,50,0.99,2,704,48,63,23,1
tumor_005,1,large_component,0.6,50,0.99,2,332,106,117,78,1
tumor_005,1,micro_cluster,0.6,50,0.99,2,332,106,117,78,1
tumor_005,1,hybrid,0.6,50,0.99,2,332,106,117,78,1
tumor_006,1,large_component,0.6,50,0.99,2,3447,76,227,44,1
tumor_006,1,micro_cluster,0.6,50,0.99,2,3447,76,227,44,1
tumor_006,1,hybrid,0.6,50,0.99,2,3447,76,227,44,1
tumor_007,1,large_component,0.6,50,0.99,2,4022,133,294,92,1
tumor_007,1,micro_cluster,0.6,50,0.99,2,4022,133,294,92,1
tumor_007,1,hybrid,0.6,50,0.99,2,4022,133,294,92,1
tumor_008,1,large_component,0.6,50,0.99,2,7122,745,351,22,1
tumor_008,1,micro_cluster,0.6,50,0.99,2,7122,745,351,22,1
tumor_008,1,hybrid,0.6,50,0.99,2,7122,745,351,22,1
tumor_009,1,large_component,0.6,50,0.99,2,34483,17038,10881,2804,1
tumor_009,1,micro_cluster,0.6,50,0.99,2,34483,17038,10881,2804,1
tumor_009,1,hybrid,0.6,50,0.99,2,34483,17038,10881,2804,1
tumor_010,1,large_component,0.6,50,0.99,2,4972,164,359,29,1
tumor_010,1,micro_cluster,0.6,50,0.99,2,4972,164,359,29,1
tumor_010,1,hybrid,0.6,50,0.99,2,4972,164,359,29,1
normal_001,0,large_component,0.6,50,0.99,2,105,15,1,1,0
normal_001,0,micro_cluster,0.6,50,0.99,2,105,15,1,1,0
normal_001,0,hybrid,0.6,50,0.99,2,105,15,1,1,0
normal_002,0,large_component,0.6,50,0.99,2,329,18,8,1,0
normal_002,0,micro_cluster,0.6,50,0.99,2,329,18,8,1,0
normal_002,0,hybrid,0.6,50,0.99,2,329,18,8,1,0
normal_003,0,large_component,0.6,50,0.99,2,389,14,8,1,0
normal_003,0,micro_cluster,0.6,50,0.99,2,389,14,8,1,0
normal_003,0,hybrid,0.6,50,0.99,2,389,14,8,1,0
normal_004,0,large_component,0.6,50,0.99,2,152,9,9,2,0
normal_004,0,micro_cluster,0.6,50,0.99,2,152,9,9,2,1
normal_004,0,hybrid,0.6,50,0.99,2,152,9,9,2,1
normal_005,0,large_component,0.6,50,0.99,2,205,20,6,2,0
normal_005,0,micro_cluster,0.6,50,0.99,2,205,20,6,2,1
normal_005,0,hybrid,0.6,50,0.99,2,205,20,6,2,1
normal_006,0,large_component,0.6,50,0.99,2,138,12,9,4,0
normal_006,0,micro_cluster,0.6,50,0.99,2,138,12,9,4,1
normal_006,0,hybrid,0.6,50,0.99,2,138,12,9,4,1
normal_007,0,large_component,0.6,50,0.99,2,163,19,11,7,0
normal_007,0,micro_cluster,0.6,50,0.99,2,163,19,11,7,1
normal_007,0,hybrid,0.6,50,0.99,2,163,19,11,7,1
normal_008,0,large_component,0.6,50,0.99,2,207,25,10,6,0
normal_008,0,micro_cluster,0.6,50,0.99,2,207,25,10,6,1
normal_008,0,hybrid,0.6,50,0.99,2,207,25,10,6,1
normal_009,0,large_component,0.6,50,0.99,2,540,12,10,3,0
normal_009,0,micro_cluster,0.6,50,0.99,2,540,12,10,3,1
normal_009,0,hybrid,0.6,50,0.99,2,540,12,10,3,1
normal_010,0,large_component,0.6,50,0.99,2,241,24,15,4,0
normal_010,0,micro_cluster,0.6,50,0.99,2,241,24,15,4,1
normal_010,0,hybrid,0.6,50,0.99,2,241,24,15,4,1
tumor_001,1,large_component,0.6,50,0.99,3,5375,1389,1271,697,1
tumor_001,1,micro_cluster,0.6,50,0.99,3,5375,1389,1271,697,1
tumor_001,1,hybrid,0.6,50,0.99,3,5375,1389,1271,697,1
tumor_002,1,large_component,0.6,50,0.99,3,1060,33,40,7,0
tumor_002,1,micro_cluster,0.6,50,0.99,3,1060,33,40,7,1
tumor_002,1,hybrid,0.6,50,0.99,3,1060,33,40,7,1
tumor_003,1,large_component,0.6,50,0.99,3,1827,329,471,266,1
tumor_003,1,micro_cluster,0.6,50,0.99,3,1827,329,471,266,1
tumor_003,1,hybrid,0.6,50,0.99,3,1827,329,471,266,1
tumor_004,1,large_component,0.6,50,0.99,3,704,48,63,23,0
tumor_004,1,micro_cluster,0.6,50,0.99,3,704,48,63,23,1
tumor_004,1,hybrid,0.6,50,0.99,3,704,48,63,23,1
tumor_005,1,large_component,0.6,50,0.99,3,332,106,117,78,1
tumor_005,1,micro_cluster,0.6,50,0.99,3,332,106,117,78,1
tumor_005,1,hybrid,0.6,50,0.99,3,332,106,117,78,1
tumor_006,1,large_component,0.6,50,0.99,3,3447,76,227,44,1
tumor_006,1,micro_cluster,0.6,50,0.99,3,3447,76,227,44,1
tumor_006,1,hybrid,0.6,50,0.99,3,3447,76,227,44,1
tumor_007,1,large_component,0.6,50,0.99,3,4022,133,294,92,1
tumor_007,1,micro_cluster,0.6,50,0.99,3,4022,133,294,92,1
tumor_007,1,hybrid,0.6,50,0.99,3,4022,133,294,92,1
tumor_008,1,large_component,0.6,50,0.99,3,7122,745,351,22,1
tumor_008,1,micro_cluster,0.6,50,0.99,3,7122,745,351,22,1
tumor_008,1,hybrid,0.6,50,0.99,3,7122,745,351,22,1
tumor_009,1,large_component,0.6,50,0.99,3,34483,17038,10881,2804,1
tumor_009,1,micro_cluster,0.6,50,0.99,3,34483,17038,10881,2804,1
tumor_009,1,hybrid,0.6,50,0.99,3,34483,17038,10881,2804,1
tumor_010,1,large_component,0.6,50,0.99,3,4972,164,359,29,1
tumor_010,1,micro_cluster,0.6,50,0.99,3,4972,164,359,29,1
tumor_010,1,hybrid,0.6,50,0.99,3,4972,164,359,29,1
normal_001,0,large_component,0.6,50,0.99,3,105,15,1,1,0
normal_001,0,micro_cluster,0.6,50,0.99,3,105,15,1,1,0
normal_001,0,hybrid,0.6,50,0.99,3,105,15,1,1,0
normal_002,0,large_component,0.6,50,0.99,3,329,18,8,1,0
normal_002,0,micro_cluster,0.6,50,0.99,3,329,18,8,1,0
normal_002,0,hybrid,0.6,50,0.99,3,329,18,8,1,0
normal_003,0,large_component,0.6,50,0.99,3,389,14,8,1,0
normal_003,0,micro_cluster,0.6,50,0.99,3,389,14,8,1,0
normal_003,0,hybrid,0.6,50,0.99,3,389,14,8,1,0
normal_004,0,large_component,0.6,50,0.99,3,152,9,9,2,0
normal_004,0,micro_cluster,0.6,50,0.99,3,152,9,9,2,0
normal_004,0,hybrid,0.6,50,0.99,3,152,9,9,2,0
normal_005,0,large_component,0.6,50,0.99,3,205,20,6,2,0
normal_005,0,micro_cluster,0.6,50,0.99,3,205,20,6,2,0
normal_005,0,hybrid,0.6,50,0.99,3,205,20,6,2,0
normal_006,0,large_component,0.6,50,0.99,3,138,12,9,4,0
normal_006,0,micro_cluster,0.6,50,0.99,3,138,12,9,4,1
normal_006,0,hybrid,0.6,50,0.99,3,138,12,9,4,1
normal_007,0,large_component,0.6,50,0.99,3,163,19,11,7,0
normal_007,0,micro_cluster,0.6,50,0.99,3,163,19,11,7,1
normal_007,0,hybrid,0.6,50,0.99,3,163,19,11,7,1
normal_008,0,large_component,0.6,50,0.99,3,207,25,10,6,0
normal_008,0,micro_cluster,0.6,50,0.99,3,207,25,10,6,1
normal_008,0,hybrid,0.6,50,0.99,3,207,25,10,6,1
normal_009,0,large_component,0.6,50,0.99,3,540,12,10,3,0
normal_009,0,micro_cluster,0.6,50,0.99,3,540,12,10,3,1
normal_009,0,hybrid,0.6,50,0.99,3,540,12,10,3,1
normal_010,0,large_component,0.6,50,0.99,3,241,24,15,4,0
normal_010,0,micro_cluster,0.6,50,0.99,3,241,24,15,4,1
normal_010,0,hybrid,0.6,50,0.99,3,241,24,15,4,1
tumor_001,1,large_component,0.6,50,0.99,5,5375,1389,1271,697,1
tumor_001,1,micro_cluster,0.6,50,0.99,5,5375,1389,1271,697,1
tumor_001,1,hybrid,0.6,50,0.99,5,5375,1389,1271,697,1
tumor_002,1,large_component,0.6,50,0.99,5,1060,33,40,7,0
tumor_002,1,micro_cluster,0.6,50,0.99,5,1060,33,40,7,1
tumor_002,1,hybrid,0.6,50,0.99,5,1060,33,40,7,1
tumor_003,1,large_component,0.6,50,0.99,5,1827,329,471,266,1
tumor_003,1,micro_cluster,0.6,50,0.99,5,1827,329,471,266,1
tumor_003,1,hybrid,0.6,50,0.99,5,1827,329,471,266,1
tumor_004,1,large_component,0.6,50,0.99,5,704,48,63,23,0
tumor_004,1,micro_cluster,0.6,50,0.99,5,704,48,63,23,1
tumor_004,1,hybrid,0.6,50,0.99,5,704,48,63,23,1
tumor_005,1,large_component,0.6,50,0.99,5,332,106,117,78,1
tumor_005,1,micro_cluster,0.6,50,0.99,5,332,106,117,78,1
tumor_005,1,hybrid,0.6,50,0.99,5,332,106,117,78,1
tumor_006,1,large_component,0.6,50,0.99,5,3447,76,227,44,1
tumor_006,1,micro_cluster,0.6,50,0.99,5,3447,76,227,44,1
tumor_006,1,hybrid,0.6,50,0.99,5,3447,76,227,44,1
tumor_007,1,large_component,0.6,50,0.99,5,4022,133,294,92,1
tumor_007,1,micro_cluster,0.6,50,0.99,5,4022,133,294,92,1
tumor_007,1,hybrid,0.6,50,0.99,5,4022,133,294,92,1
tumor_008,1,large_component,0.6,50,0.99,5,7122,745,351,22,1
tumor_008,1,micro_cluster,0.6,50,0.99,5,7122,745,351,22,1
tumor_008,1,hybrid,0.6,50,0.99,5,7122,745,351,22,1
tumor_009,1,large_component,0.6,50,0.99,5,34483,17038,10881,2804,1
tumor_009,1,micro_cluster,0.6,50,0.99,5,34483,17038,10881,2804,1
tumor_009,1,hybrid,0.6,50,0.99,5,34483,17038,10881,2804,1
tumor_010,1,large_component,0.6,50,0.99,5,4972,164,359,29,1
tumor_010,1,micro_cluster,0.6,50,0.99,5,4972,164,359,29,1
tumor_010,1,hybrid,0.6,50,0.99,5,4972,164,359,29,1
normal_001,0,large_component,0.6,50,0.99,5,105,15,1,1,0
normal_001,0,micro_cluster,0.6,50,0.99,5,105,15,1,1,0
normal_001,0,hybrid,0.6,50,0.99,5,105,15,1,1,0
normal_002,0,large_component,0.6,50,0.99,5,329,18,8,1,0
normal_002,0,micro_cluster,0.6,50,0.99,5,329,18,8,1,0
normal_002,0,hybrid,0.6,50,0.99,5,329,18,8,1,0
normal_003,0,large_component,0.6,50,0.99,5,389,14,8,1,0
normal_003,0,micro_cluster,0.6,50,0.99,5,389,14,8,1,0
normal_003,0,hybrid,0.6,50,0.99,5,389,14,8,1,0
normal_004,0,large_component,0.6,50,0.99,5,152,9,9,2,0
normal_004,0,micro_cluster,0.6,50,0.99,5,152,9,9,2,0
normal_004,0,hybrid,0.6,50,0.99,5,152,9,9,2,0
normal_005,0,large_component,0.6,50,0.99,5,205,20,6,2,0
normal_005,0,micro_cluster,0.6,50,0.99,5,205,20,6,2,0
normal_005,0,hybrid,0.6,50,0.99,5,205,20,6,2,0
normal_006,0,large_component,0.6,50,0.99,5,138,12,9,4,0
normal_006,0,micro_cluster,0.6,50,0.99,5,138,12,9,4,0
normal_006,0,hybrid,0.6,50,0.99,5,138,12,9,4,0
normal_007,0,large_component,0.6,50,0.99,5,163,19,11,7,0
normal_007,0,micro_cluster,0.6,50,0.99,5,163,19,11,7,1
normal_007,0,hybrid,0.6,50,0.99,5,163,19,11,7,1
normal_008,0,large_component,0.6,50,0.99,5,207,25,10,6,0
normal_008,0,micro_cluster,0.6,50,0.99,5,207,25,10,6,1
normal_008,0,hybrid,0.6,50,0.99,5,207,25,10,6,1
normal_009,0,large_component,0.6,50,0.99,5,540,12,10,3,0
normal_009,0,micro_cluster,0.6,50,0.99,5,540,12,10,3,0
normal_009,0,hybrid,0.6,50,0.99,5,540,12,10,3,0
normal_010,0,large_component,0.6,50,0.99,5,241,24,15,4,0
normal_010,0,micro_cluster,0.6,50,0.99,5,241,24,15,4,0
normal_010,0,hybrid,0.6,50,0.99,5,241,24,15,4,0
tumor_001,1,large_component,0.6,50,0.98,2,5375,1389,1567,738,1
tumor_001,1,micro_cluster,0.6,50,0.98,2,5375,1389,1567,738,1
tumor_001,1,hybrid,0.6,50,0.98,2,5375,1389,1567,738,1
tumor_002,1,large_component,0.6,50,0.98,2,1060,33,72,7,0
tumor_002,1,micro_cluster,0.6,50,0.98,2,1060,33,72,7,1
tumor_002,1,hybrid,0.6,50,0.98,2,1060,33,72,7,1
tumor_003,1,large_component,0.6,50,0.98,2,1827,329,521,280,1
tumor_003,1,micro_cluster,0.6,50,0.98,2,1827,329,521,280,1
tumor_003,1,hybrid,0.6,50,0.98,2,1827,329,521,280,1
tumor_004,1,large_component,0.6,50,0.98,2,704,48,83,28,0
tumor_004,1,micro_cluster,0.6,50,0.98,2,704,48,83,28,1
tumor_004,1,hybrid,0.6,50,0.98,2,704,48,83,28,1
tumor_005,1,large_component,0.6,50,0.98,2,332,106,126,82,1
tumor_005,1,micro_cluster,0.6,50,0.98,2,332,106,126,82,1
tumor_005,1,hybrid,0.6,50,0.98,2,332,106,126,82,1
tumor_006,1,large_component,0.6,50,0.98,2,3447,76,332,46,1
tumor_006,1,micro_cluster,0.6,50,0.98,2,3447,76,332,46,1
tumor_006,1,hybrid,0.6,50,0.98,2,3447,76,332,46,1
tumor_007,1,large_component,0.6,50,0.98,2,4022,133,428,96,1
tumor_007,1,micro_cluster,0.6,50,0.98,2,4022,133,428,96,1
tumor_007,1,hybrid,0.6,50,0.98,2,4022,133,428,96,1
tumor_008,1,large_component,0.6,50,0.98,2,7122,745,592,33,1
tumor_008,1,micro_cluster,0.6,50,0.98,2,7122,745,592,33,1
tumor_008,1,hybrid,0.6,50,0.98,2,7122,745,592,33,1
tumor_009,1,large_component,0.6,50,0.98,2,34483,17038,13988,3907,1
tumor_009,1,micro_cluster,0.6,50,0.98,2,34483,17038,13988,3907,1
tumor_009,1,hybrid,0.6,50,0.98,2,34483,17038,13988,3907,1
tumor_010,1,large_component,0.6,50,0.98,2,4972,164,575,31,1
tumor_010,1,micro_cluster,0.6,50,0.98,2,4972,164,575,31,1
tumor_010,1,hybrid,0.6,50,0.98,2,4972,164,575,31,1
normal_001,0,large_component,0.6,50,0.98,2,105,15,4,2,0
normal_001,0,micro_cluster,0.6,50,0.98,2,105,15,4,2,1
normal_001,0,hybrid,0.6,50,0.98,2,105,15,4,2,1
normal_002,0,large_component,0.6,50,0.98,2,329,18,14,2,0
normal_002,0,micro_cluster,0.6,50,0.98,2,329,18,14,2,1
normal_002,0,hybrid,0.6,50,0.98,2,329,18,14,2,1
normal_003,0,large_component,0.6,50,0.98,2,389,14,17,2,0
normal_003,0,micro_cluster,0.6,50,0.98,2,389,14,17,2,1
normal_003,0,hybrid,0.6,50,0.98,2,389,14,17,2,1
normal_004,0,large_component,0.6,50,0.98,2,152,9,14,3,0
normal_004,0,micro_cluster,0.6,50,0.98,2,152,9,14,3,1
normal_004,0,hybrid,0.6,50,0.98,2,152,9,14,3,1
normal_005,0,large_component,0.6,50,0.98,2,205,20,17,3,0
normal_005,0,micro_cluster,0.6,50,0.98,2,205,20,17,3,1
normal_005,0,hybrid,0.6,50,0.98,2,205,20,17,3,1
normal_006,0,large_component,0.6,50,0.98,2,138,12,14,4,0
normal_006,0,micro_cluster,0.6,50,0.98,2,138,12,14,4,1
normal_006,0,hybrid,0.6,50,0.98,2,138,12,14,4,1
normal_007,0,large_component,0.6,50,0.98,2,163,19,18,8,0
normal_007,0,micro_cluster,0.6,50,0.98,2,163,19,18,8,1
normal_007,0,hybrid,0.6,50,0.98,2,163,19,18,8,1
normal_008,0,large_component,0.6,50,0.98,2,207,25,22,8,0
normal_008,0,micro_cluster,0.6,50,0.98,2,207,25,22,8,1
normal_008,0,hybrid,0.6,50,0.98,2,207,25,22,8,1
normal_009,0,large_component,0.6,50,0.98,2,540,12,20,4,0
normal_009,0,micro_cluster,0.6,50,0.98,2,540,12,20,4,1
normal_009,0,hybrid,0.6,50,0.98,2,540,12,20,4,1
normal_010,0,large_component,0.6,50,0.98,2,241,24,22,4,0
normal_010,0,micro_cluster,0.6,50,0.98,2,241,24,22,4,1
normal_010,0,hybrid,0.6,50,0.98,2,241,24,22,4,1
tumor_001,1,large_component,0.6,50,0.98,3,5375,1389,1567,738,1
tumor_001,1,micro_cluster,0.6,50,0.98,3,5375,1389,1567,738,1
tumor_001,1,hybrid,0.6,50,0.98,3,5375,1389,1567,738,1
tumor_002,1,large_component,0.6,50,0.98,3,1060,33,72,7,0
tumor_002,1,micro_cluster,0.6,50,0.98,3,1060,33,72,7,1
tumor_002,1,hybrid,0.6,50,0.98,3,1060,33,72,7,1
tumor_003,1,large_component,0.6,50,0.98,3,1827,329,521,280,1
tumor_003,1,micro_cluster,0.6,50,0.98,3,1827,329,521,280,1
tumor_003,1,hybrid,0.6,50,0.98,3,1827,329,521,280,1
tumor_004,1,large_component,0.6,50,0.98,3,704,48,83,28,0
tumor_004,1,micro_cluster,0.6,50,0.98,3,704,48,83,28,1
tumor_004,1,hybrid,0.6,50,0.98,3,704,48,83,28,1
tumor_005,1,large_component,0.6,50,0.98,3,332,106,126,82,1
tumor_005,1,micro_cluster,0.6,50,0.98,3,332,106,126,82,1
tumor_005,1,hybrid,0.6,50,0.98,3,332,106,126,82,1
tumor_006,1,large_component,0.6,50,0.98,3,3447,76,332,46,1
tumor_006,1,micro_cluster,0.6,50,0.98,3,3447,76,332,46,1
tumor_006,1,hybrid,0.6,50,0.98,3,3447,76,332,46,1
tumor_007,1,large_component,0.6,50,0.98,3,4022,133,428,96,1
tumor_007,1,micro_cluster,0.6,50,0.98,3,4022,133,428,96,1
tumor_007,1,hybrid,0.6,50,0.98,3,4022,133,428,96,1
tumor_008,1,large_component,0.6,50,0.98,3,7122,745,592,33,1
tumor_008,1,micro_cluster,0.6,50,0.98,3,7122,745,592,33,1
tumor_008,1,hybrid,0.6,50,0.98,3,7122,745,592,33,1
tumor_009,1,large_component,0.6,50,0.98,3,34483,17038,13988,3907,1
tumor_009,1,micro_cluster,0.6,50,0.98,3,34483,17038,13988,3907,1
tumor_009,1,hybrid,0.6,50,0.98,3,34483,17038,13988,3907,1
tumor_010,1,large_component,0.6,50,0.98,3,4972,164,575,31,1
tumor_010,1,micro_cluster,0.6,50,0.98,3,4972,164,575,31,1
tumor_010,1,hybrid,0.6,50,0.98,3,4972,164,575,31,1
normal_001,0,large_component,0.6,50,0.98,3,105,15,4,2,0
normal_001,0,micro_cluster,0.6,50,0.98,3,105,15,4,2,0
normal_001,0,hybrid,0.6,50,0.98,3,105,15,4,2,0
normal_002,0,large_component,0.6,50,0.98,3,329,18,14,2,0
normal_002,0,micro_cluster,0.6,50,0.98,3,329,18,14,2,0
normal_002,0,hybrid,0.6,50,0.98,3,329,18,14,2,0
normal_003,0,large_component,0.6,50,0.98,3,389,14,17,2,0
normal_003,0,micro_cluster,0.6,50,0.98,3,389,14,17,2,0
normal_003,0,hybrid,0.6,50,0.98,3,389,14,17,2,0
normal_004,0,large_component,0.6,50,0.98,3,152,9,14,3,0
normal_004,0,micro_cluster,0.6,50,0.98,3,152,9,14,3,1
normal_004,0,hybrid,0.6,50,0.98,3,152,9,14,3,1
normal_005,0,large_component,0.6,50,0.98,3,205,20,17,3,0
normal_005,0,micro_cluster,0.6,50,0.98,3,205,20,17,3,1
normal_005,0,hybrid,0.6,50,0.98,3,205,20,17,3,1
normal_006,0,large_component,0.6,50,0.98,3,138,12,14,4,0
normal_006,0,micro_cluster,0.6,50,0.98,3,138,12,14,4,1
normal_006,0,hybrid,0.6,50,0.98,3,138,12,14,4,1
normal_007,0,large_component,0.6,50,0.98,3,163,19,18,8,0
normal_007,0,micro_cluster,0.6,50,0.98,3,163,19,18,8,1
normal_007,0,hybrid,0.6,50,0.98,3,163,19,18,8,1
normal_008,0,large_component,0.6,50,0.98,3,207,25,22,8,0
normal_008,0,micro_cluster,0.6,50,0.98,3,207,25,22,8,1
normal_008,0,hybrid,0.6,50,0.98,3,207,25,22,8,1
normal_009,0,large_component,0.6,50,0.98,3,540,12,20,4,0
normal_009,0,micro_cluster,0.6,50,0.98,3,540,12,20,4,1
normal_009,0,hybrid,0.6,50,0.98,3,540,12,20,4,1
normal_010,0,large_component,0.6,50,0.98,3,241,24,22,4,0
normal_010,0,micro_cluster,0.6,50,0.98,3,241,24,22,4,1
normal_010,0,hybrid,0.6,50,0.98,3,241,24,22,4,1
tumor_001,1,large_component,0.6,50,0.98,5,5375,1389,1567,738,1
tumor_001,1,micro_cluster,0.6,50,0.98,5,5375,1389,1567,738,1
tumor_001,1,hybrid,0.6,50,0.98,5,5375,1389,1567,738,1
tumor_002,1,large_component,0.6,50,0.98,5,1060,33,72,7,0
tumor_002,1,micro_cluster,0.6,50,0.98,5,1060,33,72,7,1
tumor_002,1,hybrid,0.6,50,0.98,5,1060,33,72,7,1
tumor_003,1,large_component,0.6,50,0.98,5,1827,329,521,280,1
tumor_003,1,micro_cluster,0.6,50,0.98,5,1827,329,521,280,1
tumor_003,1,hybrid,0.6,50,0.98,5,1827,329,521,280,1
tumor_004,1,large_component,0.6,50,0.98,5,704,48,83,28,0
tumor_004,1,micro_cluster,0.6,50,0.98,5,704,48,83,28,1
tumor_004,1,hybrid,0.6,50,0.98,5,704,48,83,28,1
tumor_005,1,large_component,0.6,50,0.98,5,332,106,126,82,1
tumor_005,1,micro_cluster,0.6,50,0.98,5,332,106,126,82,1
tumor_005,1,hybrid,0.6,50,0.98,5,332,106,126,82,1
tumor_006,1,large_component,0.6,50,0.98,5,3447,76,332,46,1
tumor_006,1,micro_cluster,0.6,50,0.98,5,3447,76,332,46,1
tumor_006,1,hybrid,0.6,50,0.98,5,3447,76,332,46,1
tumor_007,1,large_component,0.6,50,0.98,5,4022,133,428,96,1
tumor_007,1,micro_cluster,0.6,50,0.98,5,4022,133,428,96,1
tumor_007,1,hybrid,0.6,50,0.98,5,4022,133,428,96,1
tumor_008,1,large_component,0.6,50,0.98,5,7122,745,592,33,1
tumor_008,1,micro_cluster,0.6,50,0.98,5,7122,745,592,33,1
tumor_008,1,hybrid,0.6,50,0.98,5,7122,745,592,33,1
tumor_009,1,large_component,0.6,50,0.98,5,34483,17038,13988,3907,1
tumor_009,1,micro_cluster,0.6,50,0.98,5,34483,17038,13988,3907,1
tumor_009,1,hybrid,0.6,50,0.98,5,34483,17038,13988,3907,1
tumor_010,1,large_component,0.6,50,0.98,5,4972,164,575,31,1
tumor_010,1,micro_cluster,0.6,50,0.98,5,4972,164,575,31,1
tumor_010,1,hybrid,0.6,50,0.98,5,4972,164,575,31,1
normal_001,0,large_component,0.6,50,0.98,5,105,15,4,2,0
normal_001,0,micro_cluster,0.6,50,0.98,5,105,15,4,2,0
normal_001,0,hybrid,0.6,50,0.98,5,105,15,4,2,0
normal_002,0,large_component,0.6,50,0.98,5,329,18,14,2,0
normal_002,0,micro_cluster,0.6,50,0.98,5,329,18,14,2,0
normal_002,0,hybrid,0.6,50,0.98,5,329,18,14,2,0
normal_003,0,large_component,0.6,50,0.98,5,389,14,17,2,0
normal_003,0,micro_cluster,0.6,50,0.98,5,389,14,17,2,0
normal_003,0,hybrid,0.6,50,0.98,5,389,14,17,2,0
normal_004,0,large_component,0.6,50,0.98,5,152,9,14,3,0
normal_004,0,micro_cluster,0.6,50,0.98,5,152,9,14,3,0
normal_004,0,hybrid,0.6,50,0.98,5,152,9,14,3,0
normal_005,0,large_component,0.6,50,0.98,5,205,20,17,3,0
normal_005,0,micro_cluster,0.6,50,0.98,5,205,20,17,3,0
normal_005,0,hybrid,0.6,50,0.98,5,205,20,17,3,0
normal_006,0,large_component,0.6,50,0.98,5,138,12,14,4,0
normal_006,0,micro_cluster,0.6,50,0.98,5,138,12,14,4,0
normal_006,0,hybrid,0.6,50,0.98,5,138,12,14,4,0
normal_007,0,large_component,0.6,50,0.98,5,163,19,18,8,0
normal_007,0,micro_cluster,0.6,50,0.98,5,163,19,18,8,1
normal_007,0,hybrid,0.6,50,0.98,5,163,19,18,8,1
normal_008,0,large_component,0.6,50,0.98,5,207,25,22,8,0
normal_008,0,micro_cluster,0.6,50,0.98,5,207,25,22,8,1
normal_008,0,hybrid,0.6,50,0.98,5,207,25,22,8,1
normal_009,0,large_component,0.6,50,0.98,5,540,12,20,4,0
normal_009,0,micro_cluster,0.6,50,0.98,5,540,12,20,4,0
normal_009,0,hybrid,0.6,50,0.98,5,540,12,20,4,0
normal_010,0,large_component,0.6,50,0.98,5,241,24,22,4,0
normal_010,0,micro_cluster,0.6,50,0.98,5,241,24,22,4,0
normal_010,0,hybrid,0.6,50,0.98,5,241,24,22,4,0
tumor_001,1,large_component,0.6,50,0.95,2,5375,1389,2145,818,1
tumor_001,1,micro_cluster,0.6,50,0.95,2,5375,1389,2145,818,1
tumor_001,1,hybrid,0.6,50,0.95,2,5375,1389,2145,818,1
tumor_002,1,large_component,0.6,50,0.95,2,1060,33,163,9,0
tumor_002,1,micro_cluster,0.6,50,0.95,2,1060,33,163,9,1
tumor_002,1,hybrid,0.6,50,0.95,2,1060,33,163,9,1
tumor_003,1,large_component,0.6,50,0.95,2,1827,329,652,299,1
tumor_003,1,micro_cluster,0.6,50,0.95,2,1827,329,652,299,1
tumor_003,1,hybrid,0.6,50,0.95,2,1827,329,652,299,1
tumor_004,1,large_component,0.6,50,0.95,2,704,48,143,37,0
tumor_004,1,micro_cluster,0.6,50,0.95,2,704,48,143,37,1
tumor_004,1,hybrid,0.6,50,0.95,2,704,48,143,37,1
tumor_005,1,large_component,0.6,50,0.95,2,332,106,145,89,1
tumor_005,1,micro_cluster,0.6,50,0.95,2,332,106,145,89,1
tumor_005,1,hybrid,0.6,50,0.95,2,332,106,145,89,1
tumor_006,1,large_component,0.6,50,0.95,2,3447,76,660,51,1
tumor_006,1,micro_cluster,0.6,50,0.95,2,3447,76,660,51,1
tumor_006,1,hybrid,0.6,50,0.95,2,3447,76,660,51,1
tumor_007,1,large_component,0.6,50,0.95,2,4022,133,776,101,1
tumor_007,1,micro_cluster,0.6,50,0.95,2,4022,133,776,101,1
tumor_007,1,hybrid,0.6,50,0.95,2,4022,133,776,101,1
tumor_008,1,large_component,0.6,50,0.95,2,7122,745,1187,65,1
tumor_008,1,micro_cluster,0.6,50,0.95,2,7122,745,1187,65,1
tumor_008,1,hybrid,0.6,50,0.95,2,7122,745,1187,65,1
tumor_009,1,large_component,0.6,50,0.95,2,34483,17038,18879,5106,1
tumor_009,1,micro_cluster,0.6,50,0.95,2,34483,17038,18879,5106,1
tumor_009,1,hybrid,0.6,50,0.95,2,34483,17038,18879,5106,1
tumor_010,1,large_component,0.6,50,0.95,2,4972,164,1075,37,1
tumor_010,1,micro_cluster,0.6,50,0.95,2,4972,164,1075,37,1
tumor_010,1,hybrid,0.6,50,0.95,2,4972,164,1075,37,1
normal_001,0,large_component,0.6,50,0.95,2,105,15,11,4,0
normal_001,0,micro_cluster,0.6,50,0.95,2,105,15,11,4,1
normal_001,0,hybrid,0.6,50,0.95,2,105,15,11,4,1
normal_002,0,large_component,0.6,50,0.95,2,329,18,30,6,0
normal_002,0,micro_cluster,0.6,50,0.95,2,329,18,30,6,1
normal_002,0,hybrid,0.6,50,0.95,2,329,18,30,6,1
normal_003,0,large_component,0.6,50,0.95,2,389,14,45,3,0
normal_003,0,micro_cluster,0.6,50,0.95,2,389,14,45,3,1
normal_003,0,hybrid,0.6,50,0.95,2,389,14,45,3,1
normal_004,0,large_component,0.6,50,0.95,2,152,9,27,3,0
normal_004,0,micro_cluster,0.6,50,0.95,2,152,9,27,3,1
normal_004,0,hybrid,0.6,50,0.95,2,152,9,27,3,1
normal_005,0,large_component,0.6,50,0.95,2,205,20,35,4,0
normal_005,0,micro_cluster,0.6,50,0.95,2,205,20,35,4,1
normal_005,0,hybrid,0.6,50,0.95,2,205,20,35,4,1
normal_006,0,large_component,0.6,50,0.95,2,138,12,30,6,0
normal_006,0,micro_cluster,0.6,50,0.95,2,138,12,30,6,1
normal_006,0,hybrid,0.6,50,0.95,2,138,12,30,6,1
normal_007,0,large_component,0.6,50,0.95,2,163,19,23,10,0
normal_007,0,micro_cluster,0.6,50,0.95,2,163,19,23,10,1
normal_007,0,hybrid,0.6,50,0.95,2,163,19,23,10,1
normal_008,0,large_component,0.6,50,0.95,2,207,25,47,11,0
normal_008,0,micro_cluster,0.6,50,0.95,2,207,25,47,11,1
normal_008,0,hybrid,0.6,50,0.95,2,207,25,47,11,1
normal_009,0,large_component,0.6,50,0.95,2,540,12,43,4,0
normal_009,0,micro_cluster,0.6,50,0.95,2,540,12,43,4,1
normal_009,0,hybrid,0.6,50,0.95,2,540,12,43,4,1
normal_010,0,large_component,0.6,50,0.95,2,241,24,43,6,0
normal_010,0,micro_cluster,0.6,50,0.95,2,241,24,43,6,1
normal_010,0,hybrid,0.6,50,0.95,2,241,24,43,6,1
tumor_001,1,large_component,0.6,50,0.95,3,5375,1389,2145,818,1
tumor_001,1,micro_cluster,0.6,50,0.95,3,5375,1389,2145,818,1
tumor_001,1,hybrid,0.6,50,0.95,3,5375,1389,2145,818,1
tumor_002,1,large_component,0.6,50,0.95,3,1060,33,163,9,0
tumor_002,1,micro_cluster,0.6,50,0.95,3,1060,33,163,9,1
tumor_002,1,hybrid,0.6,50,0.95,3,1060,33,163,9,1
tumor_003,1,large_component,0.6,50,0.95,3,1827,329,652,299,1
tumor_003,1,micro_cluster,0.6,50,0.95,3,1827,329,652,299,1
tumor_003,1,hybrid,0.6,50,0.95,3,1827,329,652,299,1
tumor_004,1,large_component,0.6,50,0.95,3,704,48,143,37,0
tumor_004,1,micro_cluster,0.6,50,0.95,3,704,48,143,37,1
tumor_004,1,hybrid,0.6,50,0.95,3,704,48,143,37,1
tumor_005,1,large_component,0.6,50,0.95,3,332,106,145,89,1
tumor_005,1,micro_cluster,0.6,50,0.95,3,332,106,145,89,1
tumor_005,1,hybrid,0.6,50,0.95,3,332,106,145,89,1
tumor_006,1,large_component,0.6,50,0.95,3,3447,76,660,51,1
tumor_006,1,micro_cluster,0.6,50,0.95,3,3447,76,660,51,1
tumor_006,1,hybrid,0.6,50,0.95,3,3447,76,660,51,1
tumor_007,1,large_component,0.6,50,0.95,3,4022,133,776,101,1
tumor_007,1,micro_cluster,0.6,50,0.95,3,4022,133,776,101,1
tumor_007,1,hybrid,0.6,50,0.95,3,4022,133,776,101,1
tumor_008,1,large_component,0.6,50,0.95,3,7122,745,1187,65,1
tumor_008,1,micro_cluster,0.6,50,0.95,3,7122,745,1187,65,1
tumor_008,1,hybrid,0.6,50,0.95,3,7122,745,1187,65,1
tumor_009,1,large_component,0.6,50,0.95,3,34483,17038,18879,5106,1
tumor_009,1,micro_cluster,0.6,50,0.95,3,34483,17038,18879,5106,1
tumor_009,1,hybrid,0.6,50,0.95,3,34483,17038,18879,5106,1
tumor_010,1,large_component,0.6,50,0.95,3,4972,164,1075,37,1
tumor_010,1,micro_cluster,0.6,50,0.95,3,4972,164,1075,37,1
tumor_010,1,hybrid,0.6,50,0.95,3,4972,164,1075,37,1
normal_001,0,large_component,0.6,50,0.95,3,105,15,11,4,0
normal_001,0,micro_cluster,0.6,50,0.95,3,105,15,11,4,1
normal_001,0,hybrid,0.6,50,0.95,3,105,15,11,4,1
normal_002,0,large_component,0.6,50,0.95,3,329,18,30,6,0
normal_002,0,micro_cluster,0.6,50,0.95,3,329,18,30,6,1
normal_002,0,hybrid,0.6,50,0.95,3,329,18,30,6,1
normal_003,0,large_component,0.6,50,0.95,3,389,14,45,3,0
normal_003,0,micro_cluster,0.6,50,0.95,3,389,14,45,3,1
normal_003,0,hybrid,0.6,50,0.95,3,389,14,45,3,1
normal_004,0,large_component,0.6,50,0.95,3,152,9,27,3,0
normal_004,0,micro_cluster,0.6,50,0.95,3,152,9,27,3,1
normal_004,0,hybrid,0.6,50,0.95,3,152,9,27,3,1
normal_005,0,large_component,0.6,50,0.95,3,205,20,35,4,0
normal_005,0,micro_cluster,0.6,50,0.95,3,205,20,35,4,1
normal_005,0,hybrid,0.6,50,0.95,3,205,20,35,4,1
normal_006,0,large_component,0.6,50,0.95,3,138,12,30,6,0
normal_006,0,micro_cluster,0.6,50,0.95,3,138,12,30,6,1
normal_006,0,hybrid,0.6,50,0.95,3,138,12,30,6,1
normal_007,0,large_component,0.6,50,0.95,3,163,19,23,10,0
normal_007,0,micro_cluster,0.6,50,0.95,3,163,19,23,10,1
normal_007,0,hybrid,0.6,50,0.95,3,163,19,23,10,1
normal_008,0,large_component,0.6,50,0.95,3,207,25,47,11,0
normal_008,0,micro_cluster,0.6,50,0.95,3,207,25,47,11,1
normal_008,0,hybrid,0.6,50,0.95,3,207,25,47,11,1
normal_009,0,large_component,0.6,50,0.95,3,540,12,43,4,0
normal_009,0,micro_cluster,0.6,50,0.95,3,540,12,43,4,1
normal_009,0,hybrid,0.6,50,0.95,3,540,12,43,4,1
normal_010,0,large_component,0.6,50,0.95,3,241,24,43,6,0
normal_010,0,micro_cluster,0.6,50,0.95,3,241,24,43,6,1
normal_010,0,hybrid,0.6,50,0.95,3,241,24,43,6,1
tumor_001,1,large_component,0.6,50,0.95,5,5375,1389,2145,818,1
tumor_001,1,micro_cluster,0.6,50,0.95,5,5375,1389,2145,818,1
tumor_001,1,hybrid,0.6,50,0.95,5,5375,1389,2145,818,1
tumor_002,1,large_component,0.6,50,0.95,5,1060,33,163,9,0
tumor_002,1,micro_cluster,0.6,50,0.95,5,1060,33,163,9,1
tumor_002,1,hybrid,0.6,50,0.95,5,1060,33,163,9,1
tumor_003,1,large_component,0.6,50,0.95,5,1827,329,652,299,1
tumor_003,1,micro_cluster,0.6,50,0.95,5,1827,329,652,299,1
tumor_003,1,hybrid,0.6,50,0.95,5,1827,329,652,299,1
tumor_004,1,large_component,0.6,50,0.95,5,704,48,143,37,0
tumor_004,1,micro_cluster,0.6,50,0.95,5,704,48,143,37,1
tumor_004,1,hybrid,0.6,50,0.95,5,704,48,143,37,1
tumor_005,1,large_component,0.6,50,0.95,5,332,106,145,89,1
tumor_005,1,micro_cluster,0.6,50,0.95,5,332,106,145,89,1
tumor_005,1,hybrid,0.6,50,0.95,5,332,106,145,89,1
tumor_006,1,large_component,0.6,50,0.95,5,3447,76,660,51,1
tumor_006,1,micro_cluster,0.6,50,0.95,5,3447,76,660,51,1
tumor_006,1,hybrid,0.6,50,0.95,5,3447,76,660,51,1
tumor_007,1,large_component,0.6,50,0.95,5,4022,133,776,101,1
tumor_007,1,micro_cluster,0.6,50,0.95,5,4022,133,776,101,1
tumor_007,1,hybrid,0.6,50,0.95,5,4022,133,776,101,1
tumor_008,1,large_component,0.6,50,0.95,5,7122,745,1187,65,1
tumor_008,1,micro_cluster,0.6,50,0.95,5,7122,745,1187,65,1
tumor_008,1,hybrid,0.6,50,0.95,5,7122,745,1187,65,1
tumor_009,1,large_component,0.6,50,0.95,5,34483,17038,18879,5106,1
tumor_009,1,micro_cluster,0.6,50,0.95,5,34483,17038,18879,5106,1
tumor_009,1,hybrid,0.6,50,0.95,5,34483,17038,18879,5106,1
tumor_010,1,large_component,0.6,50,0.95,5,4972,164,1075,37,1
tumor_010,1,micro_cluster,0.6,50,0.95,5,4972,164,1075,37,1
tumor_010,1,hybrid,0.6,50,0.95,5,4972,164,1075,37,1
normal_001,0,large_component,0.6,50,0.95,5,105,15,11,4,0
normal_001,0,micro_cluster,0.6,50,0.95,5,105,15,11,4,0
normal_001,0,hybrid,0.6,50,0.95,5,105,15,11,4,0
normal_002,0,large_component,0.6,50,0.95,5,329,18,30,6,0
normal_002,0,micro_cluster,0.6,50,0.95,5,329,18,30,6,1
normal_002,0,hybrid,0.6,50,0.95,5,329,18,30,6,1
normal_003,0,large_component,0.6,50,0.95,5,389,14,45,3,0
normal_003,0,micro_cluster,0.6,50,0.95,5,389,14,45,3,0
normal_003,0,hybrid,0.6,50,0.95,5,389,14,45,3,0
normal_004,0,large_component,0.6,50,0.95,5,152,9,27,3,0
normal_004,0,micro_cluster,0.6,50,0.95,5,152,9,27,3,0
normal_004,0,hybrid,0.6,50,0.95,5,152,9,27,3,0
normal_005,0,large_component,0.6,50,0.95,5,205,20,35,4,0
normal_005,0,micro_cluster,0.6,50,0.95,5,205,20,35,4,0
normal_005,0,hybrid,0.6,50,0.95,5,205,20,35,4,0
normal_006,0,large_component,0.6,50,0.95,5,138,12,30,6,0
normal_006,0,micro_cluster,0.6,50,0.95,5,138,12,30,6,1
normal_006,0,hybrid,0.6,50,0.95,5,138,12,30,6,1
normal_007,0,large_component,0.6,50,0.95,5,163,19,23,10,0
normal_007,0,micro_cluster,0.6,50,0.95,5,163,19,23,10,1
normal_007,0,hybrid,0.6,50,0.95,5,163,19,23,10,1
normal_008,0,large_component,0.6,50,0.95,5,207,25,47,11,0
normal_008,0,micro_cluster,0.6,50,0.95,5,207,25,47,11,1
normal_008,0,hybrid,0.6,50,0.95,5,207,25,47,11,1
normal_009,0,large_component,0.6,50,0.95,5,540,12,43,4,0
normal_009,0,micro_cluster,0.6,50,0.95,5,540,12,43,4,0
normal_009,0,hybrid,0.6,50,0.95,5,540,12,43,4,0
normal_010,0,large_component,0.6,50,0.95,5,241,24,43,6,0
normal_010,0,micro_cluster,0.6,50,0.95,5,241,24,43,6,1
normal_010,0,hybrid,0.6,50,0.95,5,241,24,43,6,1
tumor_001,1,large_component,0.5,30,0.99,2,6299,1487,1271,697,1
tumor_001,1,micro_cluster,0.5,30,0.99,2,6299,1487,1271,697,1
tumor_001,1,hybrid,0.5,30,0.99,2,6299,1487,1271,697,1
tumor_002,1,large_component,0.5,30,0.99,2,1382,40,40,7,1
tumor_002,1,micro_cluster,0.5,30,0.99,2,1382,40,40,7,1
tumor_002,1,hybrid,0.5,30,0.99,2,1382,40,40,7,1
tumor_003,1,large_component,0.5,30,0.99,2,2268,332,471,266,1
tumor_003,1,micro_cluster,0.5,30,0.99,2,2268,332,471,266,1
tumor_003,1,hybrid,0.5,30,0.99,2,2268,332,471,266,1
tumor_004,1,large_component,0.5,30,0.99,2,955,50,63,23,1
tumor_004,1,micro_cluster,0.5,30,0.99,2,955,50,63,23,1
tumor_004,1,hybrid,0.5,30,0.99,2,955,50,63,23,1
tumor_005,1,large_component,0.5,30,0.99,2,406,138,117,78,1
tumor_005,1,micro_cluster,0.5,30,0.99,2,406,138,117,78,1
tumor_005,1,hybrid,0.5,30,0.99,2,406,138,117,78,1
tumor_006,1,large_component,0.5,30,0.99,2,4426,85,227,44,1
tumor_006,1,micro_cluster,0.5,30,0.99,2,4426,85,227,44,1
tumor_006,1,hybrid,0.5,30,0.99,2,4426,85,227,44,1
tumor_007,1,large_component,0.5,30,0.99,2,5127,139,294,92,1
tumor_007,1,micro_cluster,0.5,30,0.99,2,5127,139,294,92,1
tumor_007,1,hybrid,0.5,30,0.99,2,5127,139,294,92,1
tumor_008,1,large_component,0.5,30,0.99,2,9168,880,351,22,1
tumor_008,1,micro_cluster,0.5,30,0.99,2,9168,880,351,22,1
tumor_008,1,hybrid,0.5,30,0.99,2,9168,880,351,22,1
tumor_009,1,large_component,0.5,30,0.99,2,37186,19924,10881,2804,1
tumor_009,1,micro_cluster,0.5,30,0.99,2,37186,19924,10881,2804,1
tumor_009,1,hybrid,0.5,30,0.99,2,37186,19924,10881,2804,1
tumor_010,1,large_component,0.5,30,0.99,2,6349,220,359,29,1
tumor_010,1,micro_cluster,0.5,30,0.99,2,6349,220,359,29,1
tumor_010,1,hybrid,0.5,30,0.99,2,6349,220,359,29,1
normal_001,0,large_component,0.5,30,0.99,2,140,18,1,1,0
normal_001,0,micro_cluster,0.5,30,0.99,2,140,18,1,1,0
normal_001,0,hybrid,0.5,30,0.99,2,140,18,1,1,0
normal_002,0,large_component,0.5,30,0.99,2,401,19,8,1,0
normal_002,0,micro_cluster,0.5,30,0.99,2,401,19,8,1,0
normal_002,0,hybrid,0.5,30,0.99,2,401,19,8,1,0
normal_003,0,large_component,0.5,30,0.99,2,535,19,8,1,0
normal_003,0,micro_cluster,0.5,30,0.99,2,535,19,8,1,0
normal_003,0,hybrid,0.5,30,0.99,2,535,19,8,1,0
normal_004,0,large_component,0.5,30,0.99,2,192,10,9,2,0
normal_004,0,micro_cluster,0.5,30,0.99,2,192,10,9,2,1
normal_004,0,hybrid,0.5,30,0.99,2,192,10,9,2,1
normal_005,0,large_component,0.5,30,0.99,2,292,20,6,2,0
normal_005,0,micro_cluster,0.5,30,0.99,2,292,20,6,2,1
normal_005,0,hybrid,0.5,30,0.99,2,292,20,6,2,1
normal_006,0,large_component,0.5,30,0.99,2,181,15,9,4,0
normal_006,0,micro_cluster,0.5,30,0.99,2,181,15,9,4,1
normal_006,0,hybrid,0.5,30,0.99,2,181,15,9,4,1
normal_007,0,large_component,0.5,30,0.99,2,240,21,11,7,0
normal_007,0,micro_cluster,0.5,30,0.99,2,240,21,11,7,1
normal_007,0,hybrid,0.5,30,0.99,2,240,21,11,7,1
normal_008,0,large_component,0.5,30,0.99,2,262,30,10,6,1
normal_008,0,micro_cluster,0.5,30,0.99,2,262,30,10,6,1
normal_008,0,hybrid,0.5,30,0.99,2,262,30,10,6,1
normal_009,0,large_component,0.5,30,0.99,2,781,16,10,3,0
normal_009,0,micro_cluster,0.5,30,0.99,2,781,16,10,3,1
normal_009,0,hybrid,0.5,30,0.99,2,781,16,10,3,1
normal_010,0,large_component,0.5,30,0.99,2,316,28,15,4,0
normal_010,0,micro_cluster,0.5,30,0.99,2,316,28,15,4,1
normal_010,0,hybrid,0.5,30,0.99,2,316,28,15,4,1
tumor_001,1,large_component,0.5,30,0.99,3,6299,1487,1271,697,1
tumor_001,1,micro_cluster,0.5,30,0.99,3,6299,1487,1271,697,1
tumor_001,1,hybrid,0.5,30,0.99,3,6299,1487,1271,697,1
tumor_002,1,large_component,0.5,30,0.99,3,1382,40,40,7,1
tumor_002,1,micro_cluster,0.5,30,0.99,3,1382,40,40,7,1
tumor_002,1,hybrid,0.5,30,0.99,3,1382,40,40,7,1
tumor_003,1,large_component,0.5,30,0.99,3,2268,332,471,266,1
tumor_003,1,micro_cluster,0.5,30,0.99,3,2268,332,471,266,1
tumor_003,1,hybrid,0.5,30,0.99,3,2268,332,471,266,1
tumor_004,1,large_component,0.5,30,0.99,3,955,50,63,23,1
tumor_004,1,micro_cluster,0.5,30,0.99,3,955,50,63,23,1
tumor_004,1,hybrid,0.5,30,0.99,3,955,50,63,23,1
tumor_005,1,large_component,0.5,30,0.99,3,406,138,117,78,1
tumor_005,1,micro_cluster,0.5,30,0.99,3,406,138,117,78,1
tumor_005,1,hybrid,0.5,30,0.99,3,406,138,117,78,1
tumor_006,1,large_component,0.5,30,0.99,3,4426,85,227,44,1
tumor_006,1,micro_cluster,0.5,30,0.99,3,4426,85,227,44,1
tumor_006,1,hybrid,0.5,30,0.99,3,4426,85,227,44,1
tumor_007,1,large_component,0.5,30,0.99,3,5127,139,294,92,1
tumor_007,1,micro_cluster,0.5,30,0.99,3,5127,139,294,92,1
tumor_007,1,hybrid,0.5,30,0.99,3,5127,139,294,92,1
tumor_008,1,large_component,0.5,30,0.99,3,9168,880,351,22,1
tumor_008,1,micro_cluster,0.5,30,0.99,3,9168,880,351,22,1
tumor_008,1,hybrid,0.5,30,0.99,3,9168,880,351,22,1
tumor_009,1,large_component,0.5,30,0.99,3,37186,19924,10881,2804,1
tumor_009,1,micro_cluster,0.5,30,0.99,3,37186,19924,10881,2804,1
tumor_009,1,hybrid,0.5,30,0.99,3,37186,19924,10881,2804,1
tumor_010,1,large_component,0.5,30,0.99,3,6349,220,359,29,1
tumor_010,1,micro_cluster,0.5,30,0.99,3,6349,220,359,29,1
tumor_010,1,hybrid,0.5,30,0.99,3,6349,220,359,29,1
normal_001,0,large_component,0.5,30,0.99,3,140,18,1,1,0
normal_001,0,micro_cluster,0.5,30,0.99,3,140,18,1,1,0
normal_001,0,hybrid,0.5,30,0.99,3,140,18,1,1,0
normal_002,0,large_component,0.5,30,0.99,3,401,19,8,1,0
normal_002,0,micro_cluster,0.5,30,0.99,3,401,19,8,1,0
normal_002,0,hybrid,0.5,30,0.99,3,401,19,8,1,0
normal_003,0,large_component,0.5,30,0.99,3,535,19,8,1,0
normal_003,0,micro_cluster,0.5,30,0.99,3,535,19,8,1,0
normal_003,0,hybrid,0.5,30,0.99,3,535,19,8,1,0
normal_004,0,large_component,0.5,30,0.99,3,192,10,9,2,0
normal_004,0,micro_cluster,0.5,30,0.99,3,192,10,9,2,0
normal_004,0,hybrid,0.5,30,0.99,3,192,10,9,2,0
normal_005,0,large_component,0.5,30,0.99,3,292,20,6,2,0
normal_005,0,micro_cluster,0.5,30,0.99,3,292,20,6,2,0
normal_005,0,hybrid,0.5,30,0.99,3,292,20,6,2,0
normal_006,0,large_component,0.5,30,0.99,3,181,15,9,4,0
normal_006,0,micro_cluster,0.5,30,0.99,3,181,15,9,4,1
normal_006,0,hybrid,0.5,30,0.99,3,181,15,9,4,1
normal_007,0,large_component,0.5,30,0.99,3,240,21,11,7,0
normal_007,0,micro_cluster,0.5,30,0.99,3,240,21,11,7,1
normal_007,0,hybrid,0.5,30,0.99,3,240,21,11,7,1
normal_008,0,large_component,0.5,30,0.99,3,262,30,10,6,1
normal_008,0,micro_cluster,0.5,30,0.99,3,262,30,10,6,1
normal_008,0,hybrid,0.5,30,0.99,3,262,30,10,6,1
normal_009,0,large_component,0.5,30,0.99,3,781,16,10,3,0
normal_009,0,micro_cluster,0.5,30,0.99,3,781,16,10,3,1
normal_009,0,hybrid,0.5,30,0.99,3,781,16,10,3,1
normal_010,0,large_component,0.5,30,0.99,3,316,28,15,4,0
normal_010,0,micro_cluster,0.5,30,0.99,3,316,28,15,4,1
normal_010,0,hybrid,0.5,30,0.99,3,316,28,15,4,1
tumor_001,1,large_component,0.5,30,0.99,5,6299,1487,1271,697,1
tumor_001,1,micro_cluster,0.5,30,0.99,5,6299,1487,1271,697,1
tumor_001,1,hybrid,0.5,30,0.99,5,6299,1487,1271,697,1
tumor_002,1,large_component,0.5,30,0.99,5,1382,40,40,7,1
tumor_002,1,micro_cluster,0.5,30,0.99,5,1382,40,40,7,1
tumor_002,1,hybrid,0.5,30,0.99,5,1382,40,40,7,1
tumor_003,1,large_component,0.5,30,0.99,5,2268,332,471,266,1
tumor_003,1,micro_cluster,0.5,30,0.99,5,2268,332,471,266,1
tumor_003,1,hybrid,0.5,30,0.99,5,2268,332,471,266,1
tumor_004,1,large_component,0.5,30,0.99,5,955,50,63,23,1
tumor_004,1,micro_cluster,0.5,30,0.99,5,955,50,63,23,1
tumor_004,1,hybrid,0.5,30,0.99,5,955,50,63,23,1
tumor_005,1,large_component,0.5,30,0.99,5,406,138,117,78,1
tumor_005,1,micro_cluster,0.5,30,0.99,5,406,138,117,78,1
tumor_005,1,hybrid,0.5,30,0.99,5,406,138,117,78,1
tumor_006,1,large_component,0.5,30,0.99,5,4426,85,227,44,1
tumor_006,1,micro_cluster,0.5,30,0.99,5,4426,85,227,44,1
tumor_006,1,hybrid,0.5,30,0.99,5,4426,85,227,44,1
tumor_007,1,large_component,0.5,30,0.99,5,5127,139,294,92,1
tumor_007,1,micro_cluster,0.5,30,0.99,5,5127,139,294,92,1
tumor_007,1,hybrid,0.5,30,0.99,5,5127,139,294,92,1
tumor_008,1,large_component,0.5,30,0.99,5,9168,880,351,22,1
tumor_008,1,micro_cluster,0.5,30,0.99,5,9168,880,351,22,1
tumor_008,1,hybrid,0.5,30,0.99,5,9168,880,351,22,1
tumor_009,1,large_component,0.5,30,0.99,5,37186,19924,10881,2804,1
tumor_009,1,micro_cluster,0.5,30,0.99,5,37186,19924,10881,2804,1
tumor_009,1,hybrid,0.5,30,0.99,5,37186,19924,10881,2804,1
tumor_010,1,large_component,0.5,30,0.99,5,6349,220,359,29,1
tumor_010,1,micro_cluster,0.5,30,0.99,5,6349,220,359,29,1
tumor_010,1,hybrid,0.5,30,0.99,5,6349,220,359,29,1
normal_001,0,large_component,0.5,30,0.99,5,140,18,1,1,0
normal_001,0,micro_cluster,0.5,30,0.99,5,140,18,1,1,0
normal_001,0,hybrid,0.5,30,0.99,5,140,18,1,1,0
normal_002,0,large_component,0.5,30,0.99,5,401,19,8,1,0
normal_002,0,micro_cluster,0.5,30,0.99,5,401,19,8,1,0
normal_002,0,hybrid,0.5,30,0.99,5,401,19,8,1,0
normal_003,0,large_component,0.5,30,0.99,5,535,19,8,1,0
normal_003,0,micro_cluster,0.5,30,0.99,5,535,19,8,1,0
normal_003,0,hybrid,0.5,30,0.99,5,535,19,8,1,0
normal_004,0,large_component,0.5,30,0.99,5,192,10,9,2,0
normal_004,0,micro_cluster,0.5,30,0.99,5,192,10,9,2,0
normal_004,0,hybrid,0.5,30,0.99,5,192,10,9,2,0
normal_005,0,large_component,0.5,30,0.99,5,292,20,6,2,0
normal_005,0,micro_cluster,0.5,30,0.99,5,292,20,6,2,0
normal_005,0,hybrid,0.5,30,0.99,5,292,20,6,2,0
normal_006,0,large_component,0.5,30,0.99,5,181,15,9,4,0
normal_006,0,micro_cluster,0.5,30,0.99,5,181,15,9,4,0
normal_006,0,hybrid,0.5,30,0.99,5,181,15,9,4,0
normal_007,0,large_component,0.5,30,0.99,5,240,21,11,7,0
normal_007,0,micro_cluster,0.5,30,0.99,5,240,21,11,7,1
normal_007,0,hybrid,0.5,30,0.99,5,240,21,11,7,1
normal_008,0,large_component,0.5,30,0.99,5,262,30,10,6,1
normal_008,0,micro_cluster,0.5,30,0.99,5,262,30,10,6,1
normal_008,0,hybrid,0.5,30,0.99,5,262,30,10,6,1
normal_009,0,large_component,0.5,30,0.99,5,781,16,10,3,0
normal_009,0,micro_cluster,0.5,30,0.99,5,781,16,10,3,0
normal_009,0,hybrid,0.5,30,0.99,5,781,16,10,3,0
normal_010,0,large_component,0.5,30,0.99,5,316,28,15,4,0
normal_010,0,micro_cluster,0.5,30,0.99,5,316,28,15,4,0
normal_010,0,hybrid,0.5,30,0.99,5,316,28,15,4,0
tumor_001,1,large_component,0.5,30,0.98,2,6299,1487,1567,738,1
tumor_001,1,micro_cluster,0.5,30,0.98,2,6299,1487,1567,738,1
tumor_001,1,hybrid,0.5,30,0.98,2,6299,1487,1567,738,1
tumor_002,1,large_component,0.5,30,0.98,2,1382,40,72,7,1
tumor_002,1,micro_cluster,0.5,30,0.98,2,1382,40,72,7,1
tumor_002,1,hybrid,0.5,30,0.98,2,1382,40,72,7,1
tumor_003,1,large_component,0.5,30,0.98,2,2268,332,521,280,1
tumor_003,1,micro_cluster,0.5,30,0.98,2,2268,332,521,280,1
tumor_003,1,hybrid,0.5,30,0.98,2,2268,332,521,280,1
tumor_004,1,large_component,0.5,30,0.98,2,955,50,83,28,1
tumor_004,1,micro_cluster,0.5,30,0.98,2,955,50,83,28,1
tumor_004,1,hybrid,0.5,30,0.98,2,955,50,83,28,1
tumor_005,1,large_component,0.5,30,0.98,2,406,138,126,82,1
tumor_005,1,micro_cluster,0.5,30,0.98,2,406,138,126,82,1
tumor_005,1,hybrid,0.5,30,0.98,2,406,138,126,82,1
tumor_006,1,large_component,0.5,30,0.98,2,4426,85,332,46,1
tumor_006,1,micro_cluster,0.5,30,0.98,2,4426,85,332,46,1
tumor_006,1,hybrid,0.5,30,0.98,2,4426,85,332,46,1
tumor_007,1,large_component,0.5,30,0.98,2,5127,139,428,96,1
tumor_007,1,micro_cluster,0.5,30,0.98,2,5127,139,428,96,1
tumor_007,1,hybrid,0.5,30,0.98,2,5127,139,428,96,1
tumor_008,1,large_component,0.5,30,0.98,2,9168,880,592,33,1
tumor_008,1,micro_cluster,0.5,30,0.98,2,9168,880,592,33,1
tumor_008,1,hybrid,0.5,30,0.98,2,9168,880,592,33,1
tumor_009,1,large_component,0.5,30,0.98,2,37186,19924,13988,3907,1
tumor_009,1,micro_cluster,0.5,30,0.98,2,37186,19924,13988,3907,1
tumor_009,1,hybrid,0.5,30,0.98,2,37186,19924,13988,3907,1
tumor_010,1,large_component,0.5,30,0.98,2,6349,220,575,31,1
tumor_010,1,micro_cluster,0.5,30,0.98,2,6349,220,575,31,1
tumor_010,1,hybrid,0.5,30,0.98,2,6349,220,575,31,1
normal_001,0,large_component,0.5,30,0.98,2,140,18,4,2,0
normal_001,0,micro_cluster,0.5,30,0.98,2,140,18,4,2,1
normal_001,0,hybrid,0.5,30,0.98,2,140,18,4,2,1
normal_002,0,large_component,0.5,30,0.98,2,401,19,14,2,0
normal_002,0,micro_cluster,0.5,30,0.98,2,401,19,14,2,1
normal_002,0,hybrid,0.5,30,0.98,2,401,19,14,2,1
normal_003,0,large_component,0.5,30,0.98,2,535,19,17,2,0
normal_003,0,micro_cluster,0.5,30,0.98,2,535,19,17,2,1
normal_003,0,hybrid,0.5,30,0.98,2,535,19,17,2,1
normal_004,0,large_component,0.5,30,0.98,2,192,10,14,3,0
normal_004,0,micro_cluster,0.5,30,0.98,2,192,10,14,3,1
normal_004,0,hybrid,0.5,30,0.98,2,192,10,14,3,1
normal_005,0,large_component,0.5,30,0.98,2,292,20,17,3,0
normal_005,0,micro_cluster,0.5,30,0.98,2,292,20,17,3,1
normal_005,0,hybrid,0.5,30,0.98,2,292,20,17,3,1
normal_006,0,large_component,0.5,30,0.98,2,181,15,14,4,0
normal_006,0,micro_cluster,0.5,30,0.98,2,181,15,14,4,1
normal_006,0,hybrid,0.5,30,0.98,2,181,15,14,4,1
normal_007,0,large_component,0.5,30,0.98,2,240,21,18,8,0
normal_007,0,micro_cluster,0.5,30,0.98,2,240,21,18,8,1
normal_007,0,hybrid,0.5,30,0.98,2,240,21,18,8,1
normal_008,0,large_component,0.5,30,0.98,2,262,30,22,8,1
normal_008,0,micro_cluster,0.5,30,0.98,2,262,30,22,8,1
normal_008,0,hybrid,0.5,30,0.98,2,262,30,22,8,1
normal_009,0,large_component,0.5,30,0.98,2,781,16,20,4,0
normal_009,0,micro_cluster,0.5,30,0.98,2,781,16,20,4,1
normal_009,0,hybrid,0.5,30,0.98,2,781,16,20,4,1
normal_010,0,large_component,0.5,30,0.98,2,316,28,22,4,0
normal_010,0,micro_cluster,0.5,30,0.98,2,316,28,22,4,1
normal_010,0,hybrid,0.5,30,0.98,2,316,28,22,4,1
tumor_001,1,large_component,0.5,30,0.98,3,6299,1487,1567,738,1
tumor_001,1,micro_cluster,0.5,30,0.98,3,6299,1487,1567,738,1
tumor_001,1,hybrid,0.5,30,0.98,3,6299,1487,1567,738,1
tumor_002,1,large_component,0.5,30,0.98,3,1382,40,72,7,1
tumor_002,1,micro_cluster,0.5,30,0.98,3,1382,40,72,7,1
tumor_002,1,hybrid,0.5,30,0.98,3,1382,40,72,7,1
tumor_003,1,large_component,0.5,30,0.98,3,2268,332,521,280,1
tumor_003,1,micro_cluster,0.5,30,0.98,3,2268,332,521,280,1
tumor_003,1,hybrid,0.5,30,0.98,3,2268,332,521,280,1
tumor_004,1,large_component,0.5,30,0.98,3,955,50,83,28,1
tumor_004,1,micro_cluster,0.5,30,0.98,3,955,50,83,28,1
tumor_004,1,hybrid,0.5,30,0.98,3,955,50,83,28,1
tumor_005,1,large_component,0.5,30,0.98,3,406,138,126,82,1
tumor_005,1,micro_cluster,0.5,30,0.98,3,406,138,126,82,1
tumor_005,1,hybrid,0.5,30,0.98,3,406,138,126,82,1
tumor_006,1,large_component,0.5,30,0.98,3,4426,85,332,46,1
tumor_006,1,micro_cluster,0.5,30,0.98,3,4426,85,332,46,1
tumor_006,1,hybrid,0.5,30,0.98,3,4426,85,332,46,1
tumor_007,1,large_component,0.5,30,0.98,3,5127,139,428,96,1
tumor_007,1,micro_cluster,0.5,30,0.98,3,5127,139,428,96,1
tumor_007,1,hybrid,0.5,30,0.98,3,5127,139,428,96,1
tumor_008,1,large_component,0.5,30,0.98,3,9168,880,592,33,1
tumor_008,1,micro_cluster,0.5,30,0.98,3,9168,880,592,33,1
tumor_008,1,hybrid,0.5,30,0.98,3,9168,880,592,33,1
tumor_009,1,large_component,0.5,30,0.98,3,37186,19924,13988,3907,1
tumor_009,1,micro_cluster,0.5,30,0.98,3,37186,19924,13988,3907,1
tumor_009,1,hybrid,0.5,30,0.98,3,37186,19924,13988,3907,1
tumor_010,1,large_component,0.5,30,0.98,3,6349,220,575,31,1
tumor_010,1,micro_cluster,0.5,30,0.98,3,6349,220,575,31,1
tumor_010,1,hybrid,0.5,30,0.98,3,6349,220,575,31,1
normal_001,0,large_component,0.5,30,0.98,3,140,18,4,2,0
normal_001,0,micro_cluster,0.5,30,0.98,3,140,18,4,2,0
normal_001,0,hybrid,0.5,30,0.98,3,140,18,4,2,0
normal_002,0,large_component,0.5,30,0.98,3,401,19,14,2,0
normal_002,0,micro_cluster,0.5,30,0.98,3,401,19,14,2,0
normal_002,0,hybrid,0.5,30,0.98,3,401,19,14,2,0
normal_003,0,large_component,0.5,30,0.98,3,535,19,17,2,0
normal_003,0,micro_cluster,0.5,30,0.98,3,535,19,17,2,0
normal_003,0,hybrid,0.5,30,0.98,3,535,19,17,2,0
normal_004,0,large_component,0.5,30,0.98,3,192,10,14,3,0
normal_004,0,micro_cluster,0.5,30,0.98,3,192,10,14,3,1
normal_004,0,hybrid,0.5,30,0.98,3,192,10,14,3,1
normal_005,0,large_component,0.5,30,0.98,3,292,20,17,3,0
normal_005,0,micro_cluster,0.5,30,0.98,3,292,20,17,3,1
normal_005,0,hybrid,0.5,30,0.98,3,292,20,17,3,1
normal_006,0,large_component,0.5,30,0.98,3,181,15,14,4,0
normal_006,0,micro_cluster,0.5,30,0.98,3,181,15,14,4,1
normal_006,0,hybrid,0.5,30,0.98,3,181,15,14,4,1
normal_007,0,large_component,0.5,30,0.98,3,240,21,18,8,0
normal_007,0,micro_cluster,0.5,30,0.98,3,240,21,18,8,1
normal_007,0,hybrid,0.5,30,0.98,3,240,21,18,8,1
normal_008,0,large_component,0.5,30,0.98,3,262,30,22,8,1
normal_008,0,micro_cluster,0.5,30,0.98,3,262,30,22,8,1
normal_008,0,hybrid,0.5,30,0.98,3,262,30,22,8,1
normal_009,0,large_component,0.5,30,0.98,3,781,16,20,4,0
normal_009,0,micro_cluster,0.5,30,0.98,3,781,16,20,4,1
normal_009,0,hybrid,0.5,30,0.98,3,781,16,20,4,1
normal_010,0,large_component,0.5,30,0.98,3,316,28,22,4,0
normal_010,0,micro_cluster,0.5,30,0.98,3,316,28,22,4,1
normal_010,0,hybrid,0.5,30,0.98,3,316,28,22,4,1
tumor_001,1,large_component,0.5,30,0.98,5,6299,1487,1567,738,1
tumor_001,1,micro_cluster,0.5,30,0.98,5,6299,1487,1567,738,1
tumor_001,1,hybrid,0.5,30,0.98,5,6299,1487,1567,738,1
tumor_002,1,large_component,0.5,30,0.98,5,1382,40,72,7,1
tumor_002,1,micro_cluster,0.5,30,0.98,5,1382,40,72,7,1
tumor_002,1,hybrid,0.5,30,0.98,5,1382,40,72,7,1
tumor_003,1,large_component,0.5,30,0.98,5,2268,332,521,280,1
tumor_003,1,micro_cluster,0.5,30,0.98,5,2268,332,521,280,1
tumor_003,1,hybrid,0.5,30,0.98,5,2268,332,521,280,1
tumor_004,1,large_component,0.5,30,0.98,5,955,50,83,28,1
tumor_004,1,micro_cluster,0.5,30,0.98,5,955,50,83,28,1
tumor_004,1,hybrid,0.5,30,0.98,5,955,50,83,28,1
tumor_005,1,large_component,0.5,30,0.98,5,406,138,126,82,1
tumor_005,1,micro_cluster,0.5,30,0.98,5,406,138,126,82,1
tumor_005,1,hybrid,0.5,30,0.98,5,406,138,126,82,1
tumor_006,1,large_component,0.5,30,0.98,5,4426,85,332,46,1
tumor_006,1,micro_cluster,0.5,30,0.98,5,4426,85,332,46,1
tumor_006,1,hybrid,0.5,30,0.98,5,4426,85,332,46,1
tumor_007,1,large_component,0.5,30,0.98,5,5127,139,428,96,1
tumor_007,1,micro_cluster,0.5,30,0.98,5,5127,139,428,96,1
tumor_007,1,hybrid,0.5,30,0.98,5,5127,139,428,96,1
tumor_008,1,large_component,0.5,30,0.98,5,9168,880,592,33,1
tumor_008,1,micro_cluster,0.5,30,0.98,5,9168,880,592,33,1
tumor_008,1,hybrid,0.5,30,0.98,5,9168,880,592,33,1
tumor_009,1,large_component,0.5,30,0.98,5,37186,19924,13988,3907,1
tumor_009,1,micro_cluster,0.5,30,0.98,5,37186,19924,13988,3907,1
tumor_009,1,hybrid,0.5,30,0.98,5,37186,19924,13988,3907,1
tumor_010,1,large_component,0.5,30,0.98,5,6349,220,575,31,1
tumor_010,1,micro_cluster,0.5,30,0.98,5,6349,220,575,31,1
tumor_010,1,hybrid,0.5,30,0.98,5,6349,220,575,31,1
normal_001,0,large_component,0.5,30,0.98,5,140,18,4,2,0
normal_001,0,micro_cluster,0.5,30,0.98,5,140,18,4,2,0
normal_001,0,hybrid,0.5,30,0.98,5,140,18,4,2,0
normal_002,0,large_component,0.5,30,0.98,5,401,19,14,2,0
normal_002,0,micro_cluster,0.5,30,0.98,5,401,19,14,2,0
normal_002,0,hybrid,0.5,30,0.98,5,401,19,14,2,0
normal_003,0,large_component,0.5,30,0.98,5,535,19,17,2,0
normal_003,0,micro_cluster,0.5,30,0.98,5,535,19,17,2,0
normal_003,0,hybrid,0.5,30,0.98,5,535,19,17,2,0
normal_004,0,large_component,0.5,30,0.98,5,192,10,14,3,0
normal_004,0,micro_cluster,0.5,30,0.98,5,192,10,14,3,0
normal_004,0,hybrid,0.5,30,0.98,5,192,10,14,3,0
normal_005,0,large_component,0.5,30,0.98,5,292,20,17,3,0
normal_005,0,micro_cluster,0.5,30,0.98,5,292,20,17,3,0
normal_005,0,hybrid,0.5,30,0.98,5,292,20,17,3,0
normal_006,0,large_component,0.5,30,0.98,5,181,15,14,4,0
normal_006,0,micro_cluster,0.5,30,0.98,5,181,15,14,4,0
normal_006,0,hybrid,0.5,30,0.98,5,181,15,14,4,0
normal_007,0,large_component,0.5,30,0.98,5,240,21,18,8,0
normal_007,0,micro_cluster,0.5,30,0.98,5,240,21,18,8,1
normal_007,0,hybrid,0.5,30,0.98,5,240,21,18,8,1
normal_008,0,large_component,0.5,30,0.98,5,262,30,22,8,1
normal_008,0,micro_cluster,0.5,30,0.98,5,262,30,22,8,1
normal_008,0,hybrid,0.5,30,0.98,5,262,30,22,8,1
normal_009,0,large_component,0.5,30,0.98,5,781,16,20,4,0
normal_009,0,micro_cluster,0.5,30,0.98,5,781,16,20,4,0
normal_009,0,hybrid,0.5,30,0.98,5,781,16,20,4,0
normal_010,0,large_component,0.5,30,0.98,5,316,28,22,4,0
normal_010,0,micro_cluster,0.5,30,0.98,5,316,28,22,4,0
normal_010,0,hybrid,0.5,30,0.98,5,316,28,22,4,0
tumor_001,1,large_component,0.5,30,0.95,2,6299,1487,2145,818,1
tumor_001,1,micro_cluster,0.5,30,0.95,2,6299,1487,2145,818,1
tumor_001,1,hybrid,0.5,30,0.95,2,6299,1487,2145,818,1
tumor_002,1,large_component,0.5,30,0.95,2,1382,40,163,9,1
tumor_002,1,micro_cluster,0.5,30,0.95,2,1382,40,163,9,1
tumor_002,1,hybrid,0.5,30,0.95,2,1382,40,163,9,1
tumor_003,1,large_component,0.5,30,0.95,2,2268,332,652,299,1
tumor_003,1,micro_cluster,0.5,30,0.95,2,2268,332,652,299,1
tumor_003,1,hybrid,0.5,30,0.95,2,2268,332,652,299,1
tumor_004,1,large_component,0.5,30,0.95,2,955,50,143,37,1
tumor_004,1,micro_cluster,0.5,30,0.95,2,955,50,143,37,1
tumor_004,1,hybrid,0.5,30,0.95,2,955,50,143,37,1
tumor_005,1,large_component,0.5,30,0.95,2,406,138,145,89,1
tumor_005,1,micro_cluster,0.5,30,0.95,2,406,138,145,89,1
tumor_005,1,hybrid,0.5,30,0.95,2,406,138,145,89,1
tumor_006,1,large_component,0.5,30,0.95,2,4426,85,660,51,1
tumor_006,1,micro_cluster,0.5,30,0.95,2,4426,85,660,51,1
tumor_006,1,hybrid,0.5,30,0.95,2,4426,85,660,51,1
tumor_007,1,large_component,0.5,30,0.95,2,5127,139,776,101,1
tumor_007,1,micro_cluster,0.5,30,0.95,2,5127,139,776,101,1
tumor_007,1,hybrid,0.5,30,0.95,2,5127,139,776,101,1
tumor_008,1,large_component,0.5,30,0.95,2,9168,880,1187,65,1
tumor_008,1,micro_cluster,0.5,30,0.95,2,9168,880,1187,65,1
tumor_008,1,hybrid,0.5,30,0.95,2,9168,880,1187,65,1
tumor_009,1,large_component,0.5,30,0.95,2,37186,19924,18879,5106,1
tumor_009,1,micro_cluster,0.5,30,0.95,2,37186,19924,18879,5106,1
tumor_009,1,hybrid,0.5,30,0.95,2,37186,19924,18879,5106,1
tumor_010,1,large_component,0.5,30,0.95,2,6349,220,1075,37,1
tumor_010,1,micro_cluster,0.5,30,0.95,2,6349,220,1075,37,1
tumor_010,1,hybrid,0.5,30,0.95,2,6349,220,1075,37,1
normal_001,0,large_component,0.5,30,0.95,2,140,18,11,4,0
normal_001,0,micro_cluster,0.5,30,0.95,2,140,18,11,4,1
normal_001,0,hybrid,0.5,30,0.95,2,140,18,11,4,1
normal_002,0,large_component,0.5,30,0.95,2,401,19,30,6,0
normal_002,0,micro_cluster,0.5,30,0.95,2,401,19,30,6,1
normal_002,0,hybrid,0.5,30,0.95,2,401,19,30,6,1
normal_003,0,large_component,0.5,30,0.95,2,535,19,45,3,0
normal_003,0,micro_cluster,0.5,30,0.95,2,535,19,45,3,1
normal_003,0,hybrid,0.5,30,0.95,2,535,19,45,3,1
normal_004,0,large_component,0.5,30,0.95,2,192,10,27,3,0
normal_004,0,micro_cluster,0.5,30,0.95,2,192,10,27,3,1
normal_004,0,hybrid,0.5,30,0.95,2,192,10,27,3,1
normal_005,0,large_component,0.5,30,0.95,2,292,20,35,4,0
normal_005,0,micro_cluster,0.5,30,0.95,2,292,20,35,4,1
normal_005,0,hybrid,0.5,30,0.95,2,292,20,35,4,1
normal_006,0,large_component,0.5,30,0.95,2,181,15,30,6,0
normal_006,0,micro_cluster,0.5,30,0.95,2,181,15,30,6,1
normal_006,0,hybrid,0.5,30,0.95,2,181,15,30,6,1
normal_007,0,large_component,0.5,30,0.95,2,240,21,23,10,0
normal_007,0,micro_cluster,0.5,30,0.95,2,240,21,23,10,1
normal_007,0,hybrid,0.5,30,0.95,2,240,21,23,10,1
normal_008,0,large_component,0.5,30,0.95,2,262,30,47,11,1
normal_008,0,micro_cluster,0.5,30,0.95,2,262,30,47,11,1
normal_008,0,hybrid,0.5,30,0.95,2,262,30,47,11,1
normal_009,0,large_component,0.5,30,0.95,2,781,16,43,4,0
normal_009,0,micro_cluster,0.5,30,0.95,2,781,16,43,4,1
normal_009,0,hybrid,0.5,30,0.95,2,781,16,43,4,1
normal_010,0,large_component,0.5,30,0.95,2,316,28,43,6,0
normal_010,0,micro_cluster,0.5,30,0.95,2,316,28,43,6,1
normal_010,0,hybrid,0.5,30,0.95,2,316,28,43,6,1
tumor_001,1,large_component,0.5,30,0.95,3,6299,1487,2145,818,1
tumor_001,1,micro_cluster,0.5,30,0.95,3,6299,1487,2145,818,1
tumor_001,1,hybrid,0.5,30,0.95,3,6299,1487,2145,818,1
tumor_002,1,large_component,0.5,30,0.95,3,1382,40,163,9,1
tumor_002,1,micro_cluster,0.5,30,0.95,3,1382,40,163,9,1
tumor_002,1,hybrid,0.5,30,0.95,3,1382,40,163,9,1
tumor_003,1,large_component,0.5,30,0.95,3,2268,332,652,299,1
tumor_003,1,micro_cluster,0.5,30,0.95,3,2268,332,652,299,1
tumor_003,1,hybrid,0.5,30,0.95,3,2268,332,652,299,1
tumor_004,1,large_component,0.5,30,0.95,3,955,50,143,37,1
tumor_004,1,micro_cluster,0.5,30,0.95,3,955,50,143,37,1
tumor_004,1,hybrid,0.5,30,0.95,3,955,50,143,37,1
tumor_005,1,large_component,0.5,30,0.95,3,406,138,145,89,1
tumor_005,1,micro_cluster,0.5,30,0.95,3,406,138,145,89,1
tumor_005,1,hybrid,0.5,30,0.95,3,406,138,145,89,1
tumor_006,1,large_component,0.5,30,0.95,3,4426,85,660,51,1
tumor_006,1,micro_cluster,0.5,30,0.95,3,4426,85,660,51,1
tumor_006,1,hybrid,0.5,30,0.95,3,4426,85,660,51,1
tumor_007,1,large_component,0.5,30,0.95,3,5127,139,776,101,1
tumor_007,1,micro_cluster,0.5,30,0.95,3,5127,139,776,101,1
tumor_007,1,hybrid,0.5,30,0.95,3,5127,139,776,101,1
tumor_008,1,large_component,0.5,30,0.95,3,9168,880,1187,65,1
tumor_008,1,micro_cluster,0.5,30,0.95,3,9168,880,1187,65,1
tumor_008,1,hybrid,0.5,30,0.95,3,9168,880,1187,65,1
tumor_009,1,large_component,0.5,30,0.95,3,37186,19924,18879,5106,1
tumor_009,1,micro_cluster,0.5,30,0.95,3,37186,19924,18879,5106,1
tumor_009,1,hybrid,0.5,30,0.95,3,37186,19924,18879,5106,1
tumor_010,1,large_component,0.5,30,0.95,3,6349,220,1075,37,1
tumor_010,1,micro_cluster,0.5,30,0.95,3,6349,220,1075,37,1
tumor_010,1,hybrid,0.5,30,0.95,3,6349,220,1075,37,1
normal_001,0,large_component,0.5,30,0.95,3,140,18,11,4,0
normal_001,0,micro_cluster,0.5,30,0.95,3,140,18,11,4,1
normal_001,0,hybrid,0.5,30,0.95,3,140,18,11,4,1
normal_002,0,large_component,0.5,30,0.95,3,401,19,30,6,0
normal_002,0,micro_cluster,0.5,30,0.95,3,401,19,30,6,1
normal_002,0,hybrid,0.5,30,0.95,3,401,19,30,6,1
normal_003,0,large_component,0.5,30,0.95,3,535,19,45,3,0
normal_003,0,micro_cluster,0.5,30,0.95,3,535,19,45,3,1
normal_003,0,hybrid,0.5,30,0.95,3,535,19,45,3,1
normal_004,0,large_component,0.5,30,0.95,3,192,10,27,3,0
normal_004,0,micro_cluster,0.5,30,0.95,3,192,10,27,3,1
normal_004,0,hybrid,0.5,30,0.95,3,192,10,27,3,1
normal_005,0,large_component,0.5,30,0.95,3,292,20,35,4,0
normal_005,0,micro_cluster,0.5,30,0.95,3,292,20,35,4,1
normal_005,0,hybrid,0.5,30,0.95,3,292,20,35,4,1
normal_006,0,large_component,0.5,30,0.95,3,181,15,30,6,0
normal_006,0,micro_cluster,0.5,30,0.95,3,181,15,30,6,1
normal_006,0,hybrid,0.5,30,0.95,3,181,15,30,6,1
normal_007,0,large_component,0.5,30,0.95,3,240,21,23,10,0
normal_007,0,micro_cluster,0.5,30,0.95,3,240,21,23,10,1
normal_007,0,hybrid,0.5,30,0.95,3,240,21,23,10,1
normal_008,0,large_component,0.5,30,0.95,3,262,30,47,11,1
normal_008,0,micro_cluster,0.5,30,0.95,3,262,30,47,11,1
normal_008,0,hybrid,0.5,30,0.95,3,262,30,47,11,1
normal_009,0,large_component,0.5,30,0.95,3,781,16,43,4,0
normal_009,0,micro_cluster,0.5,30,0.95,3,781,16,43,4,1
normal_009,0,hybrid,0.5,30,0.95,3,781,16,43,4,1
normal_010,0,large_component,0.5,30,0.95,3,316,28,43,6,0
normal_010,0,micro_cluster,0.5,30,0.95,3,316,28,43,6,1
normal_010,0,hybrid,0.5,30,0.95,3,316,28,43,6,1
tumor_001,1,large_component,0.5,30,0.95,5,6299,1487,2145,818,1
tumor_001,1,micro_cluster,0.5,30,0.95,5,6299,1487,2145,818,1
tumor_001,1,hybrid,0.5,30,0.95,5,6299,1487,2145,818,1
tumor_002,1,large_component,0.5,30,0.95,5,1382,40,163,9,1
tumor_002,1,micro_cluster,0.5,30,0.95,5,1382,40,163,9,1
tumor_002,1,hybrid,0.5,30,0.95,5,1382,40,163,9,1
tumor_003,1,large_component,0.5,30,0.95,5,2268,332,652,299,1
tumor_003,1,micro_cluster,0.5,30,0.95,5,2268,332,652,299,1
tumor_003,1,hybrid,0.5,30,0.95,5,2268,332,652,299,1
tumor_004,1,large_component,0.5,30,0.95,5,955,50,143,37,1
tumor_004,1,micro_cluster,0.5,30,0.95,5,955,50,143,37,1
tumor_004,1,hybrid,0.5,30,0.95,5,955,50,143,37,1
tumor_005,1,large_component,0.5,30,0.95,5,406,138,145,89,1
tumor_005,1,micro_cluster,0.5,30,0.95,5,406,138,145,89,1
tumor_005,1,hybrid,0.5,30,0.95,5,406,138,145,89,1
tumor_006,1,large_component,0.5,30,0.95,5,4426,85,660,51,1
tumor_006,1,micro_cluster,0.5,30,0.95,5,4426,85,660,51,1
tumor_006,1,hybrid,0.5,30,0.95,5,4426,85,660,51,1
tumor_007,1,large_component,0.5,30,0.95,5,5127,139,776,101,1
tumor_007,1,micro_cluster,0.5,30,0.95,5,5127,139,776,101,1
tumor_007,1,hybrid,0.5,30,0.95,5,5127,139,776,101,1
tumor_008,1,large_component,0.5,30,0.95,5,9168,880,1187,65,1
tumor_008,1,micro_cluster,0.5,30,0.95,5,9168,880,1187,65,1
tumor_008,1,hybrid,0.5,30,0.95,5,9168,880,1187,65,1
tumor_009,1,large_component,0.5,30,0.95,5,37186,19924,18879,5106,1
tumor_009,1,micro_cluster,0.5,30,0.95,5,37186,19924,18879,5106,1
tumor_009,1,hybrid,0.5,30,0.95,5,37186,19924,18879,5106,1
tumor_010,1,large_component,0.5,30,0.95,5,6349,220,1075,37,1
tumor_010,1,micro_cluster,0.5,30,0.95,5,6349,220,1075,37,1
tumor_010,1,hybrid,0.5,30,0.95,5,6349,220,1075,37,1
normal_001,0,large_component,0.5,30,0.95,5,140,18,11,4,0
normal_001,0,micro_cluster,0.5,30,0.95,5,140,18,11,4,0
normal_001,0,hybrid,0.5,30,0.95,5,140,18,11,4,0
normal_002,0,large_component,0.5,30,0.95,5,401,19,30,6,0
normal_002,0,micro_cluster,0.5,30,0.95,5,401,19,30,6,1
normal_002,0,hybrid,0.5,30,0.95,5,401,19,30,6,1
normal_003,0,large_component,0.5,30,0.95,5,535,19,45,3,0
normal_003,0,micro_cluster,0.5,30,0.95,5,535,19,45,3,0
normal_003,0,hybrid,0.5,30,0.95,5,535,19,45,3,0
normal_004,0,large_component,0.5,30,0.95,5,192,10,27,3,0
normal_004,0,micro_cluster,0.5,30,0.95,5,192,10,27,3,0
normal_004,0,hybrid,0.5,30,0.95,5,192,10,27,3,0
normal_005,0,large_component,0.5,30,0.95,5,292,20,35,4,0
normal_005,0,micro_cluster,0.5,30,0.95,5,292,20,35,4,0
normal_005,0,hybrid,0.5,30,0.95,5,292,20,35,4,0
normal_006,0,large_component,0.5,30,0.95,5,181,15,30,6,0
normal_006,0,micro_cluster,0.5,30,0.95,5,181,15,30,6,1
normal_006,0,hybrid,0.5,30,0.95,5,181,15,30,6,1
normal_007,0,large_component,0.5,30,0.95,5,240,21,23,10,0
normal_007,0,micro_cluster,0.5,30,0.95,5,240,21,23,10,1
normal_007,0,hybrid,0.5,30,0.95,5,240,21,23,10,1
normal_008,0,large_component,0.5,30,0.95,5,262,30,47,11,1
normal_008,0,micro_cluster,0.5,30,0.95,5,262,30,47,11,1
normal_008,0,hybrid,0.5,30,0.95,5,262,30,47,11,1
normal_009,0,large_component,0.5,30,0.95,5,781,16,43,4,0
normal_009,0,micro_cluster,0.5,30,0.95,5,781,16,43,4,0
normal_009,0,hybrid,0.5,30,0.95,5,781,16,43,4,0
normal_010,0,large_component,0.5,30,0.95,5,316,28,43,6,0
normal_010,0,micro_cluster,0.5,30,0.95,5,316,28,43,6,1
normal_010,0,hybrid,0.5,30,0.95,5,316,28,43,6,1
tumor_001,1,large_component,0.5,40,0.99,2,6299,1487,1271,697,1
tumor_001,1,micro_cluster,0.5,40,0.99,2,6299,1487,1271,697,1
tumor_001,1,hybrid,0.5,40,0.99,2,6299,1487,1271,697,1
tumor_002,1,large_component,0.5,40,0.99,2,1382,40,40,7,1
tumor_002,1,micro_cluster,0.5,40,0.99,2,1382,40,40,7,1
tumor_002,1,hybrid,0.5,40,0.99,2,1382,40,40,7,1
tumor_003,1,large_component,0.5,40,0.99,2,2268,332,471,266,1
tumor_003,1,micro_cluster,0.5,40,0.99,2,2268,332,471,266,1
tumor_003,1,hybrid,0.5,40,0.99,2,2268,332,471,266,1
tumor_004,1,large_component,0.5,40,0.99,2,955,50,63,23,1
tumor_004,1,micro_cluster,0.5,40,0.99,2,955,50,63,23,1
tumor_004,1,hybrid,0.5,40,0.99,2,955,50,63,23,1
tumor_005,1,large_component,0.5,40,0.99,2,406,138,117,78,1
tumor_005,1,micro_cluster,0.5,40,0.99,2,406,138,117,78,1
tumor_005,1,hybrid,0.5,40,0.99,2,406,138,117,78,1
tumor_006,1,large_component,0.5,40,0.99,2,4426,85,227,44,1
tumor_006,1,micro_cluster,0.5,40,0.99,2,4426,85,227,44,1
tumor_006,1,hybrid,0.5,40,0.99,2,4426,85,227,44,1
tumor_007,1,large_component,0.5,40,0.99,2,5127,139,294,92,1
tumor_007,1,micro_cluster,0.5,40,0.99,2,5127,139,294,92,1
tumor_007,1,hybrid,0.5,40,0.99,2,5127,139,294,92,1
tumor_008,1,large_component,0.5,40,0.99,2,9168,880,351,22,1
tumor_008,1,micro_cluster,0.5,40,0.99,2,9168,880,351,22,1
tumor_008,1,hybrid,0.5,40,0.99,2,9168,880,351,22,1
tumor_009,1,large_component,0.5,40,0.99,2,37186,19924,10881,2804,1
tumor_009,1,micro_cluster,0.5,40,0.99,2,37186,19924,10881,2804,1
tumor_009,1,hybrid,0.5,40,0.99,2,37186,19924,10881,2804,1
tumor_010,1,large_component,0.5,40,0.99,2,6349,220,359,29,1
tumor_010,1,micro_cluster,0.5,40,0.99,2,6349,220,359,29,1
tumor_010,1,hybrid,0.5,40,0.99,2,6349,220,359,29,1
normal_001,0,large_component,0.5,40,0.99,2,140,18,1,1,0
normal_001,0,micro_cluster,0.5,40,0.99,2,140,18,1,1,0
normal_001,0,hybrid,0.5,40,0.99,2,140,18,1,1,0
normal_002,0,large_component,0.5,40,0.99,2,401,19,8,1,0
normal_002,0,micro_cluster,0.5,40,0.99,2,401,19,8,1,0
normal_002,0,hybrid,0.5,40,0.99,2,401,19,8,1,0
normal_003,0,large_component,0.5,40,0.99,2,535,19,8,1,0
normal_003,0,micro_cluster,0.5,40,0.99,2,535,19,8,1,0
normal_003,0,hybrid,0.5,40,0.99,2,535,19,8,1,0
normal_004,0,large_component,0.5,40,0.99,2,192,10,9,2,0
normal_004,0,micro_cluster,0.5,40,0.99,2,192,10,9,2,1
normal_004,0,hybrid,0.5,40,0.99,2,192,10,9,2,1
normal_005,0,large_component,0.5,40,0.99,2,292,20,6,2,0
normal_005,0,micro_cluster,0.5,40,0.99,2,292,20,6,2,1
normal_005,0,hybrid,0.5,40,0.99,2,292,20,6,2,1
normal_006,0,large_component,0.5,40,0.99,2,181,15,9,4,0
normal_006,0,micro_cluster,0.5,40,0.99,2,181,15,9,4,1
normal_006,0,hybrid,0.5,40,0.99,2,181,15,9,4,1
normal_007,0,large_component,0.5,40,0.99,2,240,21,11,7,0
normal_007,0,micro_cluster,0.5,40,0.99,2,240,21,11,7,1
normal_007,0,hybrid,0.5,40,0.99,2,240,21,11,7,1
normal_008,0,large_component,0.5,40,0.99,2,262,30,10,6,0
normal_008,0,micro_cluster,0.5,40,0.99,2,262,30,10,6,1
normal_008,0,hybrid,0.5,40,0.99,2,262,30,10,6,1
normal_009,0,large_component,0.5,40,0.99,2,781,16,10,3,0
normal_009,0,micro_cluster,0.5,40,0.99,2,781,16,10,3,1
normal_009,0,hybrid,0.5,40,0.99,2,781,16,10,3,1
normal_010,0,large_component,0.5,40,0.99,2,316,28,15,4,0
normal_010,0,micro_cluster,0.5,40,0.99,2,316,28,15,4,1
normal_010,0,hybrid,0.5,40,0.99,2,316,28,15,4,1
tumor_001,1,large_component,0.5,40,0.99,3,6299,1487,1271,697,1
tumor_001,1,micro_cluster,0.5,40,0.99,3,6299,1487,1271,697,1
tumor_001,1,hybrid,0.5,40,0.99,3,6299,1487,1271,697,1
tumor_002,1,large_component,0.5,40,0.99,3,1382,40,40,7,1
tumor_002,1,micro_cluster,0.5,40,0.99,3,1382,40,40,7,1
tumor_002,1,hybrid,0.5,40,0.99,3,1382,40,40,7,1
tumor_003,1,large_component,0.5,40,0.99,3,2268,332,471,266,1
tumor_003,1,micro_cluster,0.5,40,0.99,3,2268,332,471,266,1
tumor_003,1,hybrid,0.5,40,0.99,3,2268,332,471,266,1
tumor_004,1,large_component,0.5,40,0.99,3,955,50,63,23,1
tumor_004,1,micro_cluster,0.5,40,0.99,3,955,50,63,23,1
tumor_004,1,hybrid,0.5,40,0.99,3,955,50,63,23,1
tumor_005,1,large_component,0.5,40,0.99,3,406,138,117,78,1
tumor_005,1,micro_cluster,0.5,40,0.99,3,406,138,117,78,1
tumor_005,1,hybrid,0.5,40,0.99,3,406,138,117,78,1
tumor_006,1,large_component,0.5,40,0.99,3,4426,85,227,44,1
tumor_006,1,micro_cluster,0.5,40,0.99,3,4426,85,227,44,1
tumor_006,1,hybrid,0.5,40,0.99,3,4426,85,227,44,1
tumor_007,1,large_component,0.5,40,0.99,3,5127,139,294,92,1
tumor_007,1,micro_cluster,0.5,40,0.99,3,5127,139,294,92,1
tumor_007,1,hybrid,0.5,40,0.99,3,5127,139,294,92,1
tumor_008,1,large_component,0.5,40,0.99,3,9168,880,351,22,1
tumor_008,1,micro_cluster,0.5,40,0.99,3,9168,880,351,22,1
tumor_008,1,hybrid,0.5,40,0.99,3,9168,880,351,22,1
tumor_009,1,large_component,0.5,40,0.99,3,37186,19924,10881,2804,1
tumor_009,1,micro_cluster,0.5,40,0.99,3,37186,19924,10881,2804,1
tumor_009,1,hybrid,0.5,40,0.99,3,37186,19924,10881,2804,1
tumor_010,1,large_component,0.5,40,0.99,3,6349,220,359,29,1
tumor_010,1,micro_cluster,0.5,40,0.99,3,6349,220,359,29,1
tumor_010,1,hybrid,0.5,40,0.99,3,6349,220,359,29,1
normal_001,0,large_component,0.5,40,0.99,3,140,18,1,1,0
normal_001,0,micro_cluster,0.5,40,0.99,3,140,18,1,1,0
normal_001,0,hybrid,0.5,40,0.99,3,140,18,1,1,0
normal_002,0,large_component,0.5,40,0.99,3,401,19,8,1,0
normal_002,0,micro_cluster,0.5,40,0.99,3,401,19,8,1,0
normal_002,0,hybrid,0.5,40,0.99,3,401,19,8,1,0
normal_003,0,large_component,0.5,40,0.99,3,535,19,8,1,0
normal_003,0,micro_cluster,0.5,40,0.99,3,535,19,8,1,0
normal_003,0,hybrid,0.5,40,0.99,3,535,19,8,1,0
normal_004,0,large_component,0.5,40,0.99,3,192,10,9,2,0
normal_004,0,micro_cluster,0.5,40,0.99,3,192,10,9,2,0
normal_004,0,hybrid,0.5,40,0.99,3,192,10,9,2,0
normal_005,0,large_component,0.5,40,0.99,3,292,20,6,2,0
normal_005,0,micro_cluster,0.5,40,0.99,3,292,20,6,2,0
normal_005,0,hybrid,0.5,40,0.99,3,292,20,6,2,0
normal_006,0,large_component,0.5,40,0.99,3,181,15,9,4,0
normal_006,0,micro_cluster,0.5,40,0.99,3,181,15,9,4,1
normal_006,0,hybrid,0.5,40,0.99,3,181,15,9,4,1
normal_007,0,large_component,0.5,40,0.99,3,240,21,11,7,0
normal_007,0,micro_cluster,0.5,40,0.99,3,240,21,11,7,1
normal_007,0,hybrid,0.5,40,0.99,3,240,21,11,7,1
normal_008,0,large_component,0.5,40,0.99,3,262,30,10,6,0
normal_008,0,micro_cluster,0.5,40,0.99,3,262,30,10,6,1
normal_008,0,hybrid,0.5,40,0.99,3,262,30,10,6,1
normal_009,0,large_component,0.5,40,0.99,3,781,16,10,3,0
normal_009,0,micro_cluster,0.5,40,0.99,3,781,16,10,3,1
normal_009,0,hybrid,0.5,40,0.99,3,781,16,10,3,1
normal_010,0,large_component,0.5,40,0.99,3,316,28,15,4,0
normal_010,0,micro_cluster,0.5,40,0.99,3,316,28,15,4,1
normal_010,0,hybrid,0.5,40,0.99,3,316,28,15,4,1
tumor_001,1,large_component,0.5,40,0.99,5,6299,1487,1271,697,1
tumor_001,1,micro_cluster,0.5,40,0.99,5,6299,1487,1271,697,1
tumor_001,1,hybrid,0.5,40,0.99,5,6299,1487,1271,697,1
tumor_002,1,large_component,0.5,40,0.99,5,1382,40,40,7,1
tumor_002,1,micro_cluster,0.5,40,0.99,5,1382,40,40,7,1
tumor_002,1,hybrid,0.5,40,0.99,5,1382,40,40,7,1
tumor_003,1,large_component,0.5,40,0.99,5,2268,332,471,266,1
tumor_003,1,micro_cluster,0.5,40,0.99,5,2268,332,471,266,1
tumor_003,1,hybrid,0.5,40,0.99,5,2268,332,471,266,1
tumor_004,1,large_component,0.5,40,0.99,5,955,50,63,23,1
tumor_004,1,micro_cluster,0.5,40,0.99,5,955,50,63,23,1
tumor_004,1,hybrid,0.5,40,0.99,5,955,50,63,23,1
tumor_005,1,large_component,0.5,40,0.99,5,406,138,117,78,1
tumor_005,1,micro_cluster,0.5,40,0.99,5,406,138,117,78,1
tumor_005,1,hybrid,0.5,40,0.99,5,406,138,117,78,1
tumor_006,1,large_component,0.5,40,0.99,5,4426,85,227,44,1
tumor_006,1,micro_cluster,0.5,40,0.99,5,4426,85,227,44,1
tumor_006,1,hybrid,0.5,40,0.99,5,4426,85,227,44,1
tumor_007,1,large_component,0.5,40,0.99,5,5127,139,294,92,1
tumor_007,1,micro_cluster,0.5,40,0.99,5,5127,139,294,92,1
tumor_007,1,hybrid,0.5,40,0.99,5,5127,139,294,92,1
tumor_008,1,large_component,0.5,40,0.99,5,9168,880,351,22,1
tumor_008,1,micro_cluster,0.5,40,0.99,5,9168,880,351,22,1
tumor_008,1,hybrid,0.5,40,0.99,5,9168,880,351,22,1
tumor_009,1,large_component,0.5,40,0.99,5,37186,19924,10881,2804,1
tumor_009,1,micro_cluster,0.5,40,0.99,5,37186,19924,10881,2804,1
tumor_009,1,hybrid,0.5,40,0.99,5,37186,19924,10881,2804,1
tumor_010,1,large_component,0.5,40,0.99,5,6349,220,359,29,1
tumor_010,1,micro_cluster,0.5,40,0.99,5,6349,220,359,29,1
tumor_010,1,hybrid,0.5,40,0.99,5,6349,220,359,29,1
normal_001,0,large_component,0.5,40,0.99,5,140,18,1,1,0
normal_001,0,micro_cluster,0.5,40,0.99,5,140,18,1,1,0
normal_001,0,hybrid,0.5,40,0.99,5,140,18,1,1,0
normal_002,0,large_component,0.5,40,0.99,5,401,19,8,1,0
normal_002,0,micro_cluster,0.5,40,0.99,5,401,19,8,1,0
normal_002,0,hybrid,0.5,40,0.99,5,401,19,8,1,0
normal_003,0,large_component,0.5,40,0.99,5,535,19,8,1,0
normal_003,0,micro_cluster,0.5,40,0.99,5,535,19,8,1,0
normal_003,0,hybrid,0.5,40,0.99,5,535,19,8,1,0
normal_004,0,large_component,0.5,40,0.99,5,192,10,9,2,0
normal_004,0,micro_cluster,0.5,40,0.99,5,192,10,9,2,0
normal_004,0,hybrid,0.5,40,0.99,5,192,10,9,2,0
normal_005,0,large_component,0.5,40,0.99,5,292,20,6,2,0
normal_005,0,micro_cluster,0.5,40,0.99,5,292,20,6,2,0
normal_005,0,hybrid,0.5,40,0.99,5,292,20,6,2,0
normal_006,0,large_component,0.5,40,0.99,5,181,15,9,4,0
normal_006,0,micro_cluster,0.5,40,0.99,5,181,15,9,4,0
normal_006,0,hybrid,0.5,40,0.99,5,181,15,9,4,0
normal_007,0,large_component,0.5,40,0.99,5,240,21,11,7,0
normal_007,0,micro_cluster,0.5,40,0.99,5,240,21,11,7,1
normal_007,0,hybrid,0.5,40,0.99,5,240,21,11,7,1
normal_008,0,large_component,0.5,40,0.99,5,262,30,10,6,0
normal_008,0,micro_cluster,0.5,40,0.99,5,262,30,10,6,1
normal_008,0,hybrid,0.5,40,0.99,5,262,30,10,6,1
normal_009,0,large_component,0.5,40,0.99,5,781,16,10,3,0
normal_009,0,micro_cluster,0.5,40,0.99,5,781,16,10,3,0
normal_009,0,hybrid,0.5,40,0.99,5,781,16,10,3,0
normal_010,0,large_component,0.5,40,0.99,5,316,28,15,4,0
normal_010,0,micro_cluster,0.5,40,0.99,5,316,28,15,4,0
normal_010,0,hybrid,0.5,40,0.99,5,316,28,15,4,0
tumor_001,1,large_component,0.5,40,0.98,2,6299,1487,1567,738,1
tumor_001,1,micro_cluster,0.5,40,0.98,2,6299,1487,1567,738,1
tumor_001,1,hybrid,0.5,40,0.98,2,6299,1487,1567,738,1
tumor_002,1,large_component,0.5,40,0.98,2,1382,40,72,7,1
tumor_002,1,micro_cluster,0.5,40,0.98,2,1382,40,72,7,1
tumor_002,1,hybrid,0.5,40,0.98,2,1382,40,72,7,1
tumor_003,1,large_component,0.5,40,0.98,2,2268,332,521,280,1
tumor_003,1,micro_cluster,0.5,40,0.98,2,2268,332,521,280,1
tumor_003,1,hybrid,0.5,40,0.98,2,2268,332,521,280,1
tumor_004,1,large_component,0.5,40,0.98,2,955,50,83,28,1
tumor_004,1,micro_cluster,0.5,40,0.98,2,955,50,83,28,1
tumor_004,1,hybrid,0.5,40,0.98,2,955,50,83,28,1
tumor_005,1,large_component,0.5,40,0.98,2,406,138,126,82,1
tumor_005,1,micro_cluster,0.5,40,0.98,2,406,138,126,82,1
tumor_005,1,hybrid,0.5,40,0.98,2,406,138,126,82,1
tumor_006,1,large_component,0.5,40,0.98,2,4426,85,332,46,1
tumor_006,1,micro_cluster,0.5,40,0.98,2,4426,85,332,46,1
tumor_006,1,hybrid,0.5,40,0.98,2,4426,85,332,46,1
tumor_007,1,large_component,0.5,40,0.98,2,5127,139,428,96,1
tumor_007,1,micro_cluster,0.5,40,0.98,2,5127,139,428,96,1
tumor_007,1,hybrid,0.5,40,0.98,2,5127,139,428,96,1
tumor_008,1,large_component,0.5,40,0.98,2,9168,880,592,33,1
tumor_008,1,micro_cluster,0.5,40,0.98,2,9168,880,592,33,1
tumor_008,1,hybrid,0.5,40,0.98,2,9168,880,592,33,1
tumor_009,1,large_component,0.5,40,0.98,2,37186,19924,13988,3907,1
tumor_009,1,micro_cluster,0.5,40,0.98,2,37186,19924,13988,3907,1
tumor_009,1,hybrid,0.5,40,0.98,2,37186,19924,13988,3907,1
tumor_010,1,large_component,0.5,40,0.98,2,6349,220,575,31,1
tumor_010,1,micro_cluster,0.5,40,0.98,2,6349,220,575,31,1
tumor_010,1,hybrid,0.5,40,0.98,2,6349,220,575,31,1
normal_001,0,large_component,0.5,40,0.98,2,140,18,4,2,0
normal_001,0,micro_cluster,0.5,40,0.98,2,140,18,4,2,1
normal_001,0,hybrid,0.5,40,0.98,2,140,18,4,2,1
normal_002,0,large_component,0.5,40,0.98,2,401,19,14,2,0
normal_002,0,micro_cluster,0.5,40,0.98,2,401,19,14,2,1
normal_002,0,hybrid,0.5,40,0.98,2,401,19,14,2,1
normal_003,0,large_component,0.5,40,0.98,2,535,19,17,2,0
normal_003,0,micro_cluster,0.5,40,0.98,2,535,19,17,2,1
normal_003,0,hybrid,0.5,40,0.98,2,535,19,17,2,1
normal_004,0,large_component,0.5,40,0.98,2,192,10,14,3,0
normal_004,0,micro_cluster,0.5,40,0.98,2,192,10,14,3,1
normal_004,0,hybrid,0.5,40,0.98,2,192,10,14,3,1
normal_005,0,large_component,0.5,40,0.98,2,292,20,17,3,0
normal_005,0,micro_cluster,0.5,40,0.98,2,292,20,17,3,1
normal_005,0,hybrid,0.5,40,0.98,2,292,20,17,3,1
normal_006,0,large_component,0.5,40,0.98,2,181,15,14,4,0
normal_006,0,micro_cluster,0.5,40,0.98,2,181,15,14,4,1
normal_006,0,hybrid,0.5,40,0.98,2,181,15,14,4,1
normal_007,0,large_component,0.5,40,0.98,2,240,21,18,8,0
normal_007,0,micro_cluster,0.5,40,0.98,2,240,21,18,8,1
normal_007,0,hybrid,0.5,40,0.98,2,240,21,18,8,1
normal_008,0,large_component,0.5,40,0.98,2,262,30,22,8,0
normal_008,0,micro_cluster,0.5,40,0.98,2,262,30,22,8,1
normal_008,0,hybrid,0.5,40,0.98,2,262,30,22,8,1
normal_009,0,large_component,0.5,40,0.98,2,781,16,20,4,0
normal_009,0,micro_cluster,0.5,40,0.98,2,781,16,20,4,1
normal_009,0,hybrid,0.5,40,0.98,2,781,16,20,4,1
normal_010,0,large_component,0.5,40,0.98,2,316,28,22,4,0
normal_010,0,micro_cluster,0.5,40,0.98,2,316,28,22,4,1
normal_010,0,hybrid,0.5,40,0.98,2,316,28,22,4,1
tumor_001,1,large_component,0.5,40,0.98,3,6299,1487,1567,738,1
tumor_001,1,micro_cluster,0.5,40,0.98,3,6299,1487,1567,738,1
tumor_001,1,hybrid,0.5,40,0.98,3,6299,1487,1567,738,1
tumor_002,1,large_component,0.5,40,0.98,3,1382,40,72,7,1
tumor_002,1,micro_cluster,0.5,40,0.98,3,1382,40,72,7,1
tumor_002,1,hybrid,0.5,40,0.98,3,1382,40,72,7,1
tumor_003,1,large_component,0.5,40,0.98,3,2268,332,521,280,1
tumor_003,1,micro_cluster,0.5,40,0.98,3,2268,332,521,280,1
tumor_003,1,hybrid,0.5,40,0.98,3,2268,332,521,280,1
tumor_004,1,large_component,0.5,40,0.98,3,955,50,83,28,1
tumor_004,1,micro_cluster,0.5,40,0.98,3,955,50,83,28,1
tumor_004,1,hybrid,0.5,40,0.98,3,955,50,83,28,1
tumor_005,1,large_component,0.5,40,0.98,3,406,138,126,82,1
tumor_005,1,micro_cluster,0.5,40,0.98,3,406,138,126,82,1
tumor_005,1,hybrid,0.5,40,0.98,3,406,138,126,82,1
tumor_006,1,large_component,0.5,40,0.98,3,4426,85,332,46,1
tumor_006,1,micro_cluster,0.5,40,0.98,3,4426,85,332,46,1
tumor_006,1,hybrid,0.5,40,0.98,3,4426,85,332,46,1
tumor_007,1,large_component,0.5,40,0.98,3,5127,139,428,96,1
tumor_007,1,micro_cluster,0.5,40,0.98,3,5127,139,428,96,1
tumor_007,1,hybrid,0.5,40,0.98,3,5127,139,428,96,1
tumor_008,1,large_component,0.5,40,0.98,3,9168,880,592,33,1
tumor_008,1,micro_cluster,0.5,40,0.98,3,9168,880,592,33,1
tumor_008,1,hybrid,0.5,40,0.98,3,9168,880,592,33,1
tumor_009,1,large_component,0.5,40,0.98,3,37186,19924,13988,3907,1
tumor_009,1,micro_cluster,0.5,40,0.98,3,37186,19924,13988,3907,1
tumor_009,1,hybrid,0.5,40,0.98,3,37186,19924,13988,3907,1
tumor_010,1,large_component,0.5,40,0.98,3,6349,220,575,31,1
tumor_010,1,micro_cluster,0.5,40,0.98,3,6349,220,575,31,1
tumor_010,1,hybrid,0.5,40,0.98,3,6349,220,575,31,1
normal_001,0,large_component,0.5,40,0.98,3,140,18,4,2,0
normal_001,0,micro_cluster,0.5,40,0.98,3,140,18,4,2,0
normal_001,0,hybrid,0.5,40,0.98,3,140,18,4,2,0
normal_002,0,large_component,0.5,40,0.98,3,401,19,14,2,0
normal_002,0,micro_cluster,0.5,40,0.98,3,401,19,14,2,0
normal_002,0,hybrid,0.5,40,0.98,3,401,19,14,2,0
normal_003,0,large_component,0.5,40,0.98,3,535,19,17,2,0
normal_003,0,micro_cluster,0.5,40,0.98,3,535,19,17,2,0
normal_003,0,hybrid,0.5,40,0.98,3,535,19,17,2,0
normal_004,0,large_component,0.5,40,0.98,3,192,10,14,3,0
normal_004,0,micro_cluster,0.5,40,0.98,3,192,10,14,3,1
normal_004,0,hybrid,0.5,40,0.98,3,192,10,14,3,1
normal_005,0,large_component,0.5,40,0.98,3,292,20,17,3,0
normal_005,0,micro_cluster,0.5,40,0.98,3,292,20,17,3,1
normal_005,0,hybrid,0.5,40,0.98,3,292,20,17,3,1
normal_006,0,large_component,0.5,40,0.98,3,181,15,14,4,0
normal_006,0,micro_cluster,0.5,40,0.98,3,181,15,14,4,1
normal_006,0,hybrid,0.5,40,0.98,3,181,15,14,4,1
normal_007,0,large_component,0.5,40,0.98,3,240,21,18,8,0
normal_007,0,micro_cluster,0.5,40,0.98,3,240,21,18,8,1
normal_007,0,hybrid,0.5,40,0.98,3,240,21,18,8,1
normal_008,0,large_component,0.5,40,0.98,3,262,30,22,8,0
normal_008,0,micro_cluster,0.5,40,0.98,3,262,30,22,8,1
normal_008,0,hybrid,0.5,40,0.98,3,262,30,22,8,1
normal_009,0,large_component,0.5,40,0.98,3,781,16,20,4,0
normal_009,0,micro_cluster,0.5,40,0.98,3,781,16,20,4,1
normal_009,0,hybrid,0.5,40,0.98,3,781,16,20,4,1
normal_010,0,large_component,0.5,40,0.98,3,316,28,22,4,0
normal_010,0,micro_cluster,0.5,40,0.98,3,316,28,22,4,1
normal_010,0,hybrid,0.5,40,0.98,3,316,28,22,4,1
tumor_001,1,large_component,0.5,40,0.98,5,6299,1487,1567,738,1
tumor_001,1,micro_cluster,0.5,40,0.98,5,6299,1487,1567,738,1
tumor_001,1,hybrid,0.5,40,0.98,5,6299,1487,1567,738,1
tumor_002,1,large_component,0.5,40,0.98,5,1382,40,72,7,1
tumor_002,1,micro_cluster,0.5,40,0.98,5,1382,40,72,7,1
tumor_002,1,hybrid,0.5,40,0.98,5,1382,40,72,7,1
tumor_003,1,large_component,0.5,40,0.98,5,2268,332,521,280,1
tumor_003,1,micro_cluster,0.5,40,0.98,5,2268,332,521,280,1
tumor_003,1,hybrid,0.5,40,0.98,5,2268,332,521,280,1
tumor_004,1,large_component,0.5,40,0.98,5,955,50,83,28,1
tumor_004,1,micro_cluster,0.5,40,0.98,5,955,50,83,28,1
tumor_004,1,hybrid,0.5,40,0.98,5,955,50,83,28,1
tumor_005,1,large_component,0.5,40,0.98,5,406,138,126,82,1
tumor_005,1,micro_cluster,0.5,40,0.98,5,406,138,126,82,1
tumor_005,1,hybrid,0.5,40,0.98,5,406,138,126,82,1
tumor_006,1,large_component,0.5,40,0.98,5,4426,85,332,46,1
tumor_006,1,micro_cluster,0.5,40,0.98,5,4426,85,332,46,1
tumor_006,1,hybrid,0.5,40,0.98,5,4426,85,332,46,1
tumor_007,1,large_component,0.5,40,0.98,5,5127,139,428,96,1
tumor_007,1,micro_cluster,0.5,40,0.98,5,5127,139,428,96,1
tumor_007,1,hybrid,0.5,40,0.98,5,5127,139,428,96,1
tumor_008,1,large_component,0.5,40,0.98,5,9168,880,592,33,1
tumor_008,1,micro_cluster,0.5,40,0.98,5,9168,880,592,33,1
tumor_008,1,hybrid,0.5,40,0.98,5,9168,880,592,33,1
tumor_009,1,large_component,0.5,40,0.98,5,37186,19924,13988,3907,1
tumor_009,1,micro_cluster,0.5,40,0.98,5,37186,19924,13988,3907,1
tumor_009,1,hybrid,0.5,40,0.98,5,37186,19924,13988,3907,1
tumor_010,1,large_component,0.5,40,0.98,5,6349,220,575,31,1
tumor_010,1,micro_cluster,0.5,40,0.98,5,6349,220,575,31,1
tumor_010,1,hybrid,0.5,40,0.98,5,6349,220,575,31,1
normal_001,0,large_component,0.5,40,0.98,5,140,18,4,2,0
normal_001,0,micro_cluster,0.5,40,0.98,5,140,18,4,2,0
normal_001,0,hybrid,0.5,40,0.98,5,140,18,4,2,0
normal_002,0,large_component,0.5,40,0.98,5,401,19,14,2,0
normal_002,0,micro_cluster,0.5,40,0.98,5,401,19,14,2,0
normal_002,0,hybrid,0.5,40,0.98,5,401,19,14,2,0
normal_003,0,large_component,0.5,40,0.98,5,535,19,17,2,0
normal_003,0,micro_cluster,0.5,40,0.98,5,535,19,17,2,0
normal_003,0,hybrid,0.5,40,0.98,5,535,19,17,2,0
normal_004,0,large_component,0.5,40,0.98,5,192,10,14,3,0
normal_004,0,micro_cluster,0.5,40,0.98,5,192,10,14,3,0
normal_004,0,hybrid,0.5,40,0.98,5,192,10,14,3,0
normal_005,0,large_component,0.5,40,0.98,5,292,20,17,3,0
normal_005,0,micro_cluster,0.5,40,0.98,5,292,20,17,3,0
normal_005,0,hybrid,0.5,40,0.98,5,292,20,17,3,0
normal_006,0,large_component,0.5,40,0.98,5,181,15,14,4,0
normal_006,0,micro_cluster,0.5,40,0.98,5,181,15,14,4,0
normal_006,0,hybrid,0.5,40,0.98,5,181,15,14,4,0
normal_007,0,large_component,0.5,40,0.98,5,240,21,18,8,0
normal_007,0,micro_cluster,0.5,40,0.98,5,240,21,18,8,1
normal_007,0,hybrid,0.5,40,0.98,5,240,21,18,8,1
normal_008,0,large_component,0.5,40,0.98,5,262,30,22,8,0
normal_008,0,micro_cluster,0.5,40,0.98,5,262,30,22,8,1
normal_008,0,hybrid,0.5,40,0.98,5,262,30,22,8,1
normal_009,0,large_component,0.5,40,0.98,5,781,16,20,4,0
normal_009,0,micro_cluster,0.5,40,0.98,5,781,16,20,4,0
normal_009,0,hybrid,0.5,40,0.98,5,781,16,20,4,0
normal_010,0,large_component,0.5,40,0.98,5,316,28,22,4,0
normal_010,0,micro_cluster,0.5,40,0.98,5,316,28,22,4,0
normal_010,0,hybrid,0.5,40,0.98,5,316,28,22,4,0
tumor_001,1,large_component,0.5,40,0.95,2,6299,1487,2145,818,1
tumor_001,1,micro_cluster,0.5,40,0.95,2,6299,1487,2145,818,1
tumor_001,1,hybrid,0.5,40,0.95,2,6299,1487,2145,818,1
tumor_002,1,large_component,0.5,40,0.95,2,1382,40,163,9,1
tumor_002,1,micro_cluster,0.5,40,0.95,2,1382,40,163,9,1
tumor_002,1,hybrid,0.5,40,0.95,2,1382,40,163,9,1
tumor_003,1,large_component,0.5,40,0.95,2,2268,332,652,299,1
tumor_003,1,micro_cluster,0.5,40,0.95,2,2268,332,652,299,1
tumor_003,1,hybrid,0.5,40,0.95,2,2268,332,652,299,1
tumor_004,1,large_component,0.5,40,0.95,2,955,50,143,37,1
tumor_004,1,micro_cluster,0.5,40,0.95,2,955,50,143,37,1
tumor_004,1,hybrid,0.5,40,0.95,2,955,50,143,37,1
tumor_005,1,large_component,0.5,40,0.95,2,406,138,145,89,1
tumor_005,1,micro_cluster,0.5,40,0.95,2,406,138,145,89,1
tumor_005,1,hybrid,0.5,40,0.95,2,406,138,145,89,1
tumor_006,1,large_component,0.5,40,0.95,2,4426,85,660,51,1
tumor_006,1,micro_cluster,0.5,40,0.95,2,4426,85,660,51,1
tumor_006,1,hybrid,0.5,40,0.95,2,4426,85,660,51,1
tumor_007,1,large_component,0.5,40,0.95,2,5127,139,776,101,1
tumor_007,1,micro_cluster,0.5,40,0.95,2,5127,139,776,101,1
tumor_007,1,hybrid,0.5,40,0.95,2,5127,139,776,101,1
tumor_008,1,large_component,0.5,40,0.95,2,9168,880,1187,65,1
tumor_008,1,micro_cluster,0.5,40,0.95,2,9168,880,1187,65,1
tumor_008,1,hybrid,0.5,40,0.95,2,9168,880,1187,65,1
tumor_009,1,large_component,0.5,40,0.95,2,37186,19924,18879,5106,1
tumor_009,1,micro_cluster,0.5,40,0.95,2,37186,19924,18879,5106,1
tumor_009,1,hybrid,0.5,40,0.95,2,37186,19924,18879,5106,1
tumor_010,1,large_component,0.5,40,0.95,2,6349,220,1075,37,1
tumor_010,1,micro_cluster,0.5,40,0.95,2,6349,220,1075,37,1
tumor_010,1,hybrid,0.5,40,0.95,2,6349,220,1075,37,1
normal_001,0,large_component,0.5,40,0.95,2,140,18,11,4,0
normal_001,0,micro_cluster,0.5,40,0.95,2,140,18,11,4,1
normal_001,0,hybrid,0.5,40,0.95,2,140,18,11,4,1
normal_002,0,large_component,0.5,40,0.95,2,401,19,30,6,0
normal_002,0,micro_cluster,0.5,40,0.95,2,401,19,30,6,1
normal_002,0,hybrid,0.5,40,0.95,2,401,19,30,6,1
normal_003,0,large_component,0.5,40,0.95,2,535,19,45,3,0
normal_003,0,micro_cluster,0.5,40,0.95,2,535,19,45,3,1
normal_003,0,hybrid,0.5,40,0.95,2,535,19,45,3,1
normal_004,0,large_component,0.5,40,0.95,2,192,10,27,3,0
normal_004,0,micro_cluster,0.5,40,0.95,2,192,10,27,3,1
normal_004,0,hybrid,0.5,40,0.95,2,192,10,27,3,1
normal_005,0,large_component,0.5,40,0.95,2,292,20,35,4,0
normal_005,0,micro_cluster,0.5,40,0.95,2,292,20,35,4,1
normal_005,0,hybrid,0.5,40,0.95,2,292,20,35,4,1
normal_006,0,large_component,0.5,40,0.95,2,181,15,30,6,0
normal_006,0,micro_cluster,0.5,40,0.95,2,181,15,30,6,1
normal_006,0,hybrid,0.5,40,0.95,2,181,15,30,6,1
normal_007,0,large_component,0.5,40,0.95,2,240,21,23,10,0
normal_007,0,micro_cluster,0.5,40,0.95,2,240,21,23,10,1
normal_007,0,hybrid,0.5,40,0.95,2,240,21,23,10,1
normal_008,0,large_component,0.5,40,0.95,2,262,30,47,11,0
normal_008,0,micro_cluster,0.5,40,0.95,2,262,30,47,11,1
normal_008,0,hybrid,0.5,40,0.95,2,262,30,47,11,1
normal_009,0,large_component,0.5,40,0.95,2,781,16,43,4,0
normal_009,0,micro_cluster,0.5,40,0.95,2,781,16,43,4,1
normal_009,0,hybrid,0.5,40,0.95,2,781,16,43,4,1
normal_010,0,large_component,0.5,40,0.95,2,316,28,43,6,0
normal_010,0,micro_cluster,0.5,40,0.95,2,316,28,43,6,1
normal_010,0,hybrid,0.5,40,0.95,2,316,28,43,6,1
tumor_001,1,large_component,0.5,40,0.95,3,6299,1487,2145,818,1
tumor_001,1,micro_cluster,0.5,40,0.95,3,6299,1487,2145,818,1
tumor_001,1,hybrid,0.5,40,0.95,3,6299,1487,2145,818,1
tumor_002,1,large_component,0.5,40,0.95,3,1382,40,163,9,1
tumor_002,1,micro_cluster,0.5,40,0.95,3,1382,40,163,9,1
tumor_002,1,hybrid,0.5,40,0.95,3,1382,40,163,9,1
tumor_003,1,large_component,0.5,40,0.95,3,2268,332,652,299,1
tumor_003,1,micro_cluster,0.5,40,0.95,3,2268,332,652,299,1
tumor_003,1,hybrid,0.5,40,0.95,3,2268,332,652,299,1
tumor_004,1,large_component,0.5,40,0.95,3,955,50,143,37,1
tumor_004,1,micro_cluster,0.5,40,0.95,3,955,50,143,37,1
tumor_004,1,hybrid,0.5,40,0.95,3,955,50,143,37,1
tumor_005,1,large_component,0.5,40,0.95,3,406,138,145,89,1
tumor_005,1,micro_cluster,0.5,40,0.95,3,406,138,145,89,1
tumor_005,1,hybrid,0.5,40,0.95,3,406,138,145,89,1
tumor_006,1,large_component,0.5,40,0.95,3,4426,85,660,51,1
tumor_006,1,micro_cluster,0.5,40,0.95,3,4426,85,660,51,1
tumor_006,1,hybrid,0.5,40,0.95,3,4426,85,660,51,1
tumor_007,1,large_component,0.5,40,0.95,3,5127,139,776,101,1
tumor_007,1,micro_cluster,0.5,40,0.95,3,5127,139,776,101,1
tumor_007,1,hybrid,0.5,40,0.95,3,5127,139,776,101,1
tumor_008,1,large_component,0.5,40,0.95,3,9168,880,1187,65,1
tumor_008,1,micro_cluster,0.5,40,0.95,3,9168,880,1187,65,1
tumor_008,1,hybrid,0.5,40,0.95,3,9168,880,1187,65,1
tumor_009,1,large_component,0.5,40,0.95,3,37186,19924,18879,5106,1
tumor_009,1,micro_cluster,0.5,40,0.95,3,37186,19924,18879,5106,1
tumor_009,1,hybrid,0.5,40,0.95,3,37186,19924,18879,5106,1
tumor_010,1,large_component,0.5,40,0.95,3,6349,220,1075,37,1
tumor_010,1,micro_cluster,0.5,40,0.95,3,6349,220,1075,37,1
tumor_010,1,hybrid,0.5,40,0.95,3,6349,220,1075,37,1
normal_001,0,large_component,0.5,40,0.95,3,140,18,11,4,0
normal_001,0,micro_cluster,0.5,40,0.95,3,140,18,11,4,1
normal_001,0,hybrid,0.5,40,0.95,3,140,18,11,4,1
normal_002,0,large_component,0.5,40,0.95,3,401,19,30,6,0
normal_002,0,micro_cluster,0.5,40,0.95,3,401,19,30,6,1
normal_002,0,hybrid,0.5,40,0.95,3,401,19,30,6,1
normal_003,0,large_component,0.5,40,0.95,3,535,19,45,3,0
normal_003,0,micro_cluster,0.5,40,0.95,3,535,19,45,3,1
normal_003,0,hybrid,0.5,40,0.95,3,535,19,45,3,1
normal_004,0,large_component,0.5,40,0.95,3,192,10,27,3,0
normal_004,0,micro_cluster,0.5,40,0.95,3,192,10,27,3,1
normal_004,0,hybrid,0.5,40,0.95,3,192,10,27,3,1
normal_005,0,large_component,0.5,40,0.95,3,292,20,35,4,0
normal_005,0,micro_cluster,0.5,40,0.95,3,292,20,35,4,1
normal_005,0,hybrid,0.5,40,0.95,3,292,20,35,4,1
normal_006,0,large_component,0.5,40,0.95,3,181,15,30,6,0
normal_006,0,micro_cluster,0.5,40,0.95,3,181,15,30,6,1
normal_006,0,hybrid,0.5,40,0.95,3,181,15,30,6,1
normal_007,0,large_component,0.5,40,0.95,3,240,21,23,10,0
normal_007,0,micro_cluster,0.5,40,0.95,3,240,21,23,10,1
normal_007,0,hybrid,0.5,40,0.95,3,240,21,23,10,1
normal_008,0,large_component,0.5,40,0.95,3,262,30,47,11,0
normal_008,0,micro_cluster,0.5,40,0.95,3,262,30,47,11,1
normal_008,0,hybrid,0.5,40,0.95,3,262,30,47,11,1
normal_009,0,large_component,0.5,40,0.95,3,781,16,43,4,0
normal_009,0,micro_cluster,0.5,40,0.95,3,781,16,43,4,1
normal_009,0,hybrid,0.5,40,0.95,3,781,16,43,4,1
normal_010,0,large_component,0.5,40,0.95,3,316,28,43,6,0
normal_010,0,micro_cluster,0.5,40,0.95,3,316,28,43,6,1
normal_010,0,hybrid,0.5,40,0.95,3,316,28,43,6,1
tumor_001,1,large_component,0.5,40,0.95,5,6299,1487,2145,818,1
tumor_001,1,micro_cluster,0.5,40,0.95,5,6299,1487,2145,818,1
tumor_001,1,hybrid,0.5,40,0.95,5,6299,1487,2145,818,1
tumor_002,1,large_component,0.5,40,0.95,5,1382,40,163,9,1
tumor_002,1,micro_cluster,0.5,40,0.95,5,1382,40,163,9,1
tumor_002,1,hybrid,0.5,40,0.95,5,1382,40,163,9,1
tumor_003,1,large_component,0.5,40,0.95,5,2268,332,652,299,1
tumor_003,1,micro_cluster,0.5,40,0.95,5,2268,332,652,299,1
tumor_003,1,hybrid,0.5,40,0.95,5,2268,332,652,299,1
tumor_004,1,large_component,0.5,40,0.95,5,955,50,143,37,1
tumor_004,1,micro_cluster,0.5,40,0.95,5,955,50,143,37,1
tumor_004,1,hybrid,0.5,40,0.95,5,955,50,143,37,1
tumor_005,1,large_component,0.5,40,0.95,5,406,138,145,89,1
tumor_005,1,micro_cluster,0.5,40,0.95,5,406,138,145,89,1
tumor_005,1,hybrid,0.5,40,0.95,5,406,138,145,89,1
tumor_006,1,large_component,0.5,40,0.95,5,4426,85,660,51,1
tumor_006,1,micro_cluster,0.5,40,0.95,5,4426,85,660,51,1
tumor_006,1,hybrid,0.5,40,0.95,5,4426,85,660,51,1
tumor_007,1,large_component,0.5,40,0.95,5,5127,139,776,101,1
tumor_007,1,micro_cluster,0.5,40,0.95,5,5127,139,776,101,1
tumor_007,1,hybrid,0.5,40,0.95,5,5127,139,776,101,1
tumor_008,1,large_component,0.5,40,0.95,5,9168,880,1187,65,1
tumor_008,1,micro_cluster,0.5,40,0.95,5,9168,880,1187,65,1
tumor_008,1,hybrid,0.5,40,0.95,5,9168,880,1187,65,1
tumor_009,1,large_component,0.5,40,0.95,5,37186,19924,18879,5106,1
tumor_009,1,micro_cluster,0.5,40,0.95,5,37186,19924,18879,5106,1
tumor_009,1,hybrid,0.5,40,0.95,5,37186,19924,18879,5106,1
tumor_010,1,large_component,0.5,40,0.95,5,6349,220,1075,37,1
tumor_010,1,micro_cluster,0.5,40,0.95,5,6349,220,1075,37,1
tumor_010,1,hybrid,0.5,40,0.95,5,6349,220,1075,37,1
normal_001,0,large_component,0.5,40,0.95,5,140,18,11,4,0
normal_001,0,micro_cluster,0.5,40,0.95,5,140,18,11,4,0
normal_001,0,hybrid,0.5,40,0.95,5,140,18,11,4,0
normal_002,0,large_component,0.5,40,0.95,5,401,19,30,6,0
normal_002,0,micro_cluster,0.5,40,0.95,5,401,19,30,6,1
normal_002,0,hybrid,0.5,40,0.95,5,401,19,30,6,1
normal_003,0,large_component,0.5,40,0.95,5,535,19,45,3,0
normal_003,0,micro_cluster,0.5,40,0.95,5,535,19,45,3,0
normal_003,0,hybrid,0.5,40,0.95,5,535,19,45,3,0
normal_004,0,large_component,0.5,40,0.95,5,192,10,27,3,0
normal_004,0,micro_cluster,0.5,40,0.95,5,192,10,27,3,0
normal_004,0,hybrid,0.5,40,0.95,5,192,10,27,3,0
normal_005,0,large_component,0.5,40,0.95,5,292,20,35,4,0
normal_005,0,micro_cluster,0.5,40,0.95,5,292,20,35,4,0
normal_005,0,hybrid,0.5,40,0.95,5,292,20,35,4,0
normal_006,0,large_component,0.5,40,0.95,5,181,15,30,6,0
normal_006,0,micro_cluster,0.5,40,0.95,5,181,15,30,6,1
normal_006,0,hybrid,0.5,40,0.95,5,181,15,30,6,1
normal_007,0,large_component,0.5,40,0.95,5,240,21,23,10,0
normal_007,0,micro_cluster,0.5,40,0.95,5,240,21,23,10,1
normal_007,0,hybrid,0.5,40,0.95,5,240,21,23,10,1
normal_008,0,large_component,0.5,40,0.95,5,262,30,47,11,0
normal_008,0,micro_cluster,0.5,40,0.95,5,262,30,47,11,1
normal_008,0,hybrid,0.5,40,0.95,5,262,30,47,11,1
normal_009,0,large_component,0.5,40,0.95,5,781,16,43,4,0
normal_009,0,micro_cluster,0.5,40,0.95,5,781,16,43,4,0
normal_009,0,hybrid,0.5,40,0.95,5,781,16,43,4,0
normal_010,0,large_component,0.5,40,0.95,5,316,28,43,6,0
normal_010,0,micro_cluster,0.5,40,0.95,5,316,28,43,6,1
normal_010,0,hybrid,0.5,40,0.95,5,316,28,43,6,1
tumor_001,1,large_component,0.5,50,0.99,2,6299,1487,1271,697,1
tumor_001,1,micro_cluster,0.5,50,0.99,2,6299,1487,1271,697,1
tumor_001,1,hybrid,0.5,50,0.99,2,6299,1487,1271,697,1
tumor_002,1,large_component,0.5,50,0.99,2,1382,40,40,7,0
tumor_002,1,micro_cluster,0.5,50,0.99,2,1382,40,40,7,1
tumor_002,1,hybrid,0.5,50,0.99,2,1382,40,40,7,1
tumor_003,1,large_component,0.5,50,0.99,2,2268,332,471,266,1
tumor_003,1,micro_cluster,0.5,50,0.99,2,2268,332,471,266,1
tumor_003,1,hybrid,0.5,50,0.99,2,2268,332,471,266,1
tumor_004,1,large_component,0.5,50,0.99,2,955,50,63,23,1
tumor_004,1,micro_cluster,0.5,50,0.99,2,955,50,63,23,1
tumor_004,1,hybrid,0.5,50,0.99,2,955,50,63,23,1
tumor_005,1,large_component,0.5,50,0.99,2,406,138,117,78,1
tumor_005,1,micro_cluster,0.5,50,0.99,2,406,138,117,78,1
tumor_005,1,hybrid,0.5,50,0.99,2,406,138,117,78,1
tumor_006,1,large_component,0.5,50,0.99,2,4426,85,227,44,1
tumor_006,1,micro_cluster,0.5,50,0.99,2,4426,85,227,44,1
tumor_006,1,hybrid,0.5,50,0.99,2,4426,85,227,44,1
tumor_007,1,large_component,0.5,50,0.99,2,5127,139,294,92,1
tumor_007,1,micro_cluster,0.5,50,0.99,2,5127,139,294,92,1
tumor_007,1,hybrid,0.5,50,0.99,2,5127,139,294,92,1
tumor_008,1,large_component,0.5,50,0.99,2,9168,880,351,22,1
tumor_008,1,micro_cluster,0.5,50,0.99,2,9168,880,351,22,1
tumor_008,1,hybrid,0.5,50,0.99,2,9168,880,351,22,1
tumor_009,1,large_component,0.5,50,0.99,2,37186,19924,10881,2804,1
tumor_009,1,micro_cluster,0.5,50,0.99,2,37186,19924,10881,2804,1
tumor_009,1,hybrid,0.5,50,0.99,2,37186,19924,10881,2804,1
tumor_010,1,large_component,0.5,50,0.99,2,6349,220,359,29,1
tumor_010,1,micro_cluster,0.5,50,0.99,2,6349,220,359,29,1
tumor_010,1,hybrid,0.5,50,0.99,2,6349,220,359,29,1
normal_001,0,large_component,0.5,50,0.99,2,140,18,1,1,0
normal_001,0,micro_cluster,0.5,50,0.99,2,140,18,1,1,0
normal_001,0,hybrid,0.5,50,0.99,2,140,18,1,1,0
normal_002,0,large_component,0.5,50,0.99,2,401,19,8,1,0
normal_002,0,micro_cluster,0.5,50,0.99,2,401,19,8,1,0
normal_002,0,hybrid,0.5,50,0.99,2,401,19,8,1,0
normal_003,0,large_component,0.5,50,0.99,2,535,19,8,1,0
normal_003,0,micro_cluster,0.5,50,0.99,2,535,19,8,1,0
normal_003,0,hybrid,0.5,50,0.99,2,535,19,8,1,0
normal_004,0,large_component,0.5,50,0.99,2,192,10,9,2,0
normal_004,0,micro_cluster,0.5,50,0.99,2,192,10,9,2,1
normal_004,0,hybrid,0.5,50,0.99,2,192,10,9,2,1
normal_005,0,large_component,0.5,50,0.99,2,292,20,6,2,0
normal_005,0,micro_cluster,0.5,50,0.99,2,292,20,6,2,1
normal_005,0,hybrid,0.5,50,0.99,2,292,20,6,2,1
normal_006,0,large_component,0.5,50,0.99,2,181,15,9,4,0
normal_006,0,micro_cluster,0.5,50,0.99,2,181,15,9,4,1
normal_006,0,hybrid,0.5,50,0.99,2,181,15,9,4,1
normal_007,0,large_component,0.5,50,0.99,2,240,21,11,7,0
normal_007,0,micro_cluster,0.5,50,0.99,2,240,21,11,7,1
normal_007,0,hybrid,0.5,50,0.99,2,240,21,11,7,1
normal_008,0,large_component,0.5,50,0.99,2,262,30,10,6,0
normal_008,0,micro_cluster,0.5,50,0.99,2,262,30,10,6,1
normal_008,0,hybrid,0.5,50,0.99,2,262,30,10,6,1
normal_009,0,large_component,0.5,50,0.99,2,781,16,10,3,0
normal_009,0,micro_cluster,0.5,50,0.99,2,781,16,10,3,1
normal_009,0,hybrid,0.5,50,0.99,2,781,16,10,3,1
normal_010,0,large_component,0.5,50,0.99,2,316,28,15,4,0
normal_010,0,micro_cluster,0.5,50,0.99,2,316,28,15,4,1
normal_010,0,hybrid,0.5,50,0.99,2,316,28,15,4,1
tumor_001,1,large_component,0.5,50,0.99,3,6299,1487,1271,697,1
tumor_001,1,micro_cluster,0.5,50,0.99,3,6299,1487,1271,697,1
tumor_001,1,hybrid,0.5,50,0.99,3,6299,1487,1271,697,1
tumor_002,1,large_component,0.5,50,0.99,3,1382,40,40,7,0
tumor_002,1,micro_cluster,0.5,50,0.99,3,1382,40,40,7,1
tumor_002,1,hybrid,0.5,50,0.99,3,1382,40,40,7,1
tumor_003,1,large_component,0.5,50,0.99,3,2268,332,471,266,1
tumor_003,1,micro_cluster,0.5,50,0.99,3,2268,332,471,266,1
tumor_003,1,hybrid,0.5,50,0.99,3,2268,332,471,266,1
tumor_004,1,large_component,0.5,50,0.99,3,955,50,63,23,1
tumor_004,1,micro_cluster,0.5,50,0.99,3,955,50,63,23,1
tumor_004,1,hybrid,0.5,50,0.99,3,955,50,63,23,1
tumor_005,1,large_component,0.5,50,0.99,3,406,138,117,78,1
tumor_005,1,micro_cluster,0.5,50,0.99,3,406,138,117,78,1
tumor_005,1,hybrid,0.5,50,0.99,3,406,138,117,78,1
tumor_006,1,large_component,0.5,50,0.99,3,4426,85,227,44,1
tumor_006,1,micro_cluster,0.5,50,0.99,3,4426,85,227,44,1
tumor_006,1,hybrid,0.5,50,0.99,3,4426,85,227,44,1
tumor_007,1,large_component,0.5,50,0.99,3,5127,139,294,92,1
tumor_007,1,micro_cluster,0.5,50,0.99,3,5127,139,294,92,1
tumor_007,1,hybrid,0.5,50,0.99,3,5127,139,294,92,1
tumor_008,1,large_component,0.5,50,0.99,3,9168,880,351,22,1
tumor_008,1,micro_cluster,0.5,50,0.99,3,9168,880,351,22,1
tumor_008,1,hybrid,0.5,50,0.99,3,9168,880,351,22,1
tumor_009,1,large_component,0.5,50,0.99,3,37186,19924,10881,2804,1
tumor_009,1,micro_cluster,0.5,50,0.99,3,37186,19924,10881,2804,1
tumor_009,1,hybrid,0.5,50,0.99,3,37186,19924,10881,2804,1
tumor_010,1,large_component,0.5,50,0.99,3,6349,220,359,29,1
tumor_010,1,micro_cluster,0.5,50,0.99,3,6349,220,359,29,1
tumor_010,1,hybrid,0.5,50,0.99,3,6349,220,359,29,1
normal_001,0,large_component,0.5,50,0.99,3,140,18,1,1,0
normal_001,0,micro_cluster,0.5,50,0.99,3,140,18,1,1,0
normal_001,0,hybrid,0.5,50,0.99,3,140,18,1,1,0
normal_002,0,large_component,0.5,50,0.99,3,401,19,8,1,0
normal_002,0,micro_cluster,0.5,50,0.99,3,401,19,8,1,0
normal_002,0,hybrid,0.5,50,0.99,3,401,19,8,1,0
normal_003,0,large_component,0.5,50,0.99,3,535,19,8,1,0
normal_003,0,micro_cluster,0.5,50,0.99,3,535,19,8,1,0
normal_003,0,hybrid,0.5,50,0.99,3,535,19,8,1,0
normal_004,0,large_component,0.5,50,0.99,3,192,10,9,2,0
normal_004,0,micro_cluster,0.5,50,0.99,3,192,10,9,2,0
normal_004,0,hybrid,0.5,50,0.99,3,192,10,9,2,0
normal_005,0,large_component,0.5,50,0.99,3,292,20,6,2,0
normal_005,0,micro_cluster,0.5,50,0.99,3,292,20,6,2,0
normal_005,0,hybrid,0.5,50,0.99,3,292,20,6,2,0
normal_006,0,large_component,0.5,50,0.99,3,181,15,9,4,0
normal_006,0,micro_cluster,0.5,50,0.99,3,181,15,9,4,1
normal_006,0,hybrid,0.5,50,0.99,3,181,15,9,4,1
normal_007,0,large_component,0.5,50,0.99,3,240,21,11,7,0
normal_007,0,micro_cluster,0.5,50,0.99,3,240,21,11,7,1
normal_007,0,hybrid,0.5,50,0.99,3,240,21,11,7,1
normal_008,0,large_component,0.5,50,0.99,3,262,30,10,6,0
normal_008,0,micro_cluster,0.5,50,0.99,3,262,30,10,6,1
normal_008,0,hybrid,0.5,50,0.99,3,262,30,10,6,1
normal_009,0,large_component,0.5,50,0.99,3,781,16,10,3,0
normal_009,0,micro_cluster,0.5,50,0.99,3,781,16,10,3,1
normal_009,0,hybrid,0.5,50,0.99,3,781,16,10,3,1
normal_010,0,large_component,0.5,50,0.99,3,316,28,15,4,0
normal_010,0,micro_cluster,0.5,50,0.99,3,316,28,15,4,1
normal_010,0,hybrid,0.5,50,0.99,3,316,28,15,4,1
tumor_001,1,large_component,0.5,50,0.99,5,6299,1487,1271,697,1
tumor_001,1,micro_cluster,0.5,50,0.99,5,6299,1487,1271,697,1
tumor_001,1,hybrid,0.5,50,0.99,5,6299,1487,1271,697,1
tumor_002,1,large_component,0.5,50,0.99,5,1382,40,40,7,0
tumor_002,1,micro_cluster,0.5,50,0.99,5,1382,40,40,7,1
tumor_002,1,hybrid,0.5,50,0.99,5,1382,40,40,7,1
tumor_003,1,large_component,0.5,50,0.99,5,2268,332,471,266,1
tumor_003,1,micro_cluster,0.5,50,0.99,5,2268,332,471,266,1
tumor_003,1,hybrid,0.5,50,0.99,5,2268,332,471,266,1
tumor_004,1,large_component,0.5,50,0.99,5,955,50,63,23,1
tumor_004,1,micro_cluster,0.5,50,0.99,5,955,50,63,23,1
tumor_004,1,hybrid,0.5,50,0.99,5,955,50,63,23,1
tumor_005,1,large_component,0.5,50,0.99,5,406,138,117,78,1
tumor_005,1,micro_cluster,0.5,50,0.99,5,406,138,117,78,1
tumor_005,1,hybrid,0.5,50,0.99,5,406,138,117,78,1
tumor_006,1,large_component,0.5,50,0.99,5,4426,85,227,44,1
tumor_006,1,micro_cluster,0.5,50,0.99,5,4426,85,227,44,1
tumor_006,1,hybrid,0.5,50,0.99,5,4426,85,227,44,1
tumor_007,1,large_component,0.5,50,0.99,5,5127,139,294,92,1
tumor_007,1,micro_cluster,0.5,50,0.99,5,5127,139,294,92,1
tumor_007,1,hybrid,0.5,50,0.99,5,5127,139,294,92,1
tumor_008,1,large_component,0.5,50,0.99,5,9168,880,351,22,1
tumor_008,1,micro_cluster,0.5,50,0.99,5,9168,880,351,22,1
tumor_008,1,hybrid,0.5,50,0.99,5,9168,880,351,22,1
tumor_009,1,large_component,0.5,50,0.99,5,37186,19924,10881,2804,1
tumor_009,1,micro_cluster,0.5,50,0.99,5,37186,19924,10881,2804,1
tumor_009,1,hybrid,0.5,50,0.99,5,37186,19924,10881,2804,1
tumor_010,1,large_component,0.5,50,0.99,5,6349,220,359,29,1
tumor_010,1,micro_cluster,0.5,50,0.99,5,6349,220,359,29,1
tumor_010,1,hybrid,0.5,50,0.99,5,6349,220,359,29,1
normal_001,0,large_component,0.5,50,0.99,5,140,18,1,1,0
normal_001,0,micro_cluster,0.5,50,0.99,5,140,18,1,1,0
normal_001,0,hybrid,0.5,50,0.99,5,140,18,1,1,0
normal_002,0,large_component,0.5,50,0.99,5,401,19,8,1,0
normal_002,0,micro_cluster,0.5,50,0.99,5,401,19,8,1,0
normal_002,0,hybrid,0.5,50,0.99,5,401,19,8,1,0
normal_003,0,large_component,0.5,50,0.99,5,535,19,8,1,0
normal_003,0,micro_cluster,0.5,50,0.99,5,535,19,8,1,0
normal_003,0,hybrid,0.5,50,0.99,5,535,19,8,1,0
normal_004,0,large_component,0.5,50,0.99,5,192,10,9,2,0
normal_004,0,micro_cluster,0.5,50,0.99,5,192,10,9,2,0
normal_004,0,hybrid,0.5,50,0.99,5,192,10,9,2,0
normal_005,0,large_component,0.5,50,0.99,5,292,20,6,2,0
normal_005,0,micro_cluster,0.5,50,0.99,5,292,20,6,2,0
normal_005,0,hybrid,0.5,50,0.99,5,292,20,6,2,0
normal_006,0,large_component,0.5,50,0.99,5,181,15,9,4,0
normal_006,0,micro_cluster,0.5,50,0.99,5,181,15,9,4,0
normal_006,0,hybrid,0.5,50,0.99,5,181,15,9,4,0
normal_007,0,large_component,0.5,50,0.99,5,240,21,11,7,0
normal_007,0,micro_cluster,0.5,50,0.99,5,240,21,11,7,1
normal_007,0,hybrid,0.5,50,0.99,5,240,21,11,7,1
normal_008,0,large_component,0.5,50,0.99,5,262,30,10,6,0
normal_008,0,micro_cluster,0.5,50,0.99,5,262,30,10,6,1
normal_008,0,hybrid,0.5,50,0.99,5,262,30,10,6,1
normal_009,0,large_component,0.5,50,0.99,5,781,16,10,3,0
normal_009,0,micro_cluster,0.5,50,0.99,5,781,16,10,3,0
normal_009,0,hybrid,0.5,50,0.99,5,781,16,10,3,0
normal_010,0,large_component,0.5,50,0.99,5,316,28,15,4,0
normal_010,0,micro_cluster,0.5,50,0.99,5,316,28,15,4,0
normal_010,0,hybrid,0.5,50,0.99,5,316,28,15,4,0
tumor_001,1,large_component,0.5,50,0.98,2,6299,1487,1567,738,1
tumor_001,1,micro_cluster,0.5,50,0.98,2,6299,1487,1567,738,1
tumor_001,1,hybrid,0.5,50,0.98,2,6299,1487,1567,738,1
tumor_002,1,large_component,0.5,50,0.98,2,1382,40,72,7,0
tumor_002,1,micro_cluster,0.5,50,0.98,2,1382,40,72,7,1
tumor_002,1,hybrid,0.5,50,0.98,2,1382,40,72,7,1
tumor_003,1,large_component,0.5,50,0.98,2,2268,332,521,280,1
tumor_003,1,micro_cluster,0.5,50,0.98,2,2268,332,521,280,1
tumor_003,1,hybrid,0.5,50,0.98,2,2268,332,521,280,1
tumor_004,1,large_component,0.5,50,0.98,2,955,50,83,28,1
tumor_004,1,micro_cluster,0.5,50,0.98,2,955,50,83,28,1
tumor_004,1,hybrid,0.5,50,0.98,2,955,50,83,28,1
tumor_005,1,large_component,0.5,50,0.98,2,406,138,126,82,1
tumor_005,1,micro_cluster,0.5,50,0.98,2,406,138,126,82,1
tumor_005,1,hybrid,0.5,50,0.98,2,406,138,126,82,1
tumor_006,1,large_component,0.5,50,0.98,2,4426,85,332,46,1
tumor_006,1,micro_cluster,0.5,50,0.98,2,4426,85,332,46,1
tumor_006,1,hybrid,0.5,50,0.98,2,4426,85,332,46,1
tumor_007,1,large_component,0.5,50,0.98,2,5127,139,428,96,1
tumor_007,1,micro_cluster,0.5,50,0.98,2,5127,139,428,96,1
tumor_007,1,hybrid,0.5,50,0.98,2,5127,139,428,96,1
tumor_008,1,large_component,0.5,50,0.98,2,9168,880,592,33,1
tumor_008,1,micro_cluster,0.5,50,0.98,2,9168,880,592,33,1
tumor_008,1,hybrid,0.5,50,0.98,2,9168,880,592,33,1
tumor_009,1,large_component,0.5,50,0.98,2,37186,19924,13988,3907,1
tumor_009,1,micro_cluster,0.5,50,0.98,2,37186,19924,13988,3907,1
tumor_009,1,hybrid,0.5,50,0.98,2,37186,19924,13988,3907,1
tumor_010,1,large_component,0.5,50,0.98,2,6349,220,575,31,1
tumor_010,1,micro_cluster,0.5,50,0.98,2,6349,220,575,31,1
tumor_010,1,hybrid,0.5,50,0.98,2,6349,220,575,31,1
normal_001,0,large_component,0.5,50,0.98,2,140,18,4,2,0
normal_001,0,micro_cluster,0.5,50,0.98,2,140,18,4,2,1
normal_001,0,hybrid,0.5,50,0.98,2,140,18,4,2,1
normal_002,0,large_component,0.5,50,0.98,2,401,19,14,2,0
normal_002,0,micro_cluster,0.5,50,0.98,2,401,19,14,2,1
normal_002,0,hybrid,0.5,50,0.98,2,401,19,14,2,1
normal_003,0,large_component,0.5,50,0.98,2,535,19,17,2,0
normal_003,0,micro_cluster,0.5,50,0.98,2,535,19,17,2,1
normal_003,0,hybrid,0.5,50,0.98,2,535,19,17,2,1
normal_004,0,large_component,0.5,50,0.98,2,192,10,14,3,0
normal_004,0,micro_cluster,0.5,50,0.98,2,192,10,14,3,1
normal_004,0,hybrid,0.5,50,0.98,2,192,10,14,3,1
normal_005,0,large_component,0.5,50,0.98,2,292,20,17,3,0
normal_005,0,micro_cluster,0.5,50,0.98,2,292,20,17,3,1
normal_005,0,hybrid,0.5,50,0.98,2,292,20,17,3,1
normal_006,0,large_component,0.5,50,0.98,2,181,15,14,4,0
normal_006,0,micro_cluster,0.5,50,0.98,2,181,15,14,4,1
normal_006,0,hybrid,0.5,50,0.98,2,181,15,14,4,1
normal_007,0,large_component,0.5,50,0.98,2,240,21,18,8,0
normal_007,0,micro_cluster,0.5,50,0.98,2,240,21,18,8,1
normal_007,0,hybrid,0.5,50,0.98,2,240,21,18,8,1
normal_008,0,large_component,0.5,50,0.98,2,262,30,22,8,0
normal_008,0,micro_cluster,0.5,50,0.98,2,262,30,22,8,1
normal_008,0,hybrid,0.5,50,0.98,2,262,30,22,8,1
normal_009,0,large_component,0.5,50,0.98,2,781,16,20,4,0
normal_009,0,micro_cluster,0.5,50,0.98,2,781,16,20,4,1
normal_009,0,hybrid,0.5,50,0.98,2,781,16,20,4,1
normal_010,0,large_component,0.5,50,0.98,2,316,28,22,4,0
normal_010,0,micro_cluster,0.5,50,0.98,2,316,28,22,4,1
normal_010,0,hybrid,0.5,50,0.98,2,316,28,22,4,1
tumor_001,1,large_component,0.5,50,0.98,3,6299,1487,1567,738,1
tumor_001,1,micro_cluster,0.5,50,0.98,3,6299,1487,1567,738,1
tumor_001,1,hybrid,0.5,50,0.98,3,6299,1487,1567,738,1
tumor_002,1,large_component,0.5,50,0.98,3,1382,40,72,7,0
tumor_002,1,micro_cluster,0.5,50,0.98,3,1382,40,72,7,1
tumor_002,1,hybrid,0.5,50,0.98,3,1382,40,72,7,1
tumor_003,1,large_component,0.5,50,0.98,3,2268,332,521,280,1
tumor_003,1,micro_cluster,0.5,50,0.98,3,2268,332,521,280,1
tumor_003,1,hybrid,0.5,50,0.98,3,2268,332,521,280,1
tumor_004,1,large_component,0.5,50,0.98,3,955,50,83,28,1
tumor_004,1,micro_cluster,0.5,50,0.98,3,955,50,83,28,1
tumor_004,1,hybrid,0.5,50,0.98,3,955,50,83,28,1
tumor_005,1,large_component,0.5,50,0.98,3,406,138,126,82,1
tumor_005,1,micro_cluster,0.5,50,0.98,3,406,138,126,82,1
tumor_005,1,hybrid,0.5,50,0.98,3,406,138,126,82,1
tumor_006,1,large_component,0.5,50,0.98,3,4426,85,332,46,1
tumor_006,1,micro_cluster,0.5,50,0.98,3,4426,85,332,46,1
tumor_006,1,hybrid,0.5,50,0.98,3,4426,85,332,46,1
tumor_007,1,large_component,0.5,50,0.98,3,5127,139,428,96,1
tumor_007,1,micro_cluster,0.5,50,0.98,3,5127,139,428,96,1
tumor_007,1,hybrid,0.5,50,0.98,3,5127,139,428,96,1
tumor_008,1,large_component,0.5,50,0.98,3,9168,880,592,33,1
tumor_008,1,micro_cluster,0.5,50,0.98,3,9168,880,592,33,1
tumor_008,1,hybrid,0.5,50,0.98,3,9168,880,592,33,1
tumor_009,1,large_component,0.5,50,0.98,3,37186,19924,13988,3907,1
tumor_009,1,micro_cluster,0.5,50,0.98,3,37186,19924,13988,3907,1
tumor_009,1,hybrid,0.5,50,0.98,3,37186,19924,13988,3907,1
tumor_010,1,large_component,0.5,50,0.98,3,6349,220,575,31,1
tumor_010,1,micro_cluster,0.5,50,0.98,3,6349,220,575,31,1
tumor_010,1,hybrid,0.5,50,0.98,3,6349,220,575,31,1
normal_001,0,large_component,0.5,50,0.98,3,140,18,4,2,0
normal_001,0,micro_cluster,0.5,50,0.98,3,140,18,4,2,0
normal_001,0,hybrid,0.5,50,0.98,3,140,18,4,2,0
normal_002,0,large_component,0.5,50,0.98,3,401,19,14,2,0
normal_002,0,micro_cluster,0.5,50,0.98,3,401,19,14,2,0
normal_002,0,hybrid,0.5,50,0.98,3,401,19,14,2,0
normal_003,0,large_component,0.5,50,0.98,3,535,19,17,2,0
normal_003,0,micro_cluster,0.5,50,0.98,3,535,19,17,2,0
normal_003,0,hybrid,0.5,50,0.98,3,535,19,17,2,0
normal_004,0,large_component,0.5,50,0.98,3,192,10,14,3,0
normal_004,0,micro_cluster,0.5,50,0.98,3,192,10,14,3,1
normal_004,0,hybrid,0.5,50,0.98,3,192,10,14,3,1
normal_005,0,large_component,0.5,50,0.98,3,292,20,17,3,0
normal_005,0,micro_cluster,0.5,50,0.98,3,292,20,17,3,1
normal_005,0,hybrid,0.5,50,0.98,3,292,20,17,3,1
normal_006,0,large_component,0.5,50,0.98,3,181,15,14,4,0
normal_006,0,micro_cluster,0.5,50,0.98,3,181,15,14,4,1
normal_006,0,hybrid,0.5,50,0.98,3,181,15,14,4,1
normal_007,0,large_component,0.5,50,0.98,3,240,21,18,8,0
normal_007,0,micro_cluster,0.5,50,0.98,3,240,21,18,8,1
normal_007,0,hybrid,0.5,50,0.98,3,240,21,18,8,1
normal_008,0,large_component,0.5,50,0.98,3,262,30,22,8,0
normal_008,0,micro_cluster,0.5,50,0.98,3,262,30,22,8,1
normal_008,0,hybrid,0.5,50,0.98,3,262,30,22,8,1
normal_009,0,large_component,0.5,50,0.98,3,781,16,20,4,0
normal_009,0,micro_cluster,0.5,50,0.98,3,781,16,20,4,1
normal_009,0,hybrid,0.5,50,0.98,3,781,16,20,4,1
normal_010,0,large_component,0.5,50,0.98,3,316,28,22,4,0
normal_010,0,micro_cluster,0.5,50,0.98,3,316,28,22,4,1
normal_010,0,hybrid,0.5,50,0.98,3,316,28,22,4,1
tumor_001,1,large_component,0.5,50,0.98,5,6299,1487,1567,738,1
tumor_001,1,micro_cluster,0.5,50,0.98,5,6299,1487,1567,738,1
tumor_001,1,hybrid,0.5,50,0.98,5,6299,1487,1567,738,1
tumor_002,1,large_component,0.5,50,0.98,5,1382,40,72,7,0
tumor_002,1,micro_cluster,0.5,50,0.98,5,1382,40,72,7,1
tumor_002,1,hybrid,0.5,50,0.98,5,1382,40,72,7,1
tumor_003,1,large_component,0.5,50,0.98,5,2268,332,521,280,1
tumor_003,1,micro_cluster,0.5,50,0.98,5,2268,332,521,280,1
tumor_003,1,hybrid,0.5,50,0.98,5,2268,332,521,280,1
tumor_004,1,large_component,0.5,50,0.98,5,955,50,83,28,1
tumor_004,1,micro_cluster,0.5,50,0.98,5,955,50,83,28,1
tumor_004,1,hybrid,0.5,50,0.98,5,955,50,83,28,1
tumor_005,1,large_component,0.5,50,0.98,5,406,138,126,82,1
tumor_005,1,micro_cluster,0.5,50,0.98,5,406,138,126,82,1
tumor_005,1,hybrid,0.5,50,0.98,5,406,138,126,82,1
tumor_006,1,large_component,0.5,50,0.98,5,4426,85,332,46,1
tumor_006,1,micro_cluster,0.5,50,0.98,5,4426,85,332,46,1
tumor_006,1,hybrid,0.5,50,0.98,5,4426,85,332,46,1
tumor_007,1,large_component,0.5,50,0.98,5,5127,139,428,96,1
tumor_007,1,micro_cluster,0.5,50,0.98,5,5127,139,428,96,1
tumor_007,1,hybrid,0.5,50,0.98,5,5127,139,428,96,1
tumor_008,1,large_component,0.5,50,0.98,5,9168,880,592,33,1
tumor_008,1,micro_cluster,0.5,50,0.98,5,9168,880,592,33,1
tumor_008,1,hybrid,0.5,50,0.98,5,9168,880,592,33,1
tumor_009,1,large_component,0.5,50,0.98,5,37186,19924,13988,3907,1
tumor_009,1,micro_cluster,0.5,50,0.98,5,37186,19924,13988,3907,1
tumor_009,1,hybrid,0.5,50,0.98,5,37186,19924,13988,3907,1
tumor_010,1,large_component,0.5,50,0.98,5,6349,220,575,31,1
tumor_010,1,micro_cluster,0.5,50,0.98,5,6349,220,575,31,1
tumor_010,1,hybrid,0.5,50,0.98,5,6349,220,575,31,1
normal_001,0,large_component,0.5,50,0.98,5,140,18,4,2,0
normal_001,0,micro_cluster,0.5,50,0.98,5,140,18,4,2,0
normal_001,0,hybrid,0.5,50,0.98,5,140,18,4,2,0
normal_002,0,large_component,0.5,50,0.98,5,401,19,14,2,0
normal_002,0,micro_cluster,0.5,50,0.98,5,401,19,14,2,0
normal_002,0,hybrid,0.5,50,0.98,5,401,19,14,2,0
normal_003,0,large_component,0.5,50,0.98,5,535,19,17,2,0
normal_003,0,micro_cluster,0.5,50,0.98,5,535,19,17,2,0
normal_003,0,hybrid,0.5,50,0.98,5,535,19,17,2,0
normal_004,0,large_component,0.5,50,0.98,5,192,10,14,3,0
normal_004,0,micro_cluster,0.5,50,0.98,5,192,10,14,3,0
normal_004,0,hybrid,0.5,50,0.98,5,192,10,14,3,0
normal_005,0,large_component,0.5,50,0.98,5,292,20,17,3,0
normal_005,0,micro_cluster,0.5,50,0.98,5,292,20,17,3,0
normal_005,0,hybrid,0.5,50,0.98,5,292,20,17,3,0
normal_006,0,large_component,0.5,50,0.98,5,181,15,14,4,0
normal_006,0,micro_cluster,0.5,50,0.98,5,181,15,14,4,0
normal_006,0,hybrid,0.5,50,0.98,5,181,15,14,4,0
normal_007,0,large_component,0.5,50,0.98,5,240,21,18,8,0
normal_007,0,micro_cluster,0.5,50,0.98,5,240,21,18,8,1
normal_007,0,hybrid,0.5,50,0.98,5,240,21,18,8,1
normal_008,0,large_component,0.5,50,0.98,5,262,30,22,8,0
normal_008,0,micro_cluster,0.5,50,0.98,5,262,30,22,8,1
normal_008,0,hybrid,0.5,50,0.98,5,262,30,22,8,1
normal_009,0,large_component,0.5,50,0.98,5,781,16,20,4,0
normal_009,0,micro_cluster,0.5,50,0.98,5,781,16,20,4,0
normal_009,0,hybrid,0.5,50,0.98,5,781,16,20,4,0
normal_010,0,large_component,0.5,50,0.98,5,316,28,22,4,0
normal_010,0,micro_cluster,0.5,50,0.98,5,316,28,22,4,0
normal_010,0,hybrid,0.5,50,0.98,5,316,28,22,4,0
tumor_001,1,large_component,0.5,50,0.95,2,6299,1487,2145,818,1
tumor_001,1,micro_cluster,0.5,50,0.95,2,6299,1487,2145,818,1
tumor_001,1,hybrid,0.5,50,0.95,2,6299,1487,2145,818,1
tumor_002,1,large_component,0.5,50,0.95,2,1382,40,163,9,0
tumor_002,1,micro_cluster,0.5,50,0.95,2,1382,40,163,9,1
tumor_002,1,hybrid,0.5,50,0.95,2,1382,40,163,9,1
tumor_003,1,large_component,0.5,50,0.95,2,2268,332,652,299,1
tumor_003,1,micro_cluster,0.5,50,0.95,2,2268,332,652,299,1
tumor_003,1,hybrid,0.5,50,0.95,2,2268,332,652,299,1
tumor_004,1,large_component,0.5,50,0.95,2,955,50,143,37,1
tumor_004,1,micro_cluster,0.5,50,0.95,2,955,50,143,37,1
tumor_004,1,hybrid,0.5,50,0.95,2,955,50,143,37,1
tumor_005,1,large_component,0.5,50,0.95,2,406,138,145,89,1
tumor_005,1,micro_cluster,0.5,50,0.95,2,406,138,145,89,1
tumor_005,1,hybrid,0.5,50,0.95,2,406,138,145,89,1
tumor_006,1,large_component,0.5,50,0.95,2,4426,85,660,51,1
tumor_006,1,micro_cluster,0.5,50,0.95,2,4426,85,660,51,1
tumor_006,1,hybrid,0.5,50,0.95,2,4426,85,660,51,1
tumor_007,1,large_component,0.5,50,0.95,2,5127,139,776,101,1
tumor_007,1,micro_cluster,0.5,50,0.95,2,5127,139,776,101,1
tumor_007,1,hybrid,0.5,50,0.95,2,5127,139,776,101,1
tumor_008,1,large_component,0.5,50,0.95,2,9168,880,1187,65,1
tumor_008,1,micro_cluster,0.5,50,0.95,2,9168,880,1187,65,1
tumor_008,1,hybrid,0.5,50,0.95,2,9168,880,1187,65,1
tumor_009,1,large_component,0.5,50,0.95,2,37186,19924,18879,5106,1
tumor_009,1,micro_cluster,0.5,50,0.95,2,37186,19924,18879,5106,1
tumor_009,1,hybrid,0.5,50,0.95,2,37186,19924,18879,5106,1
tumor_010,1,large_component,0.5,50,0.95,2,6349,220,1075,37,1
tumor_010,1,micro_cluster,0.5,50,0.95,2,6349,220,1075,37,1
tumor_010,1,hybrid,0.5,50,0.95,2,6349,220,1075,37,1
normal_001,0,large_component,0.5,50,0.95,2,140,18,11,4,0
normal_001,0,micro_cluster,0.5,50,0.95,2,140,18,11,4,1
normal_001,0,hybrid,0.5,50,0.95,2,140,18,11,4,1
normal_002,0,large_component,0.5,50,0.95,2,401,19,30,6,0
normal_002,0,micro_cluster,0.5,50,0.95,2,401,19,30,6,1
normal_002,0,hybrid,0.5,50,0.95,2,401,19,30,6,1
normal_003,0,large_component,0.5,50,0.95,2,535,19,45,3,0
normal_003,0,micro_cluster,0.5,50,0.95,2,535,19,45,3,1
normal_003,0,hybrid,0.5,50,0.95,2,535,19,45,3,1
normal_004,0,large_component,0.5,50,0.95,2,192,10,27,3,0
normal_004,0,micro_cluster,0.5,50,0.95,2,192,10,27,3,1
normal_004,0,hybrid,0.5,50,0.95,2,192,10,27,3,1
normal_005,0,large_component,0.5,50,0.95,2,292,20,35,4,0
normal_005,0,micro_cluster,0.5,50,0.95,2,292,20,35,4,1
normal_005,0,hybrid,0.5,50,0.95,2,292,20,35,4,1
normal_006,0,large_component,0.5,50,0.95,2,181,15,30,6,0
normal_006,0,micro_cluster,0.5,50,0.95,2,181,15,30,6,1
normal_006,0,hybrid,0.5,50,0.95,2,181,15,30,6,1
normal_007,0,large_component,0.5,50,0.95,2,240,21,23,10,0
normal_007,0,micro_cluster,0.5,50,0.95,2,240,21,23,10,1
normal_007,0,hybrid,0.5,50,0.95,2,240,21,23,10,1
normal_008,0,large_component,0.5,50,0.95,2,262,30,47,11,0
normal_008,0,micro_cluster,0.5,50,0.95,2,262,30,47,11,1
normal_008,0,hybrid,0.5,50,0.95,2,262,30,47,11,1
normal_009,0,large_component,0.5,50,0.95,2,781,16,43,4,0
normal_009,0,micro_cluster,0.5,50,0.95,2,781,16,43,4,1
normal_009,0,hybrid,0.5,50,0.95,2,781,16,43,4,1
normal_010,0,large_component,0.5,50,0.95,2,316,28,43,6,0
normal_010,0,micro_cluster,0.5,50,0.95,2,316,28,43,6,1
normal_010,0,hybrid,0.5,50,0.95,2,316,28,43,6,1
tumor_001,1,large_component,0.5,50,0.95,3,6299,1487,2145,818,1
tumor_001,1,micro_cluster,0.5,50,0.95,3,6299,1487,2145,818,1
tumor_001,1,hybrid,0.5,50,0.95,3,6299,1487,2145,818,1
tumor_002,1,large_component,0.5,50,0.95,3,1382,40,163,9,0
tumor_002,1,micro_cluster,0.5,50,0.95,3,1382,40,163,9,1
tumor_002,1,hybrid,0.5,50,0.95,3,1382,40,163,9,1
tumor_003,1,large_component,0.5,50,0.95,3,2268,332,652,299,1
tumor_003,1,micro_cluster,0.5,50,0.95,3,2268,332,652,299,1
tumor_003,1,hybrid,0.5,50,0.95,3,2268,332,652,299,1
tumor_004,1,large_component,0.5,50,0.95,3,955,50,143,37,1
tumor_004,1,micro_cluster,0.5,50,0.95,3,955,50,143,37,1
tumor_004,1,hybrid,0.5,50,0.95,3,955,50,143,37,1
tumor_005,1,large_component,0.5,50,0.95,3,406,138,145,89,1
tumor_005,1,micro_cluster,0.5,50,0.95,3,406,138,145,89,1
tumor_005,1,hybrid,0.5,50,0.95,3,406,138,145,89,1
tumor_006,1,large_component,0.5,50,0.95,3,4426,85,660,51,1
tumor_006,1,micro_cluster,0.5,50,0.95,3,4426,85,660,51,1
tumor_006,1,hybrid,0.5,50,0.95,3,4426,85,660,51,1
tumor_007,1,large_component,0.5,50,0.95,3,5127,139,776,101,1
tumor_007,1,micro_cluster,0.5,50,0.95,3,5127,139,776,101,1
tumor_007,1,hybrid,0.5,50,0.95,3,5127,139,776,101,1
tumor_008,1,large_component,0.5,50,0.95,3,9168,880,1187,65,1
tumor_008,1,micro_cluster,0.5,50,0.95,3,9168,880,1187,65,1
tumor_008,1,hybrid,0.5,50,0.95,3,9168,880,1187,65,1
tumor_009,1,large_component,0.5,50,0.95,3,37186,19924,18879,5106,1
tumor_009,1,micro_cluster,0.5,50,0.95,3,37186,19924,18879,5106,1
tumor_009,1,hybrid,0.5,50,0.95,3,37186,19924,18879,5106,1
tumor_010,1,large_component,0.5,50,0.95,3,6349,220,1075,37,1
tumor_010,1,micro_cluster,0.5,50,0.95,3,6349,220,1075,37,1
tumor_010,1,hybrid,0.5,50,0.95,3,6349,220,1075,37,1
normal_001,0,large_component,0.5,50,0.95,3,140,18,11,4,0
normal_001,0,micro_cluster,0.5,50,0.95,3,140,18,11,4,1
normal_001,0,hybrid,0.5,50,0.95,3,140,18,11,4,1
normal_002,0,large_component,0.5,50,0.95,3,401,19,30,6,0
normal_002,0,micro_cluster,0.5,50,0.95,3,401,19,30,6,1
normal_002,0,hybrid,0.5,50,0.95,3,401,19,30,6,1
normal_003,0,large_component,0.5,50,0.95,3,535,19,45,3,0
normal_003,0,micro_cluster,0.5,50,0.95,3,535,19,45,3,1
normal_003,0,hybrid,0.5,50,0.95,3,535,19,45,3,1
normal_004,0,large_component,0.5,50,0.95,3,192,10,27,3,0
normal_004,0,micro_cluster,0.5,50,0.95,3,192,10,27,3,1
normal_004,0,hybrid,0.5,50,0.95,3,192,10,27,3,1
normal_005,0,large_component,0.5,50,0.95,3,292,20,35,4,0
normal_005,0,micro_cluster,0.5,50,0.95,3,292,20,35,4,1
normal_005,0,hybrid,0.5,50,0.95,3,292,20,35,4,1
normal_006,0,large_component,0.5,50,0.95,3,181,15,30,6,0
normal_006,0,micro_cluster,0.5,50,0.95,3,181,15,30,6,1
normal_006,0,hybrid,0.5,50,0.95,3,181,15,30,6,1
normal_007,0,large_component,0.5,50,0.95,3,240,21,23,10,0
normal_007,0,micro_cluster,0.5,50,0.95,3,240,21,23,10,1
normal_007,0,hybrid,0.5,50,0.95,3,240,21,23,10,1
normal_008,0,large_component,0.5,50,0.95,3,262,30,47,11,0
normal_008,0,micro_cluster,0.5,50,0.95,3,262,30,47,11,1
normal_008,0,hybrid,0.5,50,0.95,3,262,30,47,11,1
normal_009,0,large_component,0.5,50,0.95,3,781,16,43,4,0
normal_009,0,micro_cluster,0.5,50,0.95,3,781,16,43,4,1
normal_009,0,hybrid,0.5,50,0.95,3,781,16,43,4,1
normal_010,0,large_component,0.5,50,0.95,3,316,28,43,6,0
normal_010,0,micro_cluster,0.5,50,0.95,3,316,28,43,6,1
normal_010,0,hybrid,0.5,50,0.95,3,316,28,43,6,1
tumor_001,1,large_component,0.5,50,0.95,5,6299,1487,2145,818,1
tumor_001,1,micro_cluster,0.5,50,0.95,5,6299,1487,2145,818,1
tumor_001,1,hybrid,0.5,50,0.95,5,6299,1487,2145,818,1
tumor_002,1,large_component,0.5,50,0.95,5,1382,40,163,9,0
tumor_002,1,micro_cluster,0.5,50,0.95,5,1382,40,163,9,1
tumor_002,1,hybrid,0.5,50,0.95,5,1382,40,163,9,1
tumor_003,1,large_component,0.5,50,0.95,5,2268,332,652,299,1
tumor_003,1,micro_cluster,0.5,50,0.95,5,2268,332,652,299,1
tumor_003,1,hybrid,0.5,50,0.95,5,2268,332,652,299,1
tumor_004,1,large_component,0.5,50,0.95,5,955,50,143,37,1
tumor_004,1,micro_cluster,0.5,50,0.95,5,955,50,143,37,1
tumor_004,1,hybrid,0.5,50,0.95,5,955,50,143,37,1
tumor_005,1,large_component,0.5,50,0.95,5,406,138,145,89,1
tumor_005,1,micro_cluster,0.5,50,0.95,5,406,138,145,89,1
tumor_005,1,hybrid,0.5,50,0.95,5,406,138,145,89,1
tumor_006,1,large_component,0.5,50,0.95,5,4426,85,660,51,1
tumor_006,1,micro_cluster,0.5,50,0.95,5,4426,85,660,51,1
tumor_006,1,hybrid,0.5,50,0.95,5,4426,85,660,51,1
tumor_007,1,large_component,0.5,50,0.95,5,5127,139,776,101,1
tumor_007,1,micro_cluster,0.5,50,0.95,5,5127,139,776,101,1
tumor_007,1,hybrid,0.5,50,0.95,5,5127,139,776,101,1
tumor_008,1,large_component,0.5,50,0.95,5,9168,880,1187,65,1
tumor_008,1,micro_cluster,0.5,50,0.95,5,9168,880,1187,65,1
tumor_008,1,hybrid,0.5,50,0.95,5,9168,880,1187,65,1
tumor_009,1,large_component,0.5,50,0.95,5,37186,19924,18879,5106,1
tumor_009,1,micro_cluster,0.5,50,0.95,5,37186,19924,18879,5106,1
tumor_009,1,hybrid,0.5,50,0.95,5,37186,19924,18879,5106,1
tumor_010,1,large_component,0.5,50,0.95,5,6349,220,1075,37,1
tumor_010,1,micro_cluster,0.5,50,0.95,5,6349,220,1075,37,1
tumor_010,1,hybrid,0.5,50,0.95,5,6349,220,1075,37,1
normal_001,0,large_component,0.5,50,0.95,5,140,18,11,4,0
normal_001,0,micro_cluster,0.5,50,0.95,5,140,18,11,4,0
normal_001,0,hybrid,0.5,50,0.95,5,140,18,11,4,0
normal_002,0,large_component,0.5,50,0.95,5,401,19,30,6,0
normal_002,0,micro_cluster,0.5,50,0.95,5,401,19,30,6,1
normal_002,0,hybrid,0.5,50,0.95,5,401,19,30,6,1
normal_003,0,large_component,0.5,50,0.95,5,535,19,45,3,0
normal_003,0,micro_cluster,0.5,50,0.95,5,535,19,45,3,0
normal_003,0,hybrid,0.5,50,0.95,5,535,19,45,3,0
normal_004,0,large_component,0.5,50,0.95,5,192,10,27,3,0
normal_004,0,micro_cluster,0.5,50,0.95,5,192,10,27,3,0
normal_004,0,hybrid,0.5,50,0.95,5,192,10,27,3,0
normal_005,0,large_component,0.5,50,0.95,5,292,20,35,4,0
normal_005,0,micro_cluster,0.5,50,0.95,5,292,20,35,4,0
normal_005,0,hybrid,0.5,50,0.95,5,292,20,35,4,0
normal_006,0,large_component,0.5,50,0.95,5,181,15,30,6,0
normal_006,0,micro_cluster,0.5,50,0.95,5,181,15,30,6,1
normal_006,0,hybrid,0.5,50,0.95,5,181,15,30,6,1
normal_007,0,large_component,0.5,50,0.95,5,240,21,23,10,0
normal_007,0,micro_cluster,0.5,50,0.95,5,240,21,23,10,1
normal_007,0,hybrid,0.5,50,0.95,5,240,21,23,10,1
normal_008,0,large_component,0.5,50,0.95,5,262,30,47,11,0
normal_008,0,micro_cluster,0.5,50,0.95,5,262,30,47,11,1
normal_008,0,hybrid,0.5,50,0.95,5,262,30,47,11,1
normal_009,0,large_component,0.5,50,0.95,5,781,16,43,4,0
normal_009,0,micro_cluster,0.5,50,0.95,5,781,16,43,4,0
normal_009,0,hybrid,0.5,50,0.95,5,781,16,43,4,0
normal_010,0,large_component,0.5,50,0.95,5,316,28,43,6,0
normal_010,0,micro_cluster,0.5,50,0.95,5,316,28,43,6,1
normal_010,0,hybrid,0.5,50,0.95,5,316,28,43,6,1
